ticker,filed,end,shares,source
AAL,2010-07-21,2010-07-14,333050087,dei:EntityCommonStockSharesOutstanding
AAL,2010-10-20,2010-10-13,333286221,dei:EntityCommonStockSharesOutstanding
AAL,2011-02-16,2011-02-09,333435431,dei:EntityCommonStockSharesOutstanding
AAL,2011-04-20,2011-04-14,333461642,dei:EntityCommonStockSharesOutstanding
AAL,2011-07-20,2011-07-14,335207279,dei:EntityCommonStockSharesOutstanding
AAL,2011-10-19,2011-10-13,335227024,dei:EntityCommonStockSharesOutstanding
AAL,2012-02-15,2012-02-07,335271557,dei:EntityCommonStockSharesOutstanding
AAL,2012-04-19,2012-04-11,335271557,dei:EntityCommonStockSharesOutstanding
AAL,2012-07-18,2012-07-10,335271557,dei:EntityCommonStockSharesOutstanding
AAL,2012-10-17,2012-10-10,335271557,dei:EntityCommonStockSharesOutstanding
AAL,2013-02-20,2013-02-13,335271557,dei:EntityCommonStockSharesOutstanding
AAL,2013-04-18,2013-04-10,335271557,dei:EntityCommonStockSharesOutstanding
AAL,2013-07-18,2013-07-10,335525399,dei:EntityCommonStockSharesOutstanding
AAL,2013-10-17,2013-10-10,335598131,dei:EntityCommonStockSharesOutstanding
AAL,2014-02-28,2014-02-21,471517102,dei:EntityCommonStockSharesOutstanding
AAL,2014-04-24,2014-04-16,720196221,dei:EntityCommonStockSharesOutstanding
AAL,2014-07-24,2014-07-18,720102826,dei:EntityCommonStockSharesOutstanding
AAL,2014-10-23,2014-10-17,717263563,dei:EntityCommonStockSharesOutstanding
AAL,2015-02-25,2015-02-20,696649850,dei:EntityCommonStockSharesOutstanding
AAL,2015-04-24,2015-04-17,692798851,dei:EntityCommonStockSharesOutstanding
AAL,2015-07-24,2015-07-17,671820576,dei:EntityCommonStockSharesOutstanding
AAL,2015-10-23,2015-10-16,630325539,dei:EntityCommonStockSharesOutstanding
AAL,2016-02-24,2016-02-19,603018015,dei:EntityCommonStockSharesOutstanding
AAL,2016-04-22,2016-04-15,578171736,dei:EntityCommonStockSharesOutstanding
AAL,2016-07-22,2016-07-15,529913365,dei:EntityCommonStockSharesOutstanding
AAL,2016-10-20,2016-10-14,518125156,dei:EntityCommonStockSharesOutstanding
AAL,2017-02-22,2017-02-17,504154397,dei:EntityCommonStockSharesOutstanding
AAL,2017-04-27,2017-04-21,492588818,dei:EntityCommonStockSharesOutstanding
AAL,2017-07-28,2017-07-21,487009215,dei:EntityCommonStockSharesOutstanding
AAL,2017-10-26,2017-10-20,478499073,dei:EntityCommonStockSharesOutstanding
AAL,2018-02-21,2018-02-16,473138683,dei:EntityCommonStockSharesOutstanding
AAL,2018-04-26,2018-04-20,468152649,dei:EntityCommonStockSharesOutstanding
AAL,2018-07-26,2018-07-20,460509216,dei:EntityCommonStockSharesOutstanding
AAL,2018-10-25,2018-10-19,460581463,dei:EntityCommonStockSharesOutstanding
AAL,2019-02-25,2019-02-20,449055548,dei:EntityCommonStockSharesOutstanding
AAL,2019-04-26,2019-04-22,444835115,dei:EntityCommonStockSharesOutstanding
AAL,2019-07-25,2019-07-19,445270728,dei:EntityCommonStockSharesOutstanding
AAL,2019-10-24,2019-10-18,438057971,dei:EntityCommonStockSharesOutstanding
AAL,2020-02-19,2020-02-14,426058744,dei:EntityCommonStockSharesOutstanding
AAL,2020-04-30,2020-04-24,422894501,dei:EntityCommonStockSharesOutstanding
AAL,2020-07-23,2020-07-17,508561163,dei:EntityCommonStockSharesOutstanding
AAL,2020-10-22,2020-10-16,508631777,dei:EntityCommonStockSharesOutstanding
AAL,2021-02-17,2021-02-12,639675800,dei:EntityCommonStockSharesOutstanding
AAL,2021-04-22,2021-04-16,641383123,dei:EntityCommonStockSharesOutstanding
AAL,2021-07-22,2021-07-16,647457831,dei:EntityCommonStockSharesOutstanding
AAL,2021-10-21,2021-10-15,647514522,dei:EntityCommonStockSharesOutstanding
AAL,2022-02-22,2022-02-18,649160117,dei:EntityCommonStockSharesOutstanding
AAL,2022-04-21,2022-04-14,649514848,dei:EntityCommonStockSharesOutstanding
AAL,2022-07-21,2022-07-15,649845927,dei:EntityCommonStockSharesOutstanding
AAL,2022-10-20,2022-10-14,649900887,dei:EntityCommonStockSharesOutstanding
AAL,2023-02-22,2023-02-17,651430518,dei:EntityCommonStockSharesOutstanding
AAL,2023-04-27,2023-04-21,652862508,dei:EntityCommonStockSharesOutstanding
AAL,2023-07-20,2023-07-14,653362436,dei:EntityCommonStockSharesOutstanding
AAL,2023-10-19,2023-10-13,653540550,dei:EntityCommonStockSharesOutstanding
AAL,2024-02-21,2024-02-16,654756816,dei:EntityCommonStockSharesOutstanding
AAL,2024-04-25,2024-04-19,656090344,dei:EntityCommonStockSharesOutstanding
AAL,2024-07-25,2024-07-19,656703913,dei:EntityCommonStockSharesOutstanding
AAL,2024-10-24,2024-10-18,657130996,dei:EntityCommonStockSharesOutstanding
AAL,2025-02-19,2025-02-14,657575582,dei:EntityCommonStockSharesOutstanding
AAL,2025-04-24,2025-04-17,659512341,dei:EntityCommonStockSharesOutstanding
AAL,2025-07-24,2025-07-18,659828821,dei:EntityCommonStockSharesOutstanding
AAL,2025-10-23,2025-10-17,660086495,dei:EntityCommonStockSharesOutstanding
AAL,2026-02-18,2026-02-13,660304573,dei:EntityCommonStockSharesOutstanding
AAL,2026-04-23,2026-04-17,661385137,dei:EntityCommonStockSharesOutstanding
AAPL,2009-07-22,2009-06-27,895816758,dei:EntityCommonStockSharesOutstanding
AAPL,2009-10-27,2009-10-16,900678473,dei:EntityCommonStockSharesOutstanding
AAPL,2010-01-25,2010-01-15,906794589,dei:EntityCommonStockSharesOutstanding
AAPL,2010-04-21,2010-04-09,909938383,dei:EntityCommonStockSharesOutstanding
AAPL,2010-07-21,2010-07-09,913562880,dei:EntityCommonStockSharesOutstanding
AAPL,2010-10-27,2010-10-15,917307099,dei:EntityCommonStockSharesOutstanding
AAPL,2011-01-19,2011-01-07,921278012,dei:EntityCommonStockSharesOutstanding
AAPL,2011-04-21,2011-04-08,924754561,dei:EntityCommonStockSharesOutstanding
AAPL,2011-07-20,2011-07-08,927090886,dei:EntityCommonStockSharesOutstanding
AAPL,2011-10-26,2011-10-14,929409000,dei:EntityCommonStockSharesOutstanding
AAPL,2012-01-25,2012-01-13,932370000,dei:EntityCommonStockSharesOutstanding
AAPL,2012-04-25,2012-04-13,935062000,dei:EntityCommonStockSharesOutstanding
AAPL,2012-07-25,2012-07-13,937406000,dei:EntityCommonStockSharesOutstanding
AAPL,2012-10-31,2012-10-19,940692000,dei:EntityCommonStockSharesOutstanding
AAPL,2013-01-24,2013-01-11,939058000,dei:EntityCommonStockSharesOutstanding
AAPL,2013-04-24,2013-04-12,938649000,dei:EntityCommonStockSharesOutstanding
AAPL,2013-07-24,2013-07-12,908497000,dei:EntityCommonStockSharesOutstanding
AAPL,2013-10-30,2013-10-18,899738000,dei:EntityCommonStockSharesOutstanding
AAPL,2014-01-28,2014-01-10,891989000,dei:EntityCommonStockSharesOutstanding
AAPL,2014-04-24,2014-04-11,861381000,dei:EntityCommonStockSharesOutstanding
AAPL,2014-07-23,2014-07-11,5987867000,dei:EntityCommonStockSharesOutstanding
AAPL,2014-10-27,2014-10-10,5864840000,dei:EntityCommonStockSharesOutstanding
AAPL,2015-01-28,2015-01-09,5824748000,dei:EntityCommonStockSharesOutstanding
AAPL,2015-04-28,2015-04-10,5761030000,dei:EntityCommonStockSharesOutstanding
AAPL,2015-07-22,2015-07-10,5702722000,dei:EntityCommonStockSharesOutstanding
AAPL,2015-10-28,2015-10-09,5575331000,dei:EntityCommonStockSharesOutstanding
AAPL,2016-01-27,2016-01-08,5544583000,dei:EntityCommonStockSharesOutstanding
AAPL,2016-04-27,2016-04-08,5477425000,dei:EntityCommonStockSharesOutstanding
AAPL,2016-07-27,2016-07-15,5388443000,dei:EntityCommonStockSharesOutstanding
AAPL,2016-10-26,2016-10-14,5332313000,dei:EntityCommonStockSharesOutstanding
AAPL,2017-02-01,2017-01-20,5246540000,dei:EntityCommonStockSharesOutstanding
AAPL,2017-05-03,2017-04-21,5213840000,dei:EntityCommonStockSharesOutstanding
AAPL,2017-08-02,2017-07-21,5165228000,dei:EntityCommonStockSharesOutstanding
AAPL,2017-11-03,2017-10-20,5134312000,dei:EntityCommonStockSharesOutstanding
AAPL,2018-02-02,2018-01-19,5074013000,dei:EntityCommonStockSharesOutstanding
AAPL,2018-05-02,2018-04-20,4915138000,dei:EntityCommonStockSharesOutstanding
AAPL,2018-08-01,2018-07-20,4829926000,dei:EntityCommonStockSharesOutstanding
AAPL,2018-11-05,2018-10-26,4745398000,dei:EntityCommonStockSharesOutstanding
AAPL,2019-01-30,2019-01-18,4715280000,dei:EntityCommonStockSharesOutstanding
AAPL,2019-05-01,2019-04-22,4601075000,dei:EntityCommonStockSharesOutstanding
AAPL,2019-07-31,2019-07-19,4519180000,dei:EntityCommonStockSharesOutstanding
AAPL,2019-10-31,2019-10-18,4443265000,dei:EntityCommonStockSharesOutstanding
AAPL,2020-01-29,2020-01-17,4375480000,dei:EntityCommonStockSharesOutstanding
AAPL,2020-05-01,2020-04-17,4334335000,dei:EntityCommonStockSharesOutstanding
AAPL,2020-07-31,2020-07-17,4275634000,dei:EntityCommonStockSharesOutstanding
AAPL,2020-10-30,2020-10-16,17001802000,dei:EntityCommonStockSharesOutstanding
AAPL,2021-01-28,2021-01-15,16788096000,dei:EntityCommonStockSharesOutstanding
AAPL,2021-04-29,2021-04-16,16687631000,dei:EntityCommonStockSharesOutstanding
AAPL,2021-07-28,2021-07-16,16530166000,dei:EntityCommonStockSharesOutstanding
AAPL,2021-10-29,2021-10-15,16406397000,dei:EntityCommonStockSharesOutstanding
AAPL,2022-01-28,2022-01-14,16319441000,dei:EntityCommonStockSharesOutstanding
AAPL,2022-04-29,2022-04-15,16185181000,dei:EntityCommonStockSharesOutstanding
AAPL,2022-07-29,2022-07-15,16070752000,dei:EntityCommonStockSharesOutstanding
AAPL,2022-10-28,2022-10-14,15908118000,dei:EntityCommonStockSharesOutstanding
AAPL,2023-02-03,2023-01-20,15821946000,dei:EntityCommonStockSharesOutstanding
AAPL,2023-05-05,2023-04-21,15728702000,dei:EntityCommonStockSharesOutstanding
AAPL,2023-08-04,2023-07-21,15634232000,dei:EntityCommonStockSharesOutstanding
AAPL,2023-11-03,2023-10-20,15552752000,dei:EntityCommonStockSharesOutstanding
AAPL,2024-02-02,2024-01-19,15441881000,dei:EntityCommonStockSharesOutstanding
AAPL,2024-05-03,2024-04-19,15334082000,dei:EntityCommonStockSharesOutstanding
AAPL,2024-08-02,2024-07-19,15204137000,dei:EntityCommonStockSharesOutstanding
AAPL,2024-11-01,2024-10-18,15115823000,dei:EntityCommonStockSharesOutstanding
AAPL,2025-01-31,2025-01-17,15022073000,dei:EntityCommonStockSharesOutstanding
AAPL,2025-05-02,2025-04-18,14935826000,dei:EntityCommonStockSharesOutstanding
AAPL,2025-08-01,2025-07-18,14840390000,dei:EntityCommonStockSharesOutstanding
AAPL,2025-10-31,2025-10-17,14776353000,dei:EntityCommonStockSharesOutstanding
AAPL,2026-01-30,2026-01-16,14681140000,dei:EntityCommonStockSharesOutstanding
AAPL,2026-05-01,2026-04-17,14687356000,dei:EntityCommonStockSharesOutstanding
ABNB,2021-05-14,2021-03-31,863469000,us-gaap:WeightedAverageNumberOfSharesOutstandingBasic
ABNB,2021-08-13,2021-06-30,1744649000,us-gaap:WeightedAverageNumberOfSharesOutstandingBasic
ABNB,2021-11-05,2021-09-30,1761186000,us-gaap:WeightedAverageNumberOfSharesOutstandingBasic
ABNB,2022-02-25,2021-12-31,1160810000,us-gaap:WeightedAverageNumberOfSharesOutstandingBasic
ABNB,2022-05-09,2022-03-31,635314000,us-gaap:WeightedAverageNumberOfSharesOutstandingBasic
ABNB,2022-08-03,2022-06-30,1275276000,us-gaap:WeightedAverageNumberOfSharesOutstandingBasic
ABNB,2022-11-03,2022-09-30,1276181000,us-gaap:WeightedAverageNumberOfSharesOutstandingBasic
ABNB,2023-02-17,2022-12-31,1537000000,us-gaap:WeightedAverageNumberOfSharesOutstandingBasic
ABNB,2023-05-09,2023-03-31,1269000000,us-gaap:WeightedAverageNumberOfSharesOutstandingBasic
ABNB,2023-08-03,2023-06-30,2544000000,us-gaap:WeightedAverageNumberOfSharesOutstandingBasic
ABNB,2023-11-01,2023-09-30,2552000000,us-gaap:WeightedAverageNumberOfSharesOutstandingBasic
ABNB,2024-02-16,2023-12-31,637000000,us-gaap:WeightedAverageNumberOfSharesOutstandingBasic
ABNB,2024-05-08,2024-03-31,638000000,us-gaap:WeightedAverageNumberOfSharesOutstandingBasic
ABNB,2024-08-06,2024-06-30,1271000000,us-gaap:WeightedAverageNumberOfSharesOutstandingBasic
ABNB,2024-11-07,2024-09-30,1265000000,us-gaap:WeightedAverageNumberOfSharesOutstandingBasic
ABNB,2025-02-13,2024-12-31,632000000,us-gaap:WeightedAverageNumberOfSharesOutstandingBasic
ABNB,2025-05-01,2025-03-31,621000000,us-gaap:WeightedAverageNumberOfSharesOutstandingBasic
ABNB,2025-08-06,2025-06-30,1233000000,us-gaap:WeightedAverageNumberOfSharesOutstandingBasic
ABNB,2025-11-06,2025-09-30,1227000000,us-gaap:WeightedAverageNumberOfSharesOutstandingBasic
ABNB,2026-02-12,2025-12-31,613000000,us-gaap:WeightedAverageNumberOfSharesOutstandingBasic
ABNB,2026-05-07,2026-03-31,598000000,us-gaap:WeightedAverageNumberOfSharesOutstandingBasic
ADBE,2009-06-26,2009-06-19,524998013,dei:EntityCommonStockSharesOutstanding
ADBE,2009-10-01,2009-09-25,523760118,dei:EntityCommonStockSharesOutstanding
ADBE,2010-01-22,2010-06-15,524119635,dei:EntityCommonStockSharesOutstanding
ADBE,2010-04-09,2010-04-02,526422951,dei:EntityCommonStockSharesOutstanding
ADBE,2010-07-02,2010-06-25,525224418,dei:EntityCommonStockSharesOutstanding
ADBE,2010-10-08,2010-10-01,508716666,dei:EntityCommonStockSharesOutstanding
ADBE,2011-01-27,2011-01-21,504728145,dei:EntityCommonStockSharesOutstanding
ADBE,2011-04-08,2011-04-01,504458624,dei:EntityCommonStockSharesOutstanding
ADBE,2011-06-29,2011-06-24,493866593,dei:EntityCommonStockSharesOutstanding
ADBE,2011-10-07,2011-09-30,490895858,dei:EntityCommonStockSharesOutstanding
ADBE,2012-01-26,2012-01-20,493802690,dei:EntityCommonStockSharesOutstanding
ADBE,2012-03-30,2012-03-23,496126247,dei:EntityCommonStockSharesOutstanding
ADBE,2012-06-27,2012-06-22,491762581,dei:EntityCommonStockSharesOutstanding
ADBE,2012-09-27,2012-09-21,495054621,dei:EntityCommonStockSharesOutstanding
ADBE,2013-01-22,2013-01-18,498790943,dei:EntityCommonStockSharesOutstanding
ADBE,2013-03-28,2013-03-22,501936172,dei:EntityCommonStockSharesOutstanding
ADBE,2013-06-28,2013-06-21,502261330,dei:EntityCommonStockSharesOutstanding
ADBE,2013-10-03,2013-09-27,499887325,dei:EntityCommonStockSharesOutstanding
ADBE,2014-01-21,2014-01-17,496604463,dei:EntityCommonStockSharesOutstanding
ADBE,2014-03-28,2014-03-21,497730431,dei:EntityCommonStockSharesOutstanding
ADBE,2014-06-25,2014-06-20,497375239,dei:EntityCommonStockSharesOutstanding
ADBE,2014-09-25,2014-09-19,498738874,dei:EntityCommonStockSharesOutstanding
ADBE,2015-01-20,2015-01-16,498314061,dei:EntityCommonStockSharesOutstanding
ADBE,2015-03-25,2015-03-20,500269100,dei:EntityCommonStockSharesOutstanding
ADBE,2015-06-24,2015-06-19,497645374,dei:EntityCommonStockSharesOutstanding
ADBE,2015-09-23,2015-09-18,498799349,dei:EntityCommonStockSharesOutstanding
ADBE,2016-01-19,2016-01-15,498330407,dei:EntityCommonStockSharesOutstanding
ADBE,2016-03-30,2016-03-25,500209547,dei:EntityCommonStockSharesOutstanding
ADBE,2016-06-29,2016-06-24,498290892,dei:EntityCommonStockSharesOutstanding
ADBE,2016-09-27,2016-09-23,497227020,dei:EntityCommonStockSharesOutstanding
ADBE,2017-01-20,2017-01-13,494078475,dei:EntityCommonStockSharesOutstanding
ADBE,2017-03-29,2017-03-24,494697996,dei:EntityCommonStockSharesOutstanding
ADBE,2017-06-28,2017-06-23,493405675,dei:EntityCommonStockSharesOutstanding
ADBE,2017-09-27,2017-09-22,492943014,dei:EntityCommonStockSharesOutstanding
ADBE,2018-01-22,2018-01-12,491578529,dei:EntityCommonStockSharesOutstanding
ADBE,2018-03-28,2018-03-23,492470335,dei:EntityCommonStockSharesOutstanding
ADBE,2018-06-27,2018-06-22,489662656,dei:EntityCommonStockSharesOutstanding
ADBE,2018-09-26,2018-09-21,488133527,dei:EntityCommonStockSharesOutstanding
ADBE,2019-01-25,2019-01-18,487725915,dei:EntityCommonStockSharesOutstanding
ADBE,2019-03-27,2019-03-22,487950943,dei:EntityCommonStockSharesOutstanding
ADBE,2019-06-26,2019-06-21,485438762,dei:EntityCommonStockSharesOutstanding
ADBE,2019-09-26,2019-09-20,484078609,dei:EntityCommonStockSharesOutstanding
ADBE,2020-01-21,2020-01-10,482130975,dei:EntityCommonStockSharesOutstanding
ADBE,2020-03-25,2020-03-20,481800850,dei:EntityCommonStockSharesOutstanding
ADBE,2020-06-24,2020-06-19,479665239,dei:EntityCommonStockSharesOutstanding
ADBE,2020-09-23,2020-09-18,479718983,dei:EntityCommonStockSharesOutstanding
ADBE,2021-01-15,2021-01-08,478700000,dei:EntityCommonStockSharesOutstanding
ADBE,2021-03-31,2021-03-26,478000000,dei:EntityCommonStockSharesOutstanding
ADBE,2021-06-30,2021-06-25,476400000,dei:EntityCommonStockSharesOutstanding
ADBE,2021-09-29,2021-09-24,475800000,dei:EntityCommonStockSharesOutstanding
ADBE,2022-01-21,2022-01-14,471700000,dei:EntityCommonStockSharesOutstanding
ADBE,2022-03-30,2022-03-25,472500000,dei:EntityCommonStockSharesOutstanding
ADBE,2022-06-29,2022-06-24,468000000,dei:EntityCommonStockSharesOutstanding
ADBE,2022-09-28,2022-09-23,464900000,dei:EntityCommonStockSharesOutstanding
ADBE,2023-01-17,2023-01-06,457800000,dei:EntityCommonStockSharesOutstanding
ADBE,2023-03-29,2023-03-24,458700000,dei:EntityCommonStockSharesOutstanding
ADBE,2023-06-28,2023-06-23,455800000,dei:EntityCommonStockSharesOutstanding
ADBE,2023-09-27,2023-09-22,455300000,dei:EntityCommonStockSharesOutstanding
ADBE,2024-01-17,2024-01-05,452000000,dei:EntityCommonStockSharesOutstanding
ADBE,2024-03-27,2024-03-22,448000000,dei:EntityCommonStockSharesOutstanding
ADBE,2024-06-26,2024-06-21,443400000,dei:EntityCommonStockSharesOutstanding
ADBE,2024-09-25,2024-09-20,440200000,dei:EntityCommonStockSharesOutstanding
ADBE,2025-01-13,2025-01-03,435300000,dei:EntityCommonStockSharesOutstanding
ADBE,2025-03-26,2025-03-21,426200000,dei:EntityCommonStockSharesOutstanding
ADBE,2025-06-25,2025-06-20,424200000,dei:EntityCommonStockSharesOutstanding
ADBE,2025-09-24,2025-09-19,418600000,dei:EntityCommonStockSharesOutstanding
ADBE,2026-01-15,2026-01-09,410500000,dei:EntityCommonStockSharesOutstanding
ADBE,2026-03-25,2026-03-20,404200000,dei:EntityCommonStockSharesOutstanding
ADBE,2026-06-15,2026-06-11,397500000,dei:EntityCommonStockSharesOutstanding
ADI,2009-08-18,2009-08-01,291549108,dei:EntityCommonStockSharesOutstanding
ADI,2009-11-24,2009-10-31,291861767,dei:EntityCommonStockSharesOutstanding
ADI,2010-02-17,2010-01-30,297690739,dei:EntityCommonStockSharesOutstanding
ADI,2010-05-18,2010-05-01,297981270,dei:EntityCommonStockSharesOutstanding
ADI,2010-08-17,2010-07-31,298089485,dei:EntityCommonStockSharesOutstanding
ADI,2010-11-22,2010-10-30,298652994,dei:EntityCommonStockSharesOutstanding
ADI,2011-02-15,2011-01-29,299610446,dei:EntityCommonStockSharesOutstanding
ADI,2011-05-17,2011-04-30,299633520,dei:EntityCommonStockSharesOutstanding
ADI,2011-08-16,2011-07-30,299437920,dei:EntityCommonStockSharesOutstanding
ADI,2011-11-22,2011-10-29,297960718,dei:EntityCommonStockSharesOutstanding
ADI,2012-02-22,2012-02-04,297832028,dei:EntityCommonStockSharesOutstanding
ADI,2012-05-22,2012-05-05,298337925,dei:EntityCommonStockSharesOutstanding
ADI,2012-08-21,2012-08-04,298905593,dei:EntityCommonStockSharesOutstanding
ADI,2012-11-27,2012-11-03,301389176,dei:EntityCommonStockSharesOutstanding
ADI,2013-02-19,2013-02-02,305984586,dei:EntityCommonStockSharesOutstanding
ADI,2013-05-21,2013-05-04,308165416,dei:EntityCommonStockSharesOutstanding
ADI,2013-08-20,2013-08-03,310692734,dei:EntityCommonStockSharesOutstanding
ADI,2013-11-26,2013-11-02,311045084,dei:EntityCommonStockSharesOutstanding
ADI,2014-02-18,2014-02-01,312527904,dei:EntityCommonStockSharesOutstanding
ADI,2014-05-20,2014-05-03,314145403,dei:EntityCommonStockSharesOutstanding
ADI,2014-08-26,2014-08-02,314212784,dei:EntityCommonStockSharesOutstanding
ADI,2014-12-10,2014-11-01,311204926,dei:EntityCommonStockSharesOutstanding
ADI,2015-02-17,2015-01-31,311627385,dei:EntityCommonStockSharesOutstanding
ADI,2015-05-19,2015-05-02,313541685,dei:EntityCommonStockSharesOutstanding
ADI,2015-08-18,2015-08-01,313674772,dei:EntityCommonStockSharesOutstanding
ADI,2015-11-24,2015-10-31,312060682,dei:EntityCommonStockSharesOutstanding
ADI,2016-02-17,2016-01-30,310019122,dei:EntityCommonStockSharesOutstanding
ADI,2016-05-18,2016-04-30,307349804,dei:EntityCommonStockSharesOutstanding
ADI,2016-08-17,2016-07-30,307474197,dei:EntityCommonStockSharesOutstanding
ADI,2016-11-22,2016-10-29,308170560,dei:EntityCommonStockSharesOutstanding
ADI,2017-02-15,2017-01-28,309206677,dei:EntityCommonStockSharesOutstanding
ADI,2017-05-31,2017-04-29,367011463,dei:EntityCommonStockSharesOutstanding
ADI,2017-08-30,2017-07-29,367667745,dei:EntityCommonStockSharesOutstanding
ADI,2017-11-22,2017-10-28,368635788,dei:EntityCommonStockSharesOutstanding
ADI,2018-02-28,2018-02-03,369803589,dei:EntityCommonStockSharesOutstanding
ADI,2018-05-30,2018-05-05,370897292,dei:EntityCommonStockSharesOutstanding
ADI,2018-08-22,2018-08-04,371669966,dei:EntityCommonStockSharesOutstanding
ADI,2018-11-27,2018-11-03,370159553,dei:EntityCommonStockSharesOutstanding
ADI,2019-02-20,2019-02-02,368314314,dei:EntityCommonStockSharesOutstanding
ADI,2019-05-22,2019-05-04,369761227,dei:EntityCommonStockSharesOutstanding
ADI,2019-08-21,2019-08-03,369406136,dei:EntityCommonStockSharesOutstanding
ADI,2019-11-26,2019-11-02,368302369,dei:EntityCommonStockSharesOutstanding
ADI,2020-02-19,2020-02-01,368220091,dei:EntityCommonStockSharesOutstanding
ADI,2020-05-20,2020-05-02,368424615,dei:EntityCommonStockSharesOutstanding
ADI,2020-08-19,2020-08-01,369166257,dei:EntityCommonStockSharesOutstanding
ADI,2020-11-24,2020-10-31,369484899,dei:EntityCommonStockSharesOutstanding
ADI,2021-02-17,2021-01-30,368893742,dei:EntityCommonStockSharesOutstanding
ADI,2021-05-19,2021-05-01,368826918,dei:EntityCommonStockSharesOutstanding
ADI,2021-08-18,2021-07-31,368214341,dei:EntityCommonStockSharesOutstanding
ADI,2021-12-03,2021-10-30,525330672,dei:EntityCommonStockSharesOutstanding
ADI,2022-02-16,2022-01-29,523315130,dei:EntityCommonStockSharesOutstanding
ADI,2022-05-18,2022-04-30,519806028,dei:EntityCommonStockSharesOutstanding
ADI,2022-08-17,2022-07-30,514341531,dei:EntityCommonStockSharesOutstanding
ADI,2022-11-22,2022-10-29,509295941,dei:EntityCommonStockSharesOutstanding
ADI,2023-02-15,2023-01-28,505852499,dei:EntityCommonStockSharesOutstanding
ADI,2023-05-24,2023-04-29,501418304,dei:EntityCommonStockSharesOutstanding
ADI,2023-08-23,2023-07-29,498313956,dei:EntityCommonStockSharesOutstanding
ADI,2023-11-21,2023-10-28,496261678,dei:EntityCommonStockSharesOutstanding
ADI,2024-02-21,2024-02-03,495908150,dei:EntityCommonStockSharesOutstanding
ADI,2024-05-22,2024-05-04,496216857,dei:EntityCommonStockSharesOutstanding
ADI,2024-08-21,2024-08-03,496493455,dei:EntityCommonStockSharesOutstanding
ADI,2024-11-26,2024-11-02,496296854,dei:EntityCommonStockSharesOutstanding
ADI,2025-02-19,2025-02-01,495976483,dei:EntityCommonStockSharesOutstanding
ADI,2025-05-22,2025-05-03,496248196,dei:EntityCommonStockSharesOutstanding
ADI,2025-08-20,2025-08-02,491955436,dei:EntityCommonStockSharesOutstanding
ADI,2025-11-25,2025-11-01,489654097,dei:EntityCommonStockSharesOutstanding
ADI,2026-02-18,2026-01-31,488204157,dei:EntityCommonStockSharesOutstanding
ADI,2026-05-20,2026-05-02,487087040,dei:EntityCommonStockSharesOutstanding
ADP,2009-11-06,2009-10-30,504630728,dei:EntityCommonStockSharesOutstanding
ADP,2010-02-09,2010-01-31,504832209,dei:EntityCommonStockSharesOutstanding
ADP,2010-08-25,2010-08-20,492022525,dei:EntityCommonStockSharesOutstanding
ADP,2010-11-04,2010-10-29,493211855,dei:EntityCommonStockSharesOutstanding
ADP,2011-02-09,2011-01-31,496416668,dei:EntityCommonStockSharesOutstanding
ADP,2011-05-06,2011-04-29,499704802,dei:EntityCommonStockSharesOutstanding
ADP,2011-08-24,2011-08-12,489677633,dei:EntityCommonStockSharesOutstanding
ADP,2011-11-04,2011-10-28,488698027,dei:EntityCommonStockSharesOutstanding
ADP,2012-02-07,2012-01-31,490575881,dei:EntityCommonStockSharesOutstanding
ADP,2012-05-04,2012-04-27,489085110,dei:EntityCommonStockSharesOutstanding
ADP,2012-08-20,2012-08-10,484504817,dei:EntityCommonStockSharesOutstanding
ADP,2012-11-02,2012-10-29,485473927,dei:EntityCommonStockSharesOutstanding
ADP,2013-02-06,2013-01-31,485017174,dei:EntityCommonStockSharesOutstanding
ADP,2013-05-03,2013-04-30,485222417,dei:EntityCommonStockSharesOutstanding
ADP,2013-08-19,2013-08-09,482823076,dei:EntityCommonStockSharesOutstanding
ADP,2013-11-01,2013-10-29,481425397,dei:EntityCommonStockSharesOutstanding
ADP,2014-02-05,2014-01-31,481825525,dei:EntityCommonStockSharesOutstanding
ADP,2014-05-01,2014-04-28,482102232,dei:EntityCommonStockSharesOutstanding
ADP,2014-08-08,2014-07-31,480912107,dei:EntityCommonStockSharesOutstanding
ADP,2014-10-30,2014-10-24,482056801,dei:EntityCommonStockSharesOutstanding
ADP,2015-02-05,2015-01-30,475152112,dei:EntityCommonStockSharesOutstanding
ADP,2015-05-06,2015-04-30,469524030,dei:EntityCommonStockSharesOutstanding
ADP,2015-08-07,2015-07-31,465810128,dei:EntityCommonStockSharesOutstanding
ADP,2015-11-05,2015-10-31,461206624,dei:EntityCommonStockSharesOutstanding
ADP,2016-02-03,2016-01-31,457451131,dei:EntityCommonStockSharesOutstanding
ADP,2016-05-05,2016-04-30,455534803,dei:EntityCommonStockSharesOutstanding
ADP,2016-08-05,2016-07-29,456176951,dei:EntityCommonStockSharesOutstanding
ADP,2016-11-03,2016-10-31,451173217,dei:EntityCommonStockSharesOutstanding
ADP,2017-02-01,2017-01-27,448902582,dei:EntityCommonStockSharesOutstanding
ADP,2017-05-04,2017-04-28,447410344,dei:EntityCommonStockSharesOutstanding
ADP,2017-08-04,2017-07-31,444374752,dei:EntityCommonStockSharesOutstanding
ADP,2017-11-02,2017-10-31,443489730,dei:EntityCommonStockSharesOutstanding
ADP,2018-02-01,2018-01-26,443269657,dei:EntityCommonStockSharesOutstanding
ADP,2018-05-04,2018-04-30,440522324,dei:EntityCommonStockSharesOutstanding
ADP,2018-08-03,2018-07-31,438082756,dei:EntityCommonStockSharesOutstanding
ADP,2018-11-01,2018-10-26,437732499,dei:EntityCommonStockSharesOutstanding
ADP,2019-01-31,2019-01-25,435629656,dei:EntityCommonStockSharesOutstanding
ADP,2019-05-03,2019-04-30,435228237,dei:EntityCommonStockSharesOutstanding
ADP,2019-08-09,2019-07-31,433942837,dei:EntityCommonStockSharesOutstanding
ADP,2019-11-04,2019-10-30,432698089,dei:EntityCommonStockSharesOutstanding
ADP,2020-01-31,2020-01-28,431754252,dei:EntityCommonStockSharesOutstanding
ADP,2020-05-01,2020-04-28,429774376,dei:EntityCommonStockSharesOutstanding
ADP,2020-08-05,2020-07-31,429965405,dei:EntityCommonStockSharesOutstanding
ADP,2020-10-30,2020-10-27,428813999,dei:EntityCommonStockSharesOutstanding
ADP,2021-02-01,2021-01-27,427940220,dei:EntityCommonStockSharesOutstanding
ADP,2021-04-30,2021-04-27,425518320,dei:EntityCommonStockSharesOutstanding
ADP,2021-08-04,2021-07-30,423080556,dei:EntityCommonStockSharesOutstanding
ADP,2021-10-29,2021-10-26,421384042,dei:EntityCommonStockSharesOutstanding
ADP,2022-01-31,2022-01-26,420045265,dei:EntityCommonStockSharesOutstanding
ADP,2022-04-29,2022-04-26,417747152,dei:EntityCommonStockSharesOutstanding
ADP,2022-08-03,2022-07-29,415516984,dei:EntityCommonStockSharesOutstanding
ADP,2022-11-02,2022-10-28,414827769,dei:EntityCommonStockSharesOutstanding
ADP,2023-02-02,2023-01-31,414351542,dei:EntityCommonStockSharesOutstanding
ADP,2023-05-01,2023-04-27,413122759,dei:EntityCommonStockSharesOutstanding
ADP,2023-08-03,2023-07-31,411986870,dei:EntityCommonStockSharesOutstanding
ADP,2023-11-02,2023-10-31,411304782,dei:EntityCommonStockSharesOutstanding
ADP,2024-02-01,2024-01-29,410790567,dei:EntityCommonStockSharesOutstanding
ADP,2024-05-02,2024-04-29,409291332,dei:EntityCommonStockSharesOutstanding
ADP,2024-08-07,2024-08-02,407795203,dei:EntityCommonStockSharesOutstanding
ADP,2024-11-01,2024-10-29,407456901,dei:EntityCommonStockSharesOutstanding
ADP,2025-01-30,2025-01-27,406870893,dei:EntityCommonStockSharesOutstanding
ADP,2025-05-01,2025-04-28,405922749,dei:EntityCommonStockSharesOutstanding
ADP,2025-08-06,2025-08-01,405043142,dei:EntityCommonStockSharesOutstanding
ADP,2025-10-31,2025-10-28,404448744,dei:EntityCommonStockSharesOutstanding
ADP,2026-01-29,2026-01-26,402644364,dei:EntityCommonStockSharesOutstanding
ADP,2026-04-30,2026-04-27,399734282,dei:EntityCommonStockSharesOutstanding
ADSK,2009-06-03,2009-04-30,228408965,dei:EntityCommonStockSharesOutstanding
ADSK,2009-08-28,2009-08-21,229732680,dei:EntityCommonStockSharesOutstanding
ADSK,2009-12-08,2009-11-30,229719532,dei:EntityCommonStockSharesOutstanding
ADSK,2010-03-19,2010-03-12,229300000,dei:EntityCommonStockSharesOutstanding
ADSK,2010-06-04,2010-05-28,229463291,dei:EntityCommonStockSharesOutstanding
ADSK,2010-09-01,2010-08-24,227283469,dei:EntityCommonStockSharesOutstanding
ADSK,2010-12-07,2010-11-30,227394939,dei:EntityCommonStockSharesOutstanding
ADSK,2011-03-18,2011-03-11,227900000,dei:EntityCommonStockSharesOutstanding
ADSK,2011-06-03,2011-05-27,230954185,dei:EntityCommonStockSharesOutstanding
ADSK,2011-09-01,2011-08-26,228824634,dei:EntityCommonStockSharesOutstanding
ADSK,2011-12-06,2011-11-30,226800000,dei:EntityCommonStockSharesOutstanding
ADSK,2012-03-15,2012-02-29,227300000,dei:EntityCommonStockSharesOutstanding
ADSK,2012-06-01,2012-05-25,229800000,dei:EntityCommonStockSharesOutstanding
ADSK,2012-09-05,2012-08-31,226900000,dei:EntityCommonStockSharesOutstanding
ADSK,2012-12-04,2012-11-30,224700000,dei:EntityCommonStockSharesOutstanding
ADSK,2013-03-18,2013-02-28,223800000,dei:EntityCommonStockSharesOutstanding
ADSK,2013-06-05,2013-05-31,224800000,dei:EntityCommonStockSharesOutstanding
ADSK,2013-09-03,2013-08-27,223000000,dei:EntityCommonStockSharesOutstanding
ADSK,2013-12-06,2013-11-29,225600000,dei:EntityCommonStockSharesOutstanding
ADSK,2014-03-10,2014-02-28,227185041,dei:EntityCommonStockSharesOutstanding
ADSK,2014-06-03,2014-05-29,227866880,dei:EntityCommonStockSharesOutstanding
ADSK,2014-09-02,2014-08-27,227236453,dei:EntityCommonStockSharesOutstanding
ADSK,2014-12-05,2014-12-02,227520504,dei:EntityCommonStockSharesOutstanding
ADSK,2015-03-18,2015-02-28,227204316,dei:EntityCommonStockSharesOutstanding
ADSK,2015-05-28,2015-05-22,227652233,dei:EntityCommonStockSharesOutstanding
ADSK,2015-08-31,2015-08-26,226199054,dei:EntityCommonStockSharesOutstanding
ADSK,2015-12-09,2015-11-30,225323161,dei:EntityCommonStockSharesOutstanding
ADSK,2016-03-23,2016-03-09,224493192,dei:EntityCommonStockSharesOutstanding
ADSK,2016-06-06,2016-05-31,224656057,dei:EntityCommonStockSharesOutstanding
ADSK,2016-08-30,2016-08-23,221892961,dei:EntityCommonStockSharesOutstanding
ADSK,2016-12-01,2016-11-22,222556352,dei:EntityCommonStockSharesOutstanding
ADSK,2017-03-21,2017-03-10,220849268,dei:EntityCommonStockSharesOutstanding
ADSK,2017-05-31,2017-05-25,220391696,dei:EntityCommonStockSharesOutstanding
ADSK,2017-08-31,2017-08-24,219192248,dei:EntityCommonStockSharesOutstanding
ADSK,2017-12-05,2017-11-30,220266822,dei:EntityCommonStockSharesOutstanding
ADSK,2018-03-22,2018-03-12,218327862,dei:EntityCommonStockSharesOutstanding
ADSK,2018-06-08,2018-06-04,219145087,dei:EntityCommonStockSharesOutstanding
ADSK,2018-08-30,2018-08-24,218616633,dei:EntityCommonStockSharesOutstanding
ADSK,2018-12-06,2018-11-30,219008836,dei:EntityCommonStockSharesOutstanding
ADSK,2019-03-25,2019-03-15,219535216,dei:EntityCommonStockSharesOutstanding
ADSK,2019-06-04,2019-05-29,219619580,dei:EntityCommonStockSharesOutstanding
ADSK,2019-09-04,2019-08-29,219587608,dei:EntityCommonStockSharesOutstanding
ADSK,2019-12-05,2019-11-30,220033002,dei:EntityCommonStockSharesOutstanding
ADSK,2020-03-19,2020-03-13,439321425,dei:EntityCommonStockSharesOutstanding
ADSK,2020-06-02,2020-05-29,219196718,dei:EntityCommonStockSharesOutstanding
ADSK,2020-09-02,2020-08-28,219279183,dei:EntityCommonStockSharesOutstanding
ADSK,2020-12-04,2020-11-30,219889403,dei:EntityCommonStockSharesOutstanding
ADSK,2021-03-19,2021-03-12,219592294,dei:EntityCommonStockSharesOutstanding
ADSK,2021-06-03,2021-05-31,220013315,dei:EntityCommonStockSharesOutstanding
ADSK,2021-09-01,2021-08-27,219850441,dei:EntityCommonStockSharesOutstanding
ADSK,2021-12-03,2021-11-30,219973417,dei:EntityCommonStockSharesOutstanding
ADSK,2022-03-14,2022-03-10,217307974,dei:EntityCommonStockSharesOutstanding
ADSK,2022-06-02,2022-05-27,217272205,dei:EntityCommonStockSharesOutstanding
ADSK,2022-08-31,2022-08-25,215859048,dei:EntityCommonStockSharesOutstanding
ADSK,2022-12-06,2022-11-30,215767494,dei:EntityCommonStockSharesOutstanding
ADSK,2023-03-14,2023-03-07,214782702,dei:EntityCommonStockSharesOutstanding
ADSK,2023-06-01,2023-05-24,213726419,dei:EntityCommonStockSharesOutstanding
ADSK,2023-08-29,2023-08-23,213763632,dei:EntityCommonStockSharesOutstanding
ADSK,2023-12-04,2023-11-27,213915325,dei:EntityCommonStockSharesOutstanding
ADSK,2024-06-10,2024-05-24,431446979,dei:EntityCommonStockSharesOutstanding
ADSK,2024-09-03,2024-08-23,215000000,dei:EntityCommonStockSharesOutstanding
ADSK,2024-12-03,2024-11-22,215000000,dei:EntityCommonStockSharesOutstanding
ADSK,2025-03-06,2025-02-28,213000000,dei:EntityCommonStockSharesOutstanding
ADSK,2025-05-29,2025-05-22,214000000,dei:EntityCommonStockSharesOutstanding
ADSK,2025-09-02,2025-08-26,213000000,dei:EntityCommonStockSharesOutstanding
ADSK,2025-11-26,2025-11-20,212000000,dei:EntityCommonStockSharesOutstanding
ADSK,2026-03-03,2026-02-23,211000000,dei:EntityCommonStockSharesOutstanding
ADSK,2026-05-29,2026-05-21,211000000,dei:EntityCommonStockSharesOutstanding
AEP,2009-08-04,2009-06-30,476790811,dei:EntityCommonStockSharesOutstanding
AEP,2009-10-30,2009-10-28,477658465,dei:EntityCommonStockSharesOutstanding
AEP,2010-02-26,2009-12-31,478054407,dei:EntityCommonStockSharesOutstanding
AEP,2010-04-30,2010-03-31,478873651,dei:EntityCommonStockSharesOutstanding
AEP,2010-07-30,2010-06-30,479437027000000,dei:EntityCommonStockSharesOutstanding
AEP,2010-11-01,2010-09-30,480276270000000,dei:EntityCommonStockSharesOutstanding
AEP,2011-02-25,2010-12-31,480807156,dei:EntityCommonStockSharesOutstanding
AEP,2011-05-03,2011-04-29,481790955000000,dei:EntityCommonStockSharesOutstanding
AEP,2011-07-29,2011-07-29,482273829,dei:EntityCommonStockSharesOutstanding
AEP,2011-10-28,2011-10-28,482912247,dei:EntityCommonStockSharesOutstanding
AEP,2012-02-28,2011-12-31,483422868,dei:EntityCommonStockSharesOutstanding
AEP,2012-04-27,2012-04-26,484321794,dei:EntityCommonStockSharesOutstanding
AEP,2012-07-27,2012-07-26,484902556,dei:EntityCommonStockSharesOutstanding
AEP,2012-10-26,2012-10-25,485249096,dei:EntityCommonStockSharesOutstanding
AEP,2013-02-26,2012-12-31,485668370,dei:EntityCommonStockSharesOutstanding
AEP,2013-04-26,2013-04-25,486045098,dei:EntityCommonStockSharesOutstanding
AEP,2013-07-26,2013-07-25,486772596,dei:EntityCommonStockSharesOutstanding
AEP,2013-10-25,2013-10-24,487290382,dei:EntityCommonStockSharesOutstanding
AEP,2014-02-25,2013-12-31,487777372,dei:EntityCommonStockSharesOutstanding
AEP,2014-04-25,2014-04-23,488083018,dei:EntityCommonStockSharesOutstanding
AEP,2014-07-25,2014-07-24,488670382,dei:EntityCommonStockSharesOutstanding
AEP,2014-10-23,2014-10-23,489240481,dei:EntityCommonStockSharesOutstanding
AEP,2015-02-20,2014-12-31,489402567,dei:EntityCommonStockSharesOutstanding
AEP,2015-04-23,2015-04-23,489941950,dei:EntityCommonStockSharesOutstanding
AEP,2015-07-23,2015-07-23,490559618,dei:EntityCommonStockSharesOutstanding
AEP,2015-10-22,2015-10-22,490817402,dei:EntityCommonStockSharesOutstanding
AEP,2016-02-24,2015-12-31,491052581,dei:EntityCommonStockSharesOutstanding
AEP,2016-04-28,2016-04-28,491313380,dei:EntityCommonStockSharesOutstanding
AEP,2016-07-28,2016-07-28,491709452,dei:EntityCommonStockSharesOutstanding
AEP,2016-11-02,2016-11-01,491711533,dei:EntityCommonStockSharesOutstanding
AEP,2017-02-28,2016-12-31,491711928,dei:EntityCommonStockSharesOutstanding
AEP,2017-04-28,2017-04-27,491712071,dei:EntityCommonStockSharesOutstanding
AEP,2017-07-27,2017-07-27,491840382,dei:EntityCommonStockSharesOutstanding
AEP,2017-10-27,2017-10-26,491883887,dei:EntityCommonStockSharesOutstanding
AEP,2018-02-23,2017-12-31,492005598,dei:EntityCommonStockSharesOutstanding
AEP,2018-04-26,2018-04-26,492523470,dei:EntityCommonStockSharesOutstanding
AEP,2018-07-26,2018-07-26,492934058,dei:EntityCommonStockSharesOutstanding
AEP,2018-10-25,2018-10-25,493108827,dei:EntityCommonStockSharesOutstanding
AEP,2019-02-21,2018-12-31,493245876,dei:EntityCommonStockSharesOutstanding
AEP,2019-04-26,2019-04-25,493435530,dei:EntityCommonStockSharesOutstanding
AEP,2019-07-25,2019-07-25,493795111,dei:EntityCommonStockSharesOutstanding
AEP,2019-10-24,2019-10-24,493951812,dei:EntityCommonStockSharesOutstanding
AEP,2020-02-20,2019-12-31,494169471,dei:EntityCommonStockSharesOutstanding
AEP,2020-05-06,2020-05-06,495583133,dei:EntityCommonStockSharesOutstanding
AEP,2020-08-06,2020-08-06,496155436,dei:EntityCommonStockSharesOutstanding
AEP,2020-10-22,2020-10-22,496386252,dei:EntityCommonStockSharesOutstanding
AEP,2021-02-25,2020-12-31,496604194,dei:EntityCommonStockSharesOutstanding
AEP,2021-04-22,2021-04-22,499750400,dei:EntityCommonStockSharesOutstanding
AEP,2021-07-22,2021-07-22,500251339,dei:EntityCommonStockSharesOutstanding
AEP,2021-10-28,2021-10-28,503651677,dei:EntityCommonStockSharesOutstanding
AEP,2022-02-24,2021-12-31,504212015,dei:EntityCommonStockSharesOutstanding
AEP,2022-04-28,2022-04-28,513544176,dei:EntityCommonStockSharesOutstanding
AEP,2022-07-27,2022-07-27,513733984,dei:EntityCommonStockSharesOutstanding
AEP,2022-10-27,2022-10-27,513863678,dei:EntityCommonStockSharesOutstanding
AEP,2023-02-23,2022-12-31,513866081,dei:EntityCommonStockSharesOutstanding
AEP,2023-05-04,2023-05-04,514790910,dei:EntityCommonStockSharesOutstanding
AEP,2023-07-27,2023-07-27,515176044,dei:EntityCommonStockSharesOutstanding
AEP,2023-11-02,2023-11-02,525875633,dei:EntityCommonStockSharesOutstanding
AEP,2024-02-26,2023-12-31,526184585,dei:EntityCommonStockSharesOutstanding
AEP,2024-04-30,2024-04-30,527121759,dei:EntityCommonStockSharesOutstanding
AEP,2024-07-30,2024-07-30,532119995,dei:EntityCommonStockSharesOutstanding
AEP,2024-11-06,2024-11-06,532565335,dei:EntityCommonStockSharesOutstanding
AEP,2025-02-13,2024-12-31,532907715,dei:EntityCommonStockSharesOutstanding
AEP,2025-05-06,2025-05-06,534195026,dei:EntityCommonStockSharesOutstanding
AEP,2025-07-30,2025-07-30,534794763,dei:EntityCommonStockSharesOutstanding
AEP,2025-10-29,2025-10-29,535265602,dei:EntityCommonStockSharesOutstanding
AEP,2026-02-12,2025-12-31,540861473,dei:EntityCommonStockSharesOutstanding
AEP,2026-05-05,2026-05-05,544104955,dei:EntityCommonStockSharesOutstanding
AKAM,2009-09-04,2009-08-05,172401167,dei:EntityCommonStockSharesOutstanding
AKAM,2009-11-09,2009-11-05,171279451,dei:EntityCommonStockSharesOutstanding
AKAM,2010-03-01,2010-02-24,172085306,dei:EntityCommonStockSharesOutstanding
AKAM,2010-08-09,2010-08-04,181605446,dei:EntityCommonStockSharesOutstanding
AKAM,2010-11-09,2010-11-04,182341910,dei:EntityCommonStockSharesOutstanding
AKAM,2011-03-01,2011-02-22,187150429,dei:EntityCommonStockSharesOutstanding
AKAM,2011-05-10,2011-05-05,186706999,dei:EntityCommonStockSharesOutstanding
AKAM,2011-08-09,2011-08-04,184377298,dei:EntityCommonStockSharesOutstanding
AKAM,2011-11-09,2011-11-04,179431186,dei:EntityCommonStockSharesOutstanding
AKAM,2012-02-29,2012-02-22,177800850,dei:EntityCommonStockSharesOutstanding
AKAM,2012-05-10,2012-05-04,179185575,dei:EntityCommonStockSharesOutstanding
AKAM,2012-08-09,2012-08-06,177306488,dei:EntityCommonStockSharesOutstanding
AKAM,2012-11-09,2012-11-06,177467846,dei:EntityCommonStockSharesOutstanding
AKAM,2013-03-01,2013-02-22,177882191,dei:EntityCommonStockSharesOutstanding
AKAM,2013-05-10,2013-05-06,177700457,dei:EntityCommonStockSharesOutstanding
AKAM,2013-08-09,2013-08-06,178158848,dei:EntityCommonStockSharesOutstanding
AKAM,2013-11-12,2013-11-05,178977003,dei:EntityCommonStockSharesOutstanding
AKAM,2014-03-03,2014-02-25,178535932,dei:EntityCommonStockSharesOutstanding
AKAM,2014-05-12,2014-05-06,178001071,dei:EntityCommonStockSharesOutstanding
AKAM,2014-08-11,2014-08-06,178163132,dei:EntityCommonStockSharesOutstanding
AKAM,2014-11-10,2014-11-05,177993964,dei:EntityCommonStockSharesOutstanding
AKAM,2015-03-02,2015-02-24,178833747,dei:EntityCommonStockSharesOutstanding
AKAM,2015-05-11,2015-05-06,178558745,dei:EntityCommonStockSharesOutstanding
AKAM,2015-08-10,2015-08-05,178595222,dei:EntityCommonStockSharesOutstanding
AKAM,2015-11-09,2015-11-04,177938953,dei:EntityCommonStockSharesOutstanding
AKAM,2016-02-29,2016-02-23,176747531,dei:EntityCommonStockSharesOutstanding
AKAM,2016-05-09,2016-05-05,175591774,dei:EntityCommonStockSharesOutstanding
AKAM,2016-08-08,2016-08-04,174724451,dei:EntityCommonStockSharesOutstanding
AKAM,2016-11-08,2016-11-03,173299911,dei:EntityCommonStockSharesOutstanding
AKAM,2017-02-28,2017-02-22,173190922,dei:EntityCommonStockSharesOutstanding
AKAM,2017-05-09,2017-05-04,172873380,dei:EntityCommonStockSharesOutstanding
AKAM,2017-08-08,2017-08-03,171423149,dei:EntityCommonStockSharesOutstanding
AKAM,2017-11-08,2017-11-06,169151738,dei:EntityCommonStockSharesOutstanding
AKAM,2018-03-01,2018-02-22,170031585,dei:EntityCommonStockSharesOutstanding
AKAM,2018-05-09,2018-05-07,170630343,dei:EntityCommonStockSharesOutstanding
AKAM,2018-08-08,2018-08-06,169504628,dei:EntityCommonStockSharesOutstanding
AKAM,2018-11-08,2018-11-05,162866026,dei:EntityCommonStockSharesOutstanding
AKAM,2019-02-28,2019-02-21,163212497,dei:EntityCommonStockSharesOutstanding
AKAM,2019-05-09,2019-05-06,164096899,dei:EntityCommonStockSharesOutstanding
AKAM,2019-08-08,2019-08-06,164982488,dei:EntityCommonStockSharesOutstanding
AKAM,2019-11-08,2019-11-05,161601210,dei:EntityCommonStockSharesOutstanding
AKAM,2020-02-28,2020-02-25,161881857,dei:EntityCommonStockSharesOutstanding
AKAM,2020-05-08,2020-05-05,162274472,dei:EntityCommonStockSharesOutstanding
AKAM,2020-08-07,2020-08-04,162704861,dei:EntityCommonStockSharesOutstanding
AKAM,2020-11-06,2020-11-03,162793988,dei:EntityCommonStockSharesOutstanding
AKAM,2021-02-26,2021-02-23,163220270,dei:EntityCommonStockSharesOutstanding
AKAM,2021-05-07,2021-05-04,162991685,dei:EntityCommonStockSharesOutstanding
AKAM,2021-08-06,2021-08-03,162829841,dei:EntityCommonStockSharesOutstanding
AKAM,2021-11-08,2021-11-02,162479916,dei:EntityCommonStockSharesOutstanding
AKAM,2022-02-28,2022-02-22,160346656,dei:EntityCommonStockSharesOutstanding
AKAM,2022-05-09,2022-05-03,160305193,dei:EntityCommonStockSharesOutstanding
AKAM,2022-08-09,2022-08-05,158957143,dei:EntityCommonStockSharesOutstanding
AKAM,2022-11-08,2022-11-04,157242292,dei:EntityCommonStockSharesOutstanding
AKAM,2023-02-28,2023-02-24,156275794,dei:EntityCommonStockSharesOutstanding
AKAM,2023-05-09,2023-05-05,152202115,dei:EntityCommonStockSharesOutstanding
AKAM,2023-08-08,2023-08-04,151713297,dei:EntityCommonStockSharesOutstanding
AKAM,2023-11-08,2023-11-03,150831568,dei:EntityCommonStockSharesOutstanding
AKAM,2024-02-28,2024-02-23,151530300,dei:EntityCommonStockSharesOutstanding
AKAM,2024-05-09,2024-05-03,152316548,dei:EntityCommonStockSharesOutstanding
AKAM,2024-08-08,2024-08-05,151525770,dei:EntityCommonStockSharesOutstanding
AKAM,2024-11-08,2024-11-04,150226986,dei:EntityCommonStockSharesOutstanding
AKAM,2025-02-24,2025-02-20,150317536,dei:EntityCommonStockSharesOutstanding
AKAM,2025-05-09,2025-05-05,146206374,dei:EntityCommonStockSharesOutstanding
AKAM,2025-08-08,2025-08-04,143385528,dei:EntityCommonStockSharesOutstanding
AKAM,2025-11-07,2025-11-03,143865237,dei:EntityCommonStockSharesOutstanding
AKAM,2026-02-20,2026-02-16,144888114,dei:EntityCommonStockSharesOutstanding
AKAM,2026-05-08,2026-05-04,145385451,dei:EntityCommonStockSharesOutstanding
ALAB,2024-05-08,2024-04-30,155701301,dei:EntityCommonStockSharesOutstanding
ALAB,2024-08-07,2024-07-31,156656716,dei:EntityCommonStockSharesOutstanding
ALAB,2024-11-05,2024-10-31,158610853,dei:EntityCommonStockSharesOutstanding
ALAB,2025-02-14,2025-01-31,162153472,dei:EntityCommonStockSharesOutstanding
ALAB,2025-05-07,2025-04-30,164916814,dei:EntityCommonStockSharesOutstanding
ALAB,2025-08-06,2025-07-31,166219140,dei:EntityCommonStockSharesOutstanding
ALAB,2025-11-05,2025-10-31,168903616,dei:EntityCommonStockSharesOutstanding
ALAB,2026-02-20,2026-01-31,170214503,dei:EntityCommonStockSharesOutstanding
ALAB,2026-05-06,2026-04-30,171407939,dei:EntityCommonStockSharesOutstanding
ALGN,2010-08-05,2010-07-30,76162316,dei:EntityCommonStockSharesOutstanding
ALGN,2010-11-04,2010-10-29,76311295,dei:EntityCommonStockSharesOutstanding
ALGN,2011-02-24,2011-02-18,76878090,dei:EntityCommonStockSharesOutstanding
ALGN,2011-05-05,2010-04-29,77816865,dei:EntityCommonStockSharesOutstanding
ALGN,2011-08-08,2011-07-29,78477658,dei:EntityCommonStockSharesOutstanding
ALGN,2011-11-04,2011-10-28,78544695,dei:EntityCommonStockSharesOutstanding
ALGN,2012-02-29,2012-02-22,79368864,dei:EntityCommonStockSharesOutstanding
ALGN,2012-05-08,2012-05-03,80361466,dei:EntityCommonStockSharesOutstanding
ALGN,2012-08-02,2012-07-27,81352708,dei:EntityCommonStockSharesOutstanding
ALGN,2012-11-09,2012-10-26,81384625,dei:EntityCommonStockSharesOutstanding
ALGN,2013-03-01,2013-02-22,81758299,dei:EntityCommonStockSharesOutstanding
ALGN,2013-05-03,2013-04-26,81557143,dei:EntityCommonStockSharesOutstanding
ALGN,2013-08-02,2013-07-26,79837318,dei:EntityCommonStockSharesOutstanding
ALGN,2013-11-01,2013-10-25,80318743,dei:EntityCommonStockSharesOutstanding
ALGN,2014-02-28,2014-02-21,81480919,dei:EntityCommonStockSharesOutstanding
ALGN,2014-05-01,2014-04-25,81635404,dei:EntityCommonStockSharesOutstanding
ALGN,2014-07-31,2014-07-25,80793072,dei:EntityCommonStockSharesOutstanding
ALGN,2014-10-30,2014-10-24,80289814,dei:EntityCommonStockSharesOutstanding
ALGN,2015-02-26,2015-02-20,80720243,dei:EntityCommonStockSharesOutstanding
ALGN,2015-05-01,2015-04-24,80750207,dei:EntityCommonStockSharesOutstanding
ALGN,2015-07-30,2015-07-24,80078373,dei:EntityCommonStockSharesOutstanding
ALGN,2015-10-29,2015-10-23,79490148,dei:EntityCommonStockSharesOutstanding
ALGN,2016-02-25,2016-02-19,79625640,dei:EntityCommonStockSharesOutstanding
ALGN,2016-05-05,2016-04-29,80184259,dei:EntityCommonStockSharesOutstanding
ALGN,2016-08-04,2016-07-29,80046571,dei:EntityCommonStockSharesOutstanding
ALGN,2016-11-08,2016-10-31,79689402,dei:EntityCommonStockSharesOutstanding
ALGN,2017-02-28,2017-02-21,80276127,dei:EntityCommonStockSharesOutstanding
ALGN,2017-05-04,2017-04-28,80331340,dei:EntityCommonStockSharesOutstanding
ALGN,2017-08-03,2017-07-28,80150594,dei:EntityCommonStockSharesOutstanding
ALGN,2017-11-02,2017-10-27,80177704,dei:EntityCommonStockSharesOutstanding
ALGN,2018-02-28,2018-02-23,80135229,dei:EntityCommonStockSharesOutstanding
ALGN,2018-05-03,2018-04-27,80149641,dei:EntityCommonStockSharesOutstanding
ALGN,2018-08-02,2018-07-27,80320082,dei:EntityCommonStockSharesOutstanding
ALGN,2018-11-01,2018-10-26,79984381,dei:EntityCommonStockSharesOutstanding
ALGN,2019-02-28,2019-02-22,79989347,dei:EntityCommonStockSharesOutstanding
ALGN,2019-05-02,2019-04-26,80004892,dei:EntityCommonStockSharesOutstanding
ALGN,2019-08-01,2019-07-26,79870881,dei:EntityCommonStockSharesOutstanding
ALGN,2019-10-31,2019-10-25,78812958,dei:EntityCommonStockSharesOutstanding
ALGN,2020-02-28,2020-02-21,78753161,dei:EntityCommonStockSharesOutstanding
ALGN,2020-05-05,2020-04-30,78762958,dei:EntityCommonStockSharesOutstanding
ALGN,2020-07-31,2020-07-24,78786683,dei:EntityCommonStockSharesOutstanding
ALGN,2020-10-30,2020-10-23,78850392,dei:EntityCommonStockSharesOutstanding
ALGN,2021-02-26,2021-02-22,79132723,dei:EntityCommonStockSharesOutstanding
ALGN,2021-05-05,2021-04-30,79136575,dei:EntityCommonStockSharesOutstanding
ALGN,2021-08-04,2021-07-30,79011543,dei:EntityCommonStockSharesOutstanding
ALGN,2021-11-02,2021-10-28,78853069,dei:EntityCommonStockSharesOutstanding
ALGN,2022-02-25,2022-02-21,78795494,dei:EntityCommonStockSharesOutstanding
ALGN,2022-05-05,2022-04-29,78805547,dei:EntityCommonStockSharesOutstanding
ALGN,2022-08-04,2022-07-29,78108185,dei:EntityCommonStockSharesOutstanding
ALGN,2022-11-04,2022-10-28,78112351,dei:EntityCommonStockSharesOutstanding
ALGN,2023-02-27,2023-02-20,76610319,dei:EntityCommonStockSharesOutstanding
ALGN,2023-05-05,2023-04-28,76516951,dei:EntityCommonStockSharesOutstanding
ALGN,2023-08-04,2023-07-28,76533704,dei:EntityCommonStockSharesOutstanding
ALGN,2023-11-03,2023-10-27,76589114,dei:EntityCommonStockSharesOutstanding
ALGN,2024-02-28,2024-02-22,75104132,dei:EntityCommonStockSharesOutstanding
ALGN,2024-05-03,2024-04-26,75281687,dei:EntityCommonStockSharesOutstanding
ALGN,2024-08-02,2024-07-26,74697065,dei:EntityCommonStockSharesOutstanding
ALGN,2024-11-05,2024-11-01,74653060,dei:EntityCommonStockSharesOutstanding
ALGN,2025-02-28,2025-02-20,73597648,dei:EntityCommonStockSharesOutstanding
ALGN,2025-05-08,2025-05-01,72484841,dei:EntityCommonStockSharesOutstanding
ALGN,2025-08-06,2025-08-01,72486368,dei:EntityCommonStockSharesOutstanding
ALGN,2025-11-05,2025-10-29,71749995,dei:EntityCommonStockSharesOutstanding
ALGN,2026-02-27,2026-02-20,71282132,dei:EntityCommonStockSharesOutstanding
ALGN,2026-05-06,2026-05-01,71618127,dei:EntityCommonStockSharesOutstanding
ALNY,2010-08-05,2010-07-30,42096731,dei:EntityCommonStockSharesOutstanding
ALNY,2010-11-04,2010-10-29,42199840,dei:EntityCommonStockSharesOutstanding
ALNY,2011-02-18,2011-01-31,42343623,dei:EntityCommonStockSharesOutstanding
ALNY,2011-05-05,2011-05-02,42408230,dei:EntityCommonStockSharesOutstanding
ALNY,2011-08-03,2011-07-29,42651782,dei:EntityCommonStockSharesOutstanding
ALNY,2011-11-03,2011-10-31,42726984,dei:EntityCommonStockSharesOutstanding
ALNY,2012-02-13,2012-01-31,43208456,dei:EntityCommonStockSharesOutstanding
ALNY,2012-05-03,2012-04-30,51949931,dei:EntityCommonStockSharesOutstanding
ALNY,2012-08-08,2012-07-31,52244947,dei:EntityCommonStockSharesOutstanding
ALNY,2012-11-05,2012-10-31,52414402,dei:EntityCommonStockSharesOutstanding
ALNY,2013-02-19,2013-01-31,61866821,dei:EntityCommonStockSharesOutstanding
ALNY,2013-05-07,2013-04-30,62171037,dei:EntityCommonStockSharesOutstanding
ALNY,2013-08-09,2013-07-31,62960006,dei:EntityCommonStockSharesOutstanding
ALNY,2013-11-07,2013-10-31,63430076,dei:EntityCommonStockSharesOutstanding
ALNY,2014-02-20,2014-01-31,63916814,dei:EntityCommonStockSharesOutstanding
ALNY,2014-05-09,2014-04-30,75553391,dei:EntityCommonStockSharesOutstanding
ALNY,2014-08-08,2014-07-31,76354817,dei:EntityCommonStockSharesOutstanding
ALNY,2014-11-06,2014-10-31,76931090,dei:EntityCommonStockSharesOutstanding
ALNY,2015-02-13,2015-01-30,83760143,dei:EntityCommonStockSharesOutstanding
ALNY,2015-05-08,2015-04-30,84282698,dei:EntityCommonStockSharesOutstanding
ALNY,2015-08-07,2015-07-31,84615131,dei:EntityCommonStockSharesOutstanding
ALNY,2015-11-09,2015-10-30,84735707,dei:EntityCommonStockSharesOutstanding
ALNY,2016-02-12,2016-01-29,85138602,dei:EntityCommonStockSharesOutstanding
ALNY,2016-05-04,2016-04-29,85560535,dei:EntityCommonStockSharesOutstanding
ALNY,2016-08-04,2016-07-29,85724637,dei:EntityCommonStockSharesOutstanding
ALNY,2016-11-03,2016-10-31,85813869,dei:EntityCommonStockSharesOutstanding
ALNY,2017-02-15,2017-01-31,86013785,dei:EntityCommonStockSharesOutstanding
ALNY,2017-05-05,2017-04-28,86190192,dei:EntityCommonStockSharesOutstanding
ALNY,2017-08-09,2017-07-31,91733369,dei:EntityCommonStockSharesOutstanding
ALNY,2017-11-07,2017-10-31,92730812,dei:EntityCommonStockSharesOutstanding
ALNY,2018-02-15,2018-01-31,99867820,dei:EntityCommonStockSharesOutstanding
ALNY,2018-05-04,2018-04-30,100522411,dei:EntityCommonStockSharesOutstanding
ALNY,2018-08-02,2018-07-31,100666112,dei:EntityCommonStockSharesOutstanding
ALNY,2018-11-07,2018-10-31,101030358,dei:EntityCommonStockSharesOutstanding
ALNY,2019-02-14,2019-01-31,106258250,dei:EntityCommonStockSharesOutstanding
ALNY,2019-05-02,2019-04-30,106536778,dei:EntityCommonStockSharesOutstanding
ALNY,2019-08-06,2019-07-31,111207651,dei:EntityCommonStockSharesOutstanding
ALNY,2019-10-31,2019-10-25,111489744,dei:EntityCommonStockSharesOutstanding
ALNY,2020-02-13,2020-02-07,112583964,dei:EntityCommonStockSharesOutstanding
ALNY,2020-05-06,2020-04-30,114819151,dei:EntityCommonStockSharesOutstanding
ALNY,2020-08-06,2020-07-31,115969783,dei:EntityCommonStockSharesOutstanding
ALNY,2020-11-05,2020-10-30,116180768,dei:EntityCommonStockSharesOutstanding
ALNY,2021-02-11,2021-02-05,117002019,dei:EntityCommonStockSharesOutstanding
ALNY,2021-04-29,2021-04-23,117545040,dei:EntityCommonStockSharesOutstanding
ALNY,2021-08-03,2021-07-30,118847693,dei:EntityCommonStockSharesOutstanding
ALNY,2021-10-28,2021-10-22,119601177,dei:EntityCommonStockSharesOutstanding
ALNY,2022-02-10,2022-02-04,120210498,dei:EntityCommonStockSharesOutstanding
ALNY,2022-04-28,2022-04-22,120813559,dei:EntityCommonStockSharesOutstanding
ALNY,2022-07-28,2022-07-22,120026559,dei:EntityCommonStockSharesOutstanding
ALNY,2022-10-27,2022-10-21,123028234,dei:EntityCommonStockSharesOutstanding
ALNY,2023-02-23,2023-02-17,124130988,dei:EntityCommonStockSharesOutstanding
ALNY,2023-05-04,2023-04-28,124525737,dei:EntityCommonStockSharesOutstanding
ALNY,2023-08-03,2023-07-28,125000652,dei:EntityCommonStockSharesOutstanding
ALNY,2023-11-02,2023-10-27,125492927,dei:EntityCommonStockSharesOutstanding
ALNY,2024-02-15,2024-02-09,125945793,dei:EntityCommonStockSharesOutstanding
ALNY,2024-05-02,2024-04-26,126491778,dei:EntityCommonStockSharesOutstanding
ALNY,2024-08-01,2024-07-26,128380513,dei:EntityCommonStockSharesOutstanding
ALNY,2024-10-31,2024-10-25,128980917,dei:EntityCommonStockSharesOutstanding
ALNY,2025-02-13,2025-02-06,129457156,dei:EntityCommonStockSharesOutstanding
ALNY,2025-05-01,2025-04-25,130388393,dei:EntityCommonStockSharesOutstanding
ALNY,2025-07-31,2025-07-25,131079015,dei:EntityCommonStockSharesOutstanding
ALNY,2025-10-30,2025-10-24,132113818,dei:EntityCommonStockSharesOutstanding
ALNY,2026-02-12,2026-02-06,132623144,dei:EntityCommonStockSharesOutstanding
ALTR,2009-07-22,2009-06-26,294184602,dei:EntityCommonStockSharesOutstanding
ALTR,2009-10-21,2009-10-08,295371576,dei:EntityCommonStockSharesOutstanding
ALTR,2010-02-17,2010-01-29,297388263,dei:EntityCommonStockSharesOutstanding
ALTR,2010-04-26,2010-04-14,301656409,dei:EntityCommonStockSharesOutstanding
ALTR,2010-07-26,2010-07-14,307223673,dei:EntityCommonStockSharesOutstanding
ALTR,2010-10-22,2010-10-14,312563496,dei:EntityCommonStockSharesOutstanding
ALTR,2011-02-16,2011-01-28,319961257,dei:EntityCommonStockSharesOutstanding
ALTR,2011-04-27,2011-04-13,322223655,dei:EntityCommonStockSharesOutstanding
ALTR,2011-07-22,2011-07-13,324000618,dei:EntityCommonStockSharesOutstanding
ALTR,2011-10-21,2011-10-12,320863017,dei:EntityCommonStockSharesOutstanding
ALTR,2012-02-17,2012-01-27,322374696,dei:EntityCommonStockSharesOutstanding
ALTR,2012-04-23,2012-04-11,322632174,dei:EntityCommonStockSharesOutstanding
ALTR,2012-07-26,2012-07-11,319919780,dei:EntityCommonStockSharesOutstanding
ALTR,2012-10-24,2012-10-10,320572559,dei:EntityCommonStockSharesOutstanding
ALTR,2013-02-15,2013-01-31,319752460,dei:EntityCommonStockSharesOutstanding
ALTR,2013-04-26,2013-04-10,320140393,dei:EntityCommonStockSharesOutstanding
ALTR,2013-07-25,2013-07-10,319472196,dei:EntityCommonStockSharesOutstanding
ALTR,2013-10-23,2013-10-10,321128555,dei:EntityCommonStockSharesOutstanding
ALTR,2014-02-14,2014-01-31,317564307,dei:EntityCommonStockSharesOutstanding
ALTR,2014-04-25,2014-04-10,313256406,dei:EntityCommonStockSharesOutstanding
ALTR,2014-07-25,2014-07-10,308979270,dei:EntityCommonStockSharesOutstanding
ALTR,2014-10-24,2014-10-10,304816766,dei:EntityCommonStockSharesOutstanding
ALTR,2015-02-13,2015-02-04,300893001,dei:EntityCommonStockSharesOutstanding
ALTR,2015-04-24,2015-04-10,301088968,dei:EntityCommonStockSharesOutstanding
ALTR,2015-07-23,2015-07-10,302471922,dei:EntityCommonStockSharesOutstanding
ALTR,2015-10-22,2015-10-09,302857381,dei:EntityCommonStockSharesOutstanding
ALXN,2010-07-30,2010-07-27,90131042,dei:EntityCommonStockSharesOutstanding
ALXN,2010-11-02,2010-10-26,90490697,dei:EntityCommonStockSharesOutstanding
ALXN,2011-02-17,2011-02-11,91308703,dei:EntityCommonStockSharesOutstanding
ALXN,2011-05-04,2011-04-28,91917665,dei:EntityCommonStockSharesOutstanding
ALXN,2011-08-03,2011-07-29,184530093,dei:EntityCommonStockSharesOutstanding
ALXN,2011-10-31,2011-10-26,185147112,dei:EntityCommonStockSharesOutstanding
ALXN,2012-02-17,2012-02-11,185993409,dei:EntityCommonStockSharesOutstanding
ALXN,2012-05-02,2012-04-20,186924017,dei:EntityCommonStockSharesOutstanding
ALXN,2012-07-27,2012-07-24,193059462,dei:EntityCommonStockSharesOutstanding
ALXN,2012-10-29,2012-10-23,194285561,dei:EntityCommonStockSharesOutstanding
ALXN,2013-02-19,2013-02-11,195209249,dei:EntityCommonStockSharesOutstanding
ALXN,2013-04-30,2013-04-23,195146634,dei:EntityCommonStockSharesOutstanding
ALXN,2013-07-26,2013-07-23,195558014,dei:EntityCommonStockSharesOutstanding
ALXN,2013-10-25,2013-10-23,196074387,dei:EntityCommonStockSharesOutstanding
ALXN,2014-02-10,2014-02-03,197830376,dei:EntityCommonStockSharesOutstanding
ALXN,2014-04-25,2014-04-23,197796456,dei:EntityCommonStockSharesOutstanding
ALXN,2014-07-25,2014-07-23,197814997,dei:EntityCommonStockSharesOutstanding
ALXN,2014-10-24,2014-10-22,198286879,dei:EntityCommonStockSharesOutstanding
ALXN,2015-02-06,2015-02-03,202148509,dei:EntityCommonStockSharesOutstanding
ALXN,2015-04-24,2015-04-21,199576769,dei:EntityCommonStockSharesOutstanding
ALXN,2015-07-31,2015-07-29,226154636,dei:EntityCommonStockSharesOutstanding
ALXN,2015-11-02,2015-10-28,225324303,dei:EntityCommonStockSharesOutstanding
ALXN,2016-02-08,2016-02-03,225291331,dei:EntityCommonStockSharesOutstanding
ALXN,2016-04-29,2016-04-26,224020164,dei:EntityCommonStockSharesOutstanding
ALXN,2016-07-29,2016-07-27,224247998,dei:EntityCommonStockSharesOutstanding
ALXN,2017-01-04,2016-12-29,223930700,dei:EntityCommonStockSharesOutstanding
ALXN,2017-02-16,2017-02-13,224613750,dei:EntityCommonStockSharesOutstanding
ALXN,2017-04-27,2017-04-24,224556542,dei:EntityCommonStockSharesOutstanding
ALXN,2017-07-27,2017-07-24,223185245,dei:EntityCommonStockSharesOutstanding
ALXN,2017-10-26,2017-10-23,223409644,dei:EntityCommonStockSharesOutstanding
ALXN,2018-02-08,2018-02-05,221681437,dei:EntityCommonStockSharesOutstanding
ALXN,2018-04-26,2018-04-23,222500663,dei:EntityCommonStockSharesOutstanding
ALXN,2018-07-26,2018-07-23,222859148,dei:EntityCommonStockSharesOutstanding
ALXN,2018-10-24,2018-10-22,223096632,dei:EntityCommonStockSharesOutstanding
ALXN,2019-02-06,2019-01-31,223469381,dei:EntityCommonStockSharesOutstanding
ALXN,2019-04-25,2019-04-23,224237214,dei:EntityCommonStockSharesOutstanding
ALXN,2019-07-24,2019-07-22,224226878,dei:EntityCommonStockSharesOutstanding
ALXN,2019-10-23,2019-10-21,221290691,dei:EntityCommonStockSharesOutstanding
ALXN,2020-02-04,2020-01-29,221400872,dei:EntityCommonStockSharesOutstanding
ALXN,2020-05-06,2020-05-04,220827431,dei:EntityCommonStockSharesOutstanding
ALXN,2020-07-30,2020-07-28,219172983,dei:EntityCommonStockSharesOutstanding
ALXN,2020-10-29,2020-10-27,218845432,dei:EntityCommonStockSharesOutstanding
ALXN,2021-02-08,2021-02-04,219711754,dei:EntityCommonStockSharesOutstanding
ALXN,2021-02-16,2021-02-12,219847960,dei:EntityCommonStockSharesOutstanding
ALXN,2021-04-30,2021-04-28,221019230,dei:EntityCommonStockSharesOutstanding
AMAT,2009-09-01,2009-07-26,1333714002,dei:EntityCommonStockSharesOutstanding
AMAT,2009-12-11,2009-11-20,1341259033,dei:EntityCommonStockSharesOutstanding
AMAT,2010-03-09,2010-01-31,1343270238,dei:EntityCommonStockSharesOutstanding
AMAT,2010-06-09,2010-05-02,1342979263,dei:EntityCommonStockSharesOutstanding
AMAT,2010-09-03,2010-08-01,1336068013,dei:EntityCommonStockSharesOutstanding
AMAT,2010-12-10,2010-11-19,1327685208,dei:EntityCommonStockSharesOutstanding
AMAT,2011-02-28,2011-01-30,1319407222,dei:EntityCommonStockSharesOutstanding
AMAT,2011-05-31,2011-05-01,1318250161,dei:EntityCommonStockSharesOutstanding
AMAT,2011-08-26,2011-07-31,1317531478,dei:EntityCommonStockSharesOutstanding
AMAT,2011-12-06,2011-11-20,1305637099,dei:EntityCommonStockSharesOutstanding
AMAT,2012-02-27,2012-01-29,1291121831,dei:EntityCommonStockSharesOutstanding
AMAT,2012-05-24,2012-04-29,1281712814,dei:EntityCommonStockSharesOutstanding
AMAT,2012-08-23,2012-07-29,1237495151,dei:EntityCommonStockSharesOutstanding
AMAT,2012-12-05,2012-11-21,1197659704,dei:EntityCommonStockSharesOutstanding
AMAT,2013-02-21,2013-01-27,1200044358,dei:EntityCommonStockSharesOutstanding
AMAT,2013-05-23,2013-04-28,1201600676,dei:EntityCommonStockSharesOutstanding
AMAT,2013-08-22,2013-07-28,1202826487,dei:EntityCommonStockSharesOutstanding
AMAT,2013-12-04,2013-11-21,1204183467,dei:EntityCommonStockSharesOutstanding
AMAT,2014-02-20,2014-01-31,1211068250,dei:EntityCommonStockSharesOutstanding
AMAT,2014-05-22,2014-05-09,1217401400,dei:EntityCommonStockSharesOutstanding
AMAT,2014-08-21,2014-07-27,1218394316,dei:EntityCommonStockSharesOutstanding
AMAT,2014-12-17,2014-12-12,1221471983,dei:EntityCommonStockSharesOutstanding
AMAT,2015-02-19,2015-02-11,1228696722,dei:EntityCommonStockSharesOutstanding
AMAT,2015-05-21,2015-04-26,1231598278,dei:EntityCommonStockSharesOutstanding
AMAT,2015-08-20,2015-07-26,1200619417,dei:EntityCommonStockSharesOutstanding
AMAT,2015-12-09,2015-12-03,1149133389,dei:EntityCommonStockSharesOutstanding
AMAT,2016-02-25,2016-01-31,1130724579,dei:EntityCommonStockSharesOutstanding
AMAT,2016-05-26,2016-05-01,1089143904,dei:EntityCommonStockSharesOutstanding
AMAT,2016-08-25,2016-07-31,1080893856,dei:EntityCommonStockSharesOutstanding
AMAT,2016-12-15,2016-12-08,1076570134,dei:EntityCommonStockSharesOutstanding
AMAT,2017-02-23,2017-01-29,1079831003,dei:EntityCommonStockSharesOutstanding
AMAT,2017-05-25,2017-04-30,1074631708,dei:EntityCommonStockSharesOutstanding
AMAT,2017-08-24,2017-07-30,1066487165,dei:EntityCommonStockSharesOutstanding
AMAT,2017-12-15,2017-12-08,1056340714,dei:EntityCommonStockSharesOutstanding
AMAT,2018-02-22,2018-01-28,1050687501,dei:EntityCommonStockSharesOutstanding
AMAT,2018-05-24,2018-04-29,1008047762,dei:EntityCommonStockSharesOutstanding
AMAT,2018-08-23,2018-07-29,982990521,dei:EntityCommonStockSharesOutstanding
AMAT,2018-12-13,2018-12-07,958606093,dei:EntityCommonStockSharesOutstanding
AMAT,2019-02-21,2019-01-27,949392609,dei:EntityCommonStockSharesOutstanding
AMAT,2019-05-23,2019-04-28,936104929,dei:EntityCommonStockSharesOutstanding
AMAT,2019-08-22,2019-07-28,923753756,dei:EntityCommonStockSharesOutstanding
AMAT,2019-12-13,2019-12-06,915304098,dei:EntityCommonStockSharesOutstanding
AMAT,2020-02-20,2020-01-26,918305114,dei:EntityCommonStockSharesOutstanding
AMAT,2020-05-21,2020-04-26,916479293,dei:EntityCommonStockSharesOutstanding
AMAT,2020-08-20,2020-07-26,913282764,dei:EntityCommonStockSharesOutstanding
AMAT,2020-12-11,2020-12-04,914344189,dei:EntityCommonStockSharesOutstanding
AMAT,2021-02-25,2021-01-31,917660832,dei:EntityCommonStockSharesOutstanding
AMAT,2021-05-27,2021-05-02,913980756,dei:EntityCommonStockSharesOutstanding
AMAT,2021-08-26,2021-08-01,902928500,dei:EntityCommonStockSharesOutstanding
AMAT,2021-12-17,2021-12-10,888513248,dei:EntityCommonStockSharesOutstanding
AMAT,2022-02-24,2022-01-30,883394639,dei:EntityCommonStockSharesOutstanding
AMAT,2022-05-26,2022-05-01,869947277,dei:EntityCommonStockSharesOutstanding
AMAT,2022-08-25,2022-07-31,860309377,dei:EntityCommonStockSharesOutstanding
AMAT,2022-12-16,2022-12-09,844139722,dei:EntityCommonStockSharesOutstanding
AMAT,2023-02-23,2023-01-29,845118427,dei:EntityCommonStockSharesOutstanding
AMAT,2023-05-26,2023-04-30,839747415,dei:EntityCommonStockSharesOutstanding
AMAT,2023-08-24,2023-07-30,836533852,dei:EntityCommonStockSharesOutstanding
AMAT,2023-12-15,2023-12-08,831067105,dei:EntityCommonStockSharesOutstanding
AMAT,2024-02-27,2024-01-28,830897356,dei:EntityCommonStockSharesOutstanding
AMAT,2024-05-23,2024-04-28,827974828,dei:EntityCommonStockSharesOutstanding
AMAT,2024-08-22,2024-07-28,824404088,dei:EntityCommonStockSharesOutstanding
AMAT,2024-12-13,2024-12-06,813684638,dei:EntityCommonStockSharesOutstanding
AMAT,2025-02-20,2025-01-26,812440849,dei:EntityCommonStockSharesOutstanding
AMAT,2025-05-22,2025-04-27,802498217,dei:EntityCommonStockSharesOutstanding
AMAT,2025-08-21,2025-07-27,796642427,dei:EntityCommonStockSharesOutstanding
AMAT,2025-12-12,2025-12-05,792943366,dei:EntityCommonStockSharesOutstanding
AMAT,2026-02-19,2026-01-25,793609867,dei:EntityCommonStockSharesOutstanding
AMAT,2026-05-21,2026-04-26,793959430,dei:EntityCommonStockSharesOutstanding
AMD,2010-08-04,2010-07-30,674570113,dei:EntityCommonStockSharesOutstanding
AMD,2010-11-03,2010-10-25,681762518,dei:EntityCommonStockSharesOutstanding
AMD,2011-02-18,2011-02-14,685229616,dei:EntityCommonStockSharesOutstanding
AMD,2011-05-10,2011-05-02,687543533,dei:EntityCommonStockSharesOutstanding
AMD,2011-08-10,2011-08-02,691332302,dei:EntityCommonStockSharesOutstanding
AMD,2011-11-09,2011-11-01,696922739,dei:EntityCommonStockSharesOutstanding
AMD,2012-02-24,2012-02-17,698485070,dei:EntityCommonStockSharesOutstanding
AMD,2012-05-09,2012-05-02,701348804,dei:EntityCommonStockSharesOutstanding
AMD,2012-08-02,2012-07-27,707555106000000,dei:EntityCommonStockSharesOutstanding
AMD,2012-11-01,2012-10-29,711947807,dei:EntityCommonStockSharesOutstanding
AMD,2013-02-21,2013-02-15,714077254,dei:EntityCommonStockSharesOutstanding
AMD,2013-05-06,2013-04-29,714485630,dei:EntityCommonStockSharesOutstanding
AMD,2013-08-01,2013-07-29,720015466,dei:EntityCommonStockSharesOutstanding
AMD,2013-10-30,2013-10-28,723686830,dei:EntityCommonStockSharesOutstanding
AMD,2014-02-18,2014-02-14,726115663,dei:EntityCommonStockSharesOutstanding
AMD,2014-05-01,2014-04-28,762041883,dei:EntityCommonStockSharesOutstanding
AMD,2014-07-31,2014-07-28,765509752,dei:EntityCommonStockSharesOutstanding
AMD,2014-10-30,2014-10-27,775340409,dei:EntityCommonStockSharesOutstanding
AMD,2015-02-19,2015-02-13,777300258,dei:EntityCommonStockSharesOutstanding
AMD,2015-04-29,2015-04-24,778059809,dei:EntityCommonStockSharesOutstanding
AMD,2015-07-30,2015-07-24,779177660,dei:EntityCommonStockSharesOutstanding
AMD,2015-11-03,2015-10-29,790189438,dei:EntityCommonStockSharesOutstanding
AMD,2016-02-18,2016-02-12,793248190,dei:EntityCommonStockSharesOutstanding
AMD,2016-04-28,2016-04-22,793519835,dei:EntityCommonStockSharesOutstanding
AMD,2016-07-26,2016-07-21,795557811,dei:EntityCommonStockSharesOutstanding
AMD,2016-10-26,2016-10-21,926868716,dei:EntityCommonStockSharesOutstanding
AMD,2017-02-21,2017-02-10,940758118,dei:EntityCommonStockSharesOutstanding
AMD,2017-05-08,2017-05-04,945016174,dei:EntityCommonStockSharesOutstanding
AMD,2017-08-03,2017-07-28,946779039,dei:EntityCommonStockSharesOutstanding
AMD,2017-11-02,2017-10-27,964798603,dei:EntityCommonStockSharesOutstanding
AMD,2018-02-27,2018-02-23,969110191,dei:EntityCommonStockSharesOutstanding
AMD,2018-05-03,2018-04-27,969343988,dei:EntityCommonStockSharesOutstanding
AMD,2018-08-02,2018-07-27,974872409,dei:EntityCommonStockSharesOutstanding
AMD,2018-10-31,2018-10-26,999407216,dei:EntityCommonStockSharesOutstanding
AMD,2019-02-08,2019-02-01,1005298882,dei:EntityCommonStockSharesOutstanding
AMD,2019-05-01,2019-04-26,1081600723,dei:EntityCommonStockSharesOutstanding
AMD,2019-07-31,2019-07-26,1085546359,dei:EntityCommonStockSharesOutstanding
AMD,2019-10-30,2019-10-25,1113627528,dei:EntityCommonStockSharesOutstanding
AMD,2020-02-04,2020-01-31,1169661536,dei:EntityCommonStockSharesOutstanding
AMD,2020-04-29,2020-04-24,1171190397,dei:EntityCommonStockSharesOutstanding
AMD,2020-07-29,2020-07-24,1174056713,dei:EntityCommonStockSharesOutstanding
AMD,2020-10-28,2020-10-23,1202711638,dei:EntityCommonStockSharesOutstanding
AMD,2021-01-29,2021-01-22,1211280009,dei:EntityCommonStockSharesOutstanding
AMD,2021-04-28,2021-04-23,1215020976,dei:EntityCommonStockSharesOutstanding
AMD,2021-07-28,2021-07-23,1212965282,dei:EntityCommonStockSharesOutstanding
AMD,2021-10-27,2021-10-22,1207610455,dei:EntityCommonStockSharesOutstanding
AMD,2022-02-03,2022-01-28,1199303422,dei:EntityCommonStockSharesOutstanding
AMD,2022-05-04,2022-04-27,1620507904,dei:EntityCommonStockSharesOutstanding
AMD,2022-08-03,2022-07-28,1614320900,dei:EntityCommonStockSharesOutstanding
AMD,2022-11-02,2022-10-28,1612356162,dei:EntityCommonStockSharesOutstanding
AMD,2023-02-27,2023-02-22,1611388217,dei:EntityCommonStockSharesOutstanding
AMD,2023-05-03,2023-04-28,1610361870,dei:EntityCommonStockSharesOutstanding
AMD,2023-08-02,2023-07-28,1615671380,dei:EntityCommonStockSharesOutstanding
AMD,2023-11-01,2023-10-27,1615498891,dei:EntityCommonStockSharesOutstanding
AMD,2024-01-31,2024-01-25,1615786841,dei:EntityCommonStockSharesOutstanding
AMD,2024-05-01,2024-04-25,1616313871,dei:EntityCommonStockSharesOutstanding
AMD,2024-07-31,2024-07-24,1618481845,dei:EntityCommonStockSharesOutstanding
AMD,2024-10-30,2024-10-23,1622807346,dei:EntityCommonStockSharesOutstanding
AMD,2025-02-05,2025-01-30,1620477962,dei:EntityCommonStockSharesOutstanding
AMD,2025-05-07,2025-05-01,1621404195,dei:EntityCommonStockSharesOutstanding
AMD,2025-08-06,2025-07-30,1622843689,dei:EntityCommonStockSharesOutstanding
AMD,2025-11-05,2025-10-30,1628041540,dei:EntityCommonStockSharesOutstanding
AMD,2026-02-04,2026-01-30,1630410843,dei:EntityCommonStockSharesOutstanding
AMD,2026-05-06,2026-04-29,1630600639,dei:EntityCommonStockSharesOutstanding
AMGN,2009-08-10,2009-08-03,1015476612,dei:EntityCommonStockSharesOutstanding
AMGN,2009-11-06,2009-11-02,1012138434,dei:EntityCommonStockSharesOutstanding
AMGN,2010-03-01,2010-02-12,979301627,dei:EntityCommonStockSharesOutstanding
AMGN,2010-05-07,2010-05-03,957938383,dei:EntityCommonStockSharesOutstanding
AMGN,2010-08-09,2010-07-30,958474477,dei:EntityCommonStockSharesOutstanding
AMGN,2010-11-08,2010-10-29,944815396,dei:EntityCommonStockSharesOutstanding
AMGN,2011-02-25,2011-02-11,932452902,dei:EntityCommonStockSharesOutstanding
AMGN,2011-05-10,2011-04-29,929730507,dei:EntityCommonStockSharesOutstanding
AMGN,2011-08-08,2011-07-27,924091356,dei:EntityCommonStockSharesOutstanding
AMGN,2011-11-04,2011-10-26,876544275,dei:EntityCommonStockSharesOutstanding
AMGN,2012-02-29,2012-02-10,791432134,dei:EntityCommonStockSharesOutstanding
AMGN,2012-05-08,2012-04-26,777707877,dei:EntityCommonStockSharesOutstanding
AMGN,2012-08-08,2012-07-25,770768879,dei:EntityCommonStockSharesOutstanding
AMGN,2012-11-06,2012-10-29,767355259,dei:EntityCommonStockSharesOutstanding
AMGN,2013-02-27,2013-02-19,748430018,dei:EntityCommonStockSharesOutstanding
AMGN,2013-05-03,2013-04-24,749976556,dei:EntityCommonStockSharesOutstanding
AMGN,2013-08-06,2013-07-30,753356209,dei:EntityCommonStockSharesOutstanding
AMGN,2013-10-29,2013-10-22,754126197,dei:EntityCommonStockSharesOutstanding
AMGN,2014-02-24,2014-02-13,755007290,dei:EntityCommonStockSharesOutstanding
AMGN,2014-04-30,2014-04-22,757021648,dei:EntityCommonStockSharesOutstanding
AMGN,2014-08-05,2014-07-29,759607230,dei:EntityCommonStockSharesOutstanding
AMGN,2014-10-29,2014-10-21,760670000,dei:EntityCommonStockSharesOutstanding
AMGN,2015-02-19,2015-02-12,758861306,dei:EntityCommonStockSharesOutstanding
AMGN,2015-04-27,2015-04-20,760323664,dei:EntityCommonStockSharesOutstanding
AMGN,2015-08-05,2015-07-28,758250346,dei:EntityCommonStockSharesOutstanding
AMGN,2015-11-02,2015-10-27,754327866,dei:EntityCommonStockSharesOutstanding
AMGN,2016-02-16,2016-02-09,752091038,dei:EntityCommonStockSharesOutstanding
AMGN,2016-05-02,2016-04-25,751217078,dei:EntityCommonStockSharesOutstanding
AMGN,2016-07-29,2016-07-25,748360906,dei:EntityCommonStockSharesOutstanding
AMGN,2016-10-28,2016-10-24,743922473,dei:EntityCommonStockSharesOutstanding
AMGN,2017-02-14,2017-02-09,736452791,dei:EntityCommonStockSharesOutstanding
AMGN,2017-04-27,2017-04-18,735399128,dei:EntityCommonStockSharesOutstanding
AMGN,2017-07-26,2017-07-18,729674773,dei:EntityCommonStockSharesOutstanding
AMGN,2017-10-26,2017-10-17,725910575,dei:EntityCommonStockSharesOutstanding
AMGN,2018-02-13,2018-02-09,720562246,dei:EntityCommonStockSharesOutstanding
AMGN,2018-04-25,2018-04-18,661706007,dei:EntityCommonStockSharesOutstanding
AMGN,2018-07-27,2018-07-18,647272067,dei:EntityCommonStockSharesOutstanding
AMGN,2018-10-31,2018-10-24,637219244,dei:EntityCommonStockSharesOutstanding
AMGN,2019-02-13,2019-02-07,622278034,dei:EntityCommonStockSharesOutstanding
AMGN,2019-05-01,2019-04-24,609935682,dei:EntityCommonStockSharesOutstanding
AMGN,2019-07-31,2019-07-24,599701222,dei:EntityCommonStockSharesOutstanding
AMGN,2019-10-30,2019-10-23,594183541,dei:EntityCommonStockSharesOutstanding
AMGN,2020-02-12,2020-02-06,589806819,dei:EntityCommonStockSharesOutstanding
AMGN,2020-05-01,2020-04-27,588247399,dei:EntityCommonStockSharesOutstanding
AMGN,2020-07-29,2020-07-23,585693775,dei:EntityCommonStockSharesOutstanding
AMGN,2020-10-29,2020-10-23,582168612,dei:EntityCommonStockSharesOutstanding
AMGN,2021-02-09,2021-02-03,577566383,dei:EntityCommonStockSharesOutstanding
AMGN,2021-04-28,2021-04-22,574553986,dei:EntityCommonStockSharesOutstanding
AMGN,2021-08-04,2021-07-29,567852353,dei:EntityCommonStockSharesOutstanding
AMGN,2021-11-03,2021-10-28,563265902,dei:EntityCommonStockSharesOutstanding
AMGN,2022-02-16,2022-02-11,557029370,dei:EntityCommonStockSharesOutstanding
AMGN,2022-04-28,2022-04-22,534199933,dei:EntityCommonStockSharesOutstanding
AMGN,2022-08-05,2022-08-01,534930850,dei:EntityCommonStockSharesOutstanding
AMGN,2022-11-04,2022-10-31,533579206,dei:EntityCommonStockSharesOutstanding
AMGN,2023-02-09,2023-02-06,533976238,dei:EntityCommonStockSharesOutstanding
AMGN,2023-04-28,2023-04-24,534326594,dei:EntityCommonStockSharesOutstanding
AMGN,2023-08-04,2023-07-31,534901181,dei:EntityCommonStockSharesOutstanding
AMGN,2023-10-31,2023-10-26,535178027,dei:EntityCommonStockSharesOutstanding
AMGN,2024-02-14,2024-02-09,535918901,dei:EntityCommonStockSharesOutstanding
AMGN,2024-05-03,2024-04-29,536434692,dei:EntityCommonStockSharesOutstanding
AMGN,2024-08-07,2024-08-01,537329220,dei:EntityCommonStockSharesOutstanding
AMGN,2024-10-31,2024-10-25,537532723,dei:EntityCommonStockSharesOutstanding
AMGN,2025-02-14,2025-02-11,537204943,dei:EntityCommonStockSharesOutstanding
AMGN,2025-05-02,2025-04-28,537706118,dei:EntityCommonStockSharesOutstanding
AMGN,2025-08-06,2025-07-31,538361851,dei:EntityCommonStockSharesOutstanding
AMGN,2025-11-05,2025-10-30,538480671,dei:EntityCommonStockSharesOutstanding
AMGN,2026-02-13,2026-02-10,539067675,dei:EntityCommonStockSharesOutstanding
AMGN,2026-05-01,2026-04-27,539708274,dei:EntityCommonStockSharesOutstanding
AMZN,2009-07-24,2009-07-17,431807370,dei:EntityCommonStockSharesOutstanding
AMZN,2009-10-23,2009-10-19,432982766,dei:EntityCommonStockSharesOutstanding
AMZN,2010-01-29,2010-01-22,444546442,dei:EntityCommonStockSharesOutstanding
AMZN,2010-04-23,2010-04-16,445671637,dei:EntityCommonStockSharesOutstanding
AMZN,2010-07-23,2010-07-15,447825009,dei:EntityCommonStockSharesOutstanding
AMZN,2010-10-22,2010-10-14,448836757,dei:EntityCommonStockSharesOutstanding
AMZN,2011-01-28,2011-01-19,451003759,dei:EntityCommonStockSharesOutstanding
AMZN,2011-04-27,2011-04-19,452043073,dei:EntityCommonStockSharesOutstanding
AMZN,2011-07-27,2011-07-15,453935325,dei:EntityCommonStockSharesOutstanding
AMZN,2011-10-26,2011-10-14,454754345,dei:EntityCommonStockSharesOutstanding
AMZN,2012-02-01,2012-01-19,455068465,dei:EntityCommonStockSharesOutstanding
AMZN,2012-04-27,2012-04-13,450525501,dei:EntityCommonStockSharesOutstanding
AMZN,2012-07-27,2012-07-13,452065256,dei:EntityCommonStockSharesOutstanding
AMZN,2012-10-26,2012-10-12,452958533,dei:EntityCommonStockSharesOutstanding
AMZN,2013-01-30,2013-01-18,454551069,dei:EntityCommonStockSharesOutstanding
AMZN,2013-04-26,2013-04-12,455242694,dei:EntityCommonStockSharesOutstanding
AMZN,2013-07-26,2013-07-12,456883519,dei:EntityCommonStockSharesOutstanding
AMZN,2013-10-25,2013-10-11,457733620,dei:EntityCommonStockSharesOutstanding
AMZN,2014-01-31,2014-01-17,459264535,dei:EntityCommonStockSharesOutstanding
AMZN,2014-04-25,2014-04-16,460167404,dei:EntityCommonStockSharesOutstanding
AMZN,2014-07-25,2014-07-16,462036113,dei:EntityCommonStockSharesOutstanding
AMZN,2014-10-24,2014-10-15,463006452,dei:EntityCommonStockSharesOutstanding
AMZN,2015-01-30,2015-01-16,464383939,dei:EntityCommonStockSharesOutstanding
AMZN,2015-04-24,2015-04-15,465680957,dei:EntityCommonStockSharesOutstanding
AMZN,2015-07-24,2015-07-15,467710218,dei:EntityCommonStockSharesOutstanding
AMZN,2015-10-23,2015-10-14,468762005,dei:EntityCommonStockSharesOutstanding
AMZN,2016-01-29,2016-01-20,470842035,dei:EntityCommonStockSharesOutstanding
AMZN,2016-04-29,2016-04-20,471827960,dei:EntityCommonStockSharesOutstanding
AMZN,2016-07-29,2016-07-20,474073542,dei:EntityCommonStockSharesOutstanding
AMZN,2016-10-28,2016-10-19,475166527,dei:EntityCommonStockSharesOutstanding
AMZN,2017-02-10,2017-01-25,477170618,dei:EntityCommonStockSharesOutstanding
AMZN,2017-04-28,2017-04-18,477975499,dei:EntityCommonStockSharesOutstanding
AMZN,2017-07-28,2017-07-18,480379517,dei:EntityCommonStockSharesOutstanding
AMZN,2017-10-27,2017-10-18,481872175,dei:EntityCommonStockSharesOutstanding
AMZN,2018-02-02,2018-01-24,484107183,dei:EntityCommonStockSharesOutstanding
AMZN,2018-04-27,2018-04-18,485226904,dei:EntityCommonStockSharesOutstanding
AMZN,2018-07-27,2018-07-18,487741189,dei:EntityCommonStockSharesOutstanding
AMZN,2018-10-26,2018-10-17,488968628,dei:EntityCommonStockSharesOutstanding
AMZN,2019-02-01,2019-01-23,491202890,dei:EntityCommonStockSharesOutstanding
AMZN,2019-04-26,2019-04-17,492331776,dei:EntityCommonStockSharesOutstanding
AMZN,2019-07-26,2019-07-17,494656015,dei:EntityCommonStockSharesOutstanding
AMZN,2019-10-25,2019-10-16,495797220,dei:EntityCommonStockSharesOutstanding
AMZN,2020-01-31,2020-01-22,497810444,dei:EntityCommonStockSharesOutstanding
AMZN,2020-05-01,2020-04-22,498776032,dei:EntityCommonStockSharesOutstanding
AMZN,2020-07-31,2020-07-22,500889651,dei:EntityCommonStockSharesOutstanding
AMZN,2020-10-30,2020-10-21,501751183,dei:EntityCommonStockSharesOutstanding
AMZN,2021-02-03,2021-01-20,503564743,dei:EntityCommonStockSharesOutstanding
AMZN,2021-04-30,2021-04-21,504323736,dei:EntityCommonStockSharesOutstanding
AMZN,2021-07-30,2021-07-21,506440520,dei:EntityCommonStockSharesOutstanding
AMZN,2021-10-29,2021-10-20,507147620,dei:EntityCommonStockSharesOutstanding
AMZN,2022-02-04,2022-01-26,508844410,dei:EntityCommonStockSharesOutstanding
AMZN,2022-04-29,2022-04-20,508720481,dei:EntityCommonStockSharesOutstanding
AMZN,2022-07-29,2022-07-20,10187554818,dei:EntityCommonStockSharesOutstanding
AMZN,2022-10-28,2022-10-19,10201654176,dei:EntityCommonStockSharesOutstanding
AMZN,2023-02-03,2023-01-25,10247259757,dei:EntityCommonStockSharesOutstanding
AMZN,2023-04-28,2023-04-19,10260353688,dei:EntityCommonStockSharesOutstanding
AMZN,2023-08-04,2023-07-21,10317750796,dei:EntityCommonStockSharesOutstanding
AMZN,2023-10-27,2023-10-18,10334030586,dei:EntityCommonStockSharesOutstanding
AMZN,2024-02-02,2024-01-24,10387381291,dei:EntityCommonStockSharesOutstanding
AMZN,2024-05-01,2024-04-24,10406627415,dei:EntityCommonStockSharesOutstanding
AMZN,2024-08-02,2024-07-24,10495566881,dei:EntityCommonStockSharesOutstanding
AMZN,2024-11-01,2024-10-18,10515011008,dei:EntityCommonStockSharesOutstanding
AMZN,2025-02-07,2025-01-29,10597729352,dei:EntityCommonStockSharesOutstanding
AMZN,2025-05-02,2025-04-23,10616352407,dei:EntityCommonStockSharesOutstanding
AMZN,2025-08-01,2025-07-23,10664912097,dei:EntityCommonStockSharesOutstanding
AMZN,2025-10-31,2025-10-22,10690216011,dei:EntityCommonStockSharesOutstanding
AMZN,2026-02-06,2026-01-28,10734920870,dei:EntityCommonStockSharesOutstanding
AMZN,2026-04-30,2026-04-22,10757109436,dei:EntityCommonStockSharesOutstanding
ANSS,2010-08-05,2010-07-30,90894908,dei:EntityCommonStockSharesOutstanding
ANSS,2010-11-04,2010-10-29,90998349,dei:EntityCommonStockSharesOutstanding
ANSS,2011-02-25,2011-02-18,91777773,dei:EntityCommonStockSharesOutstanding
ANSS,2011-05-05,2011-04-30,91807599,dei:EntityCommonStockSharesOutstanding
ANSS,2011-08-04,2011-07-29,92232878,dei:EntityCommonStockSharesOutstanding
ANSS,2011-11-03,2011-10-31,92380401,dei:EntityCommonStockSharesOutstanding
ANSS,2012-02-23,2012-02-16,92780708,dei:EntityCommonStockSharesOutstanding
ANSS,2012-05-03,2012-04-27,93146587,dei:EntityCommonStockSharesOutstanding
ANSS,2012-08-02,2012-07-27,92334047,dei:EntityCommonStockSharesOutstanding
ANSS,2012-11-01,2012-10-26,92637661,dei:EntityCommonStockSharesOutstanding
ANSS,2013-02-28,2013-02-20,92939969,dei:EntityCommonStockSharesOutstanding
ANSS,2013-05-02,2013-04-26,93207026,dei:EntityCommonStockSharesOutstanding
ANSS,2013-08-01,2013-07-26,92436785,dei:EntityCommonStockSharesOutstanding
ANSS,2013-11-07,2013-10-31,92659798,dei:EntityCommonStockSharesOutstanding
ANSS,2014-02-27,2014-02-20,92539594,dei:EntityCommonStockSharesOutstanding
ANSS,2014-05-01,2014-04-25,92662931,dei:EntityCommonStockSharesOutstanding
ANSS,2014-08-05,2014-07-31,92015710,dei:EntityCommonStockSharesOutstanding
ANSS,2014-11-05,2014-10-31,91908430,dei:EntityCommonStockSharesOutstanding
ANSS,2015-02-26,2015-02-20,90023551,dei:EntityCommonStockSharesOutstanding
ANSS,2015-05-06,2015-04-30,89772367,dei:EntityCommonStockSharesOutstanding
ANSS,2015-08-05,2015-07-30,90144103,dei:EntityCommonStockSharesOutstanding
ANSS,2015-11-05,2015-10-31,88992196,dei:EntityCommonStockSharesOutstanding
ANSS,2016-02-25,2016-02-16,88204974,dei:EntityCommonStockSharesOutstanding
ANSS,2016-05-05,2016-04-30,88040822,dei:EntityCommonStockSharesOutstanding
ANSS,2016-08-04,2016-07-31,87218326,dei:EntityCommonStockSharesOutstanding
ANSS,2016-11-03,2016-10-31,86527137,dei:EntityCommonStockSharesOutstanding
ANSS,2017-02-23,2017-02-14,85373363,dei:EntityCommonStockSharesOutstanding
ANSS,2017-05-04,2017-04-30,85496576,dei:EntityCommonStockSharesOutstanding
ANSS,2017-08-03,2017-07-31,84760673,dei:EntityCommonStockSharesOutstanding
ANSS,2017-11-02,2017-10-31,84860473,dei:EntityCommonStockSharesOutstanding
ANSS,2018-02-22,2018-02-16,83871362,dei:EntityCommonStockSharesOutstanding
ANSS,2018-05-03,2018-04-30,84016872,dei:EntityCommonStockSharesOutstanding
ANSS,2018-08-07,2018-07-31,84297814,dei:EntityCommonStockSharesOutstanding
ANSS,2018-11-08,2018-10-31,83560018,dei:EntityCommonStockSharesOutstanding
ANSS,2019-02-28,2019-02-22,83771828,dei:EntityCommonStockSharesOutstanding
ANSS,2019-05-02,2019-04-26,83928433,dei:EntityCommonStockSharesOutstanding
ANSS,2019-08-06,2019-07-31,84100767,dei:EntityCommonStockSharesOutstanding
ANSS,2019-11-07,2019-10-31,84189728,dei:EntityCommonStockSharesOutstanding
ANSS,2020-02-27,2020-02-20,85914375,dei:EntityCommonStockSharesOutstanding
ANSS,2020-05-06,2020-04-30,85595438,dei:EntityCommonStockSharesOutstanding
ANSS,2020-08-05,2020-07-31,85789237,dei:EntityCommonStockSharesOutstanding
ANSS,2020-11-04,2020-10-31,85884127,dei:EntityCommonStockSharesOutstanding
ANSS,2021-02-24,2021-02-17,86751764,dei:EntityCommonStockSharesOutstanding
ANSS,2021-05-05,2021-04-30,87151573,dei:EntityCommonStockSharesOutstanding
ANSS,2021-08-04,2021-07-31,87252523,dei:EntityCommonStockSharesOutstanding
ANSS,2021-11-03,2021-10-31,87252950,dei:EntityCommonStockSharesOutstanding
ANSS,2022-02-23,2022-02-16,87229991,dei:EntityCommonStockSharesOutstanding
ANSS,2022-05-04,2022-04-30,86990120,dei:EntityCommonStockSharesOutstanding
ANSS,2022-08-03,2022-07-31,87068665,dei:EntityCommonStockSharesOutstanding
ANSS,2022-11-02,2022-10-28,87112235,dei:EntityCommonStockSharesOutstanding
ANSS,2023-02-22,2023-02-15,87085890,dei:EntityCommonStockSharesOutstanding
ANSS,2023-05-03,2023-04-28,86661338,dei:EntityCommonStockSharesOutstanding
ANSS,2023-08-02,2023-07-28,86791073,dei:EntityCommonStockSharesOutstanding
ANSS,2023-11-01,2023-10-27,86872803,dei:EntityCommonStockSharesOutstanding
ANSS,2024-02-21,2024-02-14,87017807,dei:EntityCommonStockSharesOutstanding
ANSS,2024-05-01,2024-04-26,87299981,dei:EntityCommonStockSharesOutstanding
ANSS,2024-07-31,2024-07-26,87386644,dei:EntityCommonStockSharesOutstanding
ANSS,2024-11-06,2024-11-01,87449954,dei:EntityCommonStockSharesOutstanding
ANSS,2025-02-19,2025-02-14,87651781,dei:EntityCommonStockSharesOutstanding
ANSS,2025-04-30,2025-04-25,87916143,dei:EntityCommonStockSharesOutstanding
APP,2021-08-13,2021-06-30,598529720,us-gaap:CommonStockSharesOutstanding
APP,2021-11-12,2021-09-30,373641135,us-gaap:CommonStockSharesOutstanding
APP,2022-03-11,2021-12-31,375089360,us-gaap:CommonStockSharesOutstanding
APP,2022-05-13,2022-03-31,375286039,us-gaap:CommonStockSharesOutstanding
APP,2022-08-12,2022-06-30,373184049,us-gaap:CommonStockSharesOutstanding
APP,2022-11-10,2022-09-30,371649578,us-gaap:CommonStockSharesOutstanding
APP,2023-02-28,2022-12-31,373873683,us-gaap:CommonStockSharesOutstanding
APP,2023-05-10,2023-03-31,371256232,us-gaap:CommonStockSharesOutstanding
APP,2023-08-09,2023-06-30,348496613,us-gaap:CommonStockSharesOutstanding
APP,2023-11-08,2023-09-30,335783928,us-gaap:CommonStockSharesOutstanding
APP,2024-02-26,2023-12-31,339886712,us-gaap:CommonStockSharesOutstanding
APP,2024-05-08,2024-03-31,328958886,us-gaap:CommonStockSharesOutstanding
APP,2024-08-07,2024-06-30,334168646,us-gaap:CommonStockSharesOutstanding
APP,2024-11-06,2024-09-30,335481141,us-gaap:CommonStockSharesOutstanding
APP,2025-02-27,2024-12-31,340041739,us-gaap:CommonStockSharesOutstanding
APP,2025-05-07,2025-03-31,338361559,us-gaap:CommonStockSharesOutstanding
APP,2025-08-06,2025-06-30,338782503,us-gaap:CommonStockSharesOutstanding
APP,2025-11-05,2025-09-30,678575000,us-gaap:CommonStockSharesOutstanding
APP,2026-02-19,2025-12-31,338313000,us-gaap:CommonStockSharesOutstanding
APP,2026-05-06,2026-03-31,336294000,us-gaap:CommonStockSharesOutstanding
ARM,2024-05-29,2024-03-31,1040330497,dei:EntityCommonStockSharesOutstanding
ARM,2025-05-28,2025-03-31,1056513738,dei:EntityCommonStockSharesOutstanding
ARM,2026-05-26,2026-03-31,1064055252,dei:EntityCommonStockSharesOutstanding
ASML,2010-02-26,2009-12-31,433638976,dei:EntityCommonStockSharesOutstanding
ASML,2011-03-09,2010-12-31,436592972,dei:EntityCommonStockSharesOutstanding
ASML,2012-02-14,2011-12-31,413669257,dei:EntityCommonStockSharesOutstanding
ASML,2013-02-13,2012-12-31,407165221,dei:EntityCommonStockSharesOutstanding
ASML,2014-02-12,2013-12-31,440852334,dei:EntityCommonStockSharesOutstanding
ASML,2015-02-11,2014-12-31,432935288,dei:EntityCommonStockSharesOutstanding
ASML,2016-02-05,2015-12-31,427986682,dei:EntityCommonStockSharesOutstanding
ASML,2017-02-08,2016-12-31,429941232,dei:EntityCommonStockSharesOutstanding
ASML,2018-02-07,2017-12-31,427393592,dei:EntityCommonStockSharesOutstanding
ASML,2019-02-06,2018-12-31,421097729,dei:EntityCommonStockSharesOutstanding
ASML,2020-02-12,2019-12-31,419810706,dei:EntityCommonStockSharesOutstanding
ASML,2021-02-10,2020-12-31,416514034,dei:EntityCommonStockSharesOutstanding
ASML,2022-02-09,2021-12-31,402601613,dei:EntityCommonStockSharesOutstanding
ASML,2023-02-15,2022-12-31,394589411,dei:EntityCommonStockSharesOutstanding
ASML,2024-02-14,2023-12-31,393421721,dei:EntityCommonStockSharesOutstanding
ASML,2025-03-05,2024-12-31,393283720,dei:EntityCommonStockSharesOutstanding
ASML,2026-02-25,2025-12-31,385417665,dei:EntityCommonStockSharesOutstanding
ATVI,2009-08-07,2009-07-31,1271537403,dei:EntityCommonStockSharesOutstanding
ATVI,2009-11-06,2009-10-30,1268298995,dei:EntityCommonStockSharesOutstanding
ATVI,2010-03-01,2010-02-22,1249909250,dei:EntityCommonStockSharesOutstanding
ATVI,2010-05-07,2010-04-30,1243905768,dei:EntityCommonStockSharesOutstanding
ATVI,2010-08-06,2010-07-30,1224397305,dei:EntityCommonStockSharesOutstanding
ATVI,2010-11-05,2010-10-29,1206030404,dei:EntityCommonStockSharesOutstanding
ATVI,2011-02-25,2011-02-18,1182249613,dei:EntityCommonStockSharesOutstanding
ATVI,2011-05-09,2011-05-02,1144164508,dei:EntityCommonStockSharesOutstanding
ATVI,2011-08-05,2011-07-29,1142815142,dei:EntityCommonStockSharesOutstanding
ATVI,2011-11-09,2011-11-01,1144219705,dei:EntityCommonStockSharesOutstanding
ATVI,2012-02-28,2012-02-16,1122866712,dei:EntityCommonStockSharesOutstanding
ATVI,2012-05-09,2012-05-01,1111710032,dei:EntityCommonStockSharesOutstanding
ATVI,2012-08-02,2012-07-23,1111086287,dei:EntityCommonStockSharesOutstanding
ATVI,2012-11-07,2012-10-31,1112704853,dei:EntityCommonStockSharesOutstanding
ATVI,2013-02-22,2013-02-15,1113696788,dei:EntityCommonStockSharesOutstanding
ATVI,2013-05-08,2013-05-01,1117541849,dei:EntityCommonStockSharesOutstanding
ATVI,2013-08-01,2013-07-25,1119457954,dei:EntityCommonStockSharesOutstanding
ATVI,2013-11-06,2013-10-30,695432548,dei:EntityCommonStockSharesOutstanding
ATVI,2014-03-03,2014-02-24,712370652,dei:EntityCommonStockSharesOutstanding
ATVI,2014-05-06,2014-04-29,714998372,dei:EntityCommonStockSharesOutstanding
ATVI,2014-08-05,2014-07-29,717482060,dei:EntityCommonStockSharesOutstanding
ATVI,2014-11-04,2014-10-28,719030007,dei:EntityCommonStockSharesOutstanding
ATVI,2015-02-26,2015-02-19,722918352,dei:EntityCommonStockSharesOutstanding
ATVI,2015-05-06,2015-04-29,726186329,dei:EntityCommonStockSharesOutstanding
ATVI,2015-08-04,2015-07-28,729020389,dei:EntityCommonStockSharesOutstanding
ATVI,2015-11-06,2015-11-03,731183860,dei:EntityCommonStockSharesOutstanding
ATVI,2016-02-29,2016-02-22,734998115,dei:EntityCommonStockSharesOutstanding
ATVI,2016-05-09,2016-05-02,738227641,dei:EntityCommonStockSharesOutstanding
ATVI,2016-08-04,2016-07-28,741467062,dei:EntityCommonStockSharesOutstanding
ATVI,2016-11-04,2016-10-27,743213371,dei:EntityCommonStockSharesOutstanding
ATVI,2017-02-28,2017-02-23,751846958,dei:EntityCommonStockSharesOutstanding
ATVI,2017-05-04,2017-04-27,753662407,dei:EntityCommonStockSharesOutstanding
ATVI,2017-08-03,2017-07-27,754921174,dei:EntityCommonStockSharesOutstanding
ATVI,2017-11-02,2017-10-26,756099455,dei:EntityCommonStockSharesOutstanding
ATVI,2018-02-27,2018-02-20,758631663,dei:EntityCommonStockSharesOutstanding
ATVI,2018-05-03,2018-04-26,761226715,dei:EntityCommonStockSharesOutstanding
ATVI,2018-08-02,2018-07-26,762408587,dei:EntityCommonStockSharesOutstanding
ATVI,2018-11-08,2018-11-01,763050718,dei:EntityCommonStockSharesOutstanding
ATVI,2019-02-28,2019-02-21,763833873,dei:EntityCommonStockSharesOutstanding
ATVI,2019-05-02,2019-04-25,766006719,dei:EntityCommonStockSharesOutstanding
ATVI,2019-08-08,2019-08-01,767025940,dei:EntityCommonStockSharesOutstanding
ATVI,2019-11-07,2019-10-31,768260070,dei:EntityCommonStockSharesOutstanding
ATVI,2020-02-27,2020-02-20,769221524,dei:EntityCommonStockSharesOutstanding
ATVI,2020-05-05,2020-04-28,770485455,dei:EntityCommonStockSharesOutstanding
ATVI,2020-08-04,2020-07-28,771872058,dei:EntityCommonStockSharesOutstanding
ATVI,2020-10-29,2020-10-22,772857185,dei:EntityCommonStockSharesOutstanding
ATVI,2021-02-23,2021-02-16,774753965,dei:EntityCommonStockSharesOutstanding
ATVI,2021-05-04,2021-04-27,777016759,dei:EntityCommonStockSharesOutstanding
ATVI,2021-08-03,2021-07-27,777708445,dei:EntityCommonStockSharesOutstanding
ATVI,2021-11-02,2021-10-26,778888584,dei:EntityCommonStockSharesOutstanding
ATVI,2022-02-25,2022-02-18,779234888,dei:EntityCommonStockSharesOutstanding
ATVI,2022-05-03,2022-04-26,781881472,dei:EntityCommonStockSharesOutstanding
ATVI,2022-08-01,2022-07-25,782306592,dei:EntityCommonStockSharesOutstanding
ATVI,2022-11-07,2022-10-31,782625319,dei:EntityCommonStockSharesOutstanding
ATVI,2023-02-23,2023-02-16,784274126,dei:EntityCommonStockSharesOutstanding
ATVI,2023-05-04,2023-04-28,786158727,dei:EntityCommonStockSharesOutstanding
ATVI,2023-07-31,2023-07-24,786798320,dei:EntityCommonStockSharesOutstanding
AVGO,2018-06-14,2018-06-01,431680880,dei:EntityCommonStockSharesOutstanding
AVGO,2018-09-13,2018-08-31,413446755,dei:EntityCommonStockSharesOutstanding
AVGO,2018-12-21,2018-11-30,407270901,dei:EntityCommonStockSharesOutstanding
AVGO,2019-03-15,2019-03-01,395845660,dei:EntityCommonStockSharesOutstanding
AVGO,2019-06-14,2019-05-31,398073576,dei:EntityCommonStockSharesOutstanding
AVGO,2019-09-13,2019-08-30,396670773,dei:EntityCommonStockSharesOutstanding
AVGO,2019-12-20,2019-11-29,397792289,dei:EntityCommonStockSharesOutstanding
AVGO,2020-03-13,2020-02-28,399791345,dei:EntityCommonStockSharesOutstanding
AVGO,2020-06-12,2020-05-29,402185283,dei:EntityCommonStockSharesOutstanding
AVGO,2020-09-11,2020-08-28,404501331,dei:EntityCommonStockSharesOutstanding
AVGO,2020-12-18,2020-11-27,406713118,dei:EntityCommonStockSharesOutstanding
AVGO,2021-03-12,2021-02-26,408302326,dei:EntityCommonStockSharesOutstanding
AVGO,2021-06-11,2021-05-28,410260560,dei:EntityCommonStockSharesOutstanding
AVGO,2021-09-09,2021-08-27,411616288,dei:EntityCommonStockSharesOutstanding
AVGO,2021-12-17,2021-11-26,412873968,dei:EntityCommonStockSharesOutstanding
AVGO,2022-03-10,2022-02-25,408281170,dei:EntityCommonStockSharesOutstanding
AVGO,2022-06-09,2022-05-27,403817700,dei:EntityCommonStockSharesOutstanding
AVGO,2022-09-08,2022-08-26,405001456,dei:EntityCommonStockSharesOutstanding
AVGO,2022-12-16,2022-11-25,417886140,dei:EntityCommonStockSharesOutstanding
AVGO,2023-03-08,2023-02-24,416923664,dei:EntityCommonStockSharesOutstanding
AVGO,2023-06-07,2023-05-26,412685405,dei:EntityCommonStockSharesOutstanding
AVGO,2023-09-06,2023-08-25,412735504,dei:EntityCommonStockSharesOutstanding
AVGO,2023-12-14,2023-11-24,468140569,dei:EntityCommonStockSharesOutstanding
AVGO,2024-03-14,2024-03-01,463421237,dei:EntityCommonStockSharesOutstanding
AVGO,2024-06-13,2024-05-31,465488374,dei:EntityCommonStockSharesOutstanding
AVGO,2024-09-11,2024-08-30,4670576083,dei:EntityCommonStockSharesOutstanding
AVGO,2024-12-20,2024-11-29,4687356156,dei:EntityCommonStockSharesOutstanding
AVGO,2025-03-12,2025-02-28,4701948717,dei:EntityCommonStockSharesOutstanding
AVGO,2025-06-11,2025-05-30,4703470979,dei:EntityCommonStockSharesOutstanding
AVGO,2025-09-10,2025-08-29,4722365022,dei:EntityCommonStockSharesOutstanding
AVGO,2025-12-18,2025-11-28,4741273799,dei:EntityCommonStockSharesOutstanding
AVGO,2026-03-11,2026-02-27,4734668184,dei:EntityCommonStockSharesOutstanding
AVGO,2026-06-09,2026-05-29,4757580198,dei:EntityCommonStockSharesOutstanding
AXON,2011-08-08,2011-08-04,59497286,dei:EntityCommonStockSharesOutstanding
AXON,2011-11-09,2011-11-07,55580092,dei:EntityCommonStockSharesOutstanding
AXON,2012-03-13,2012-03-01,65253641,dei:EntityCommonStockSharesOutstanding
AXON,2012-05-10,2012-05-04,55527504,dei:EntityCommonStockSharesOutstanding
AXON,2012-08-09,2012-08-02,52832306,dei:EntityCommonStockSharesOutstanding
AXON,2012-11-09,2012-11-01,51415562,dei:EntityCommonStockSharesOutstanding
AXON,2013-03-08,2013-02-28,52852256,dei:EntityCommonStockSharesOutstanding
AXON,2013-05-07,2013-04-25,51209946,dei:EntityCommonStockSharesOutstanding
AXON,2013-08-07,2013-07-25,51063990,dei:EntityCommonStockSharesOutstanding
AXON,2013-11-05,2013-10-25,51863702,dei:EntityCommonStockSharesOutstanding
AXON,2014-03-10,2014-02-28,51872391,dei:EntityCommonStockSharesOutstanding
AXON,2014-05-06,2014-04-25,53866585,dei:EntityCommonStockSharesOutstanding
AXON,2014-08-05,2014-07-25,52533203,dei:EntityCommonStockSharesOutstanding
AXON,2014-11-05,2014-10-31,52516777,dei:EntityCommonStockSharesOutstanding
AXON,2015-03-12,2015-02-27,53086538,dei:EntityCommonStockSharesOutstanding
AXON,2015-05-08,2015-04-30,53450185,dei:EntityCommonStockSharesOutstanding
AXON,2015-08-06,2015-07-31,53881744,dei:EntityCommonStockSharesOutstanding
AXON,2015-11-06,2015-10-30,53642562,dei:EntityCommonStockSharesOutstanding
AXON,2016-03-07,2016-02-12,53694071,dei:EntityCommonStockSharesOutstanding
AXON,2016-05-10,2016-04-29,52590850,dei:EntityCommonStockSharesOutstanding
AXON,2016-08-10,2016-07-31,52193385,dei:EntityCommonStockSharesOutstanding
AXON,2016-11-09,2016-10-31,52281856,dei:EntityCommonStockSharesOutstanding
AXON,2017-03-06,2017-02-15,52334648,dei:EntityCommonStockSharesOutstanding
AXON,2017-05-10,2017-04-28,52725058,dei:EntityCommonStockSharesOutstanding
AXON,2017-08-09,2017-07-31,52833429,dei:EntityCommonStockSharesOutstanding
AXON,2017-11-09,2017-10-31,52912769,dei:EntityCommonStockSharesOutstanding
AXON,2018-03-01,2018-02-15,53034299,dei:EntityCommonStockSharesOutstanding
AXON,2018-05-10,2018-04-30,53322608,dei:EntityCommonStockSharesOutstanding
AXON,2018-08-09,2018-07-31,58319695,dei:EntityCommonStockSharesOutstanding
AXON,2018-11-07,2018-10-31,58448574,dei:EntityCommonStockSharesOutstanding
AXON,2019-02-27,2019-02-18,58829384,dei:EntityCommonStockSharesOutstanding
AXON,2019-05-10,2019-04-30,59127439,dei:EntityCommonStockSharesOutstanding
AXON,2019-08-09,2019-07-30,59255274,dei:EntityCommonStockSharesOutstanding
AXON,2019-11-08,2019-10-31,59340965,dei:EntityCommonStockSharesOutstanding
AXON,2020-02-28,2020-02-18,59528200,dei:EntityCommonStockSharesOutstanding
AXON,2020-05-08,2020-04-30,59825208,dei:EntityCommonStockSharesOutstanding
AXON,2020-08-07,2020-07-31,63475579,dei:EntityCommonStockSharesOutstanding
AXON,2020-11-06,2020-10-30,63549898,dei:EntityCommonStockSharesOutstanding
AXON,2021-02-26,2021-02-18,63783849,dei:EntityCommonStockSharesOutstanding
AXON,2021-05-07,2021-04-30,64684364,dei:EntityCommonStockSharesOutstanding
AXON,2021-08-06,2021-07-30,65675685,dei:EntityCommonStockSharesOutstanding
AXON,2021-11-15,2021-11-10,68467571,dei:EntityCommonStockSharesOutstanding
AXON,2022-02-25,2022-02-18,70931874,dei:EntityCommonStockSharesOutstanding
AXON,2022-05-10,2022-05-06,71011451,dei:EntityCommonStockSharesOutstanding
AXON,2022-08-09,2022-08-05,71077807,dei:EntityCommonStockSharesOutstanding
AXON,2022-11-09,2022-11-04,71165354,dei:EntityCommonStockSharesOutstanding
AXON,2023-02-28,2023-02-24,72862227,dei:EntityCommonStockSharesOutstanding
AXON,2023-05-09,2023-05-05,73885305,dei:EntityCommonStockSharesOutstanding
AXON,2023-08-08,2023-08-04,74759989,dei:EntityCommonStockSharesOutstanding
AXON,2023-11-07,2023-11-03,74933831,dei:EntityCommonStockSharesOutstanding
AXON,2024-02-27,2024-02-23,75302832,dei:EntityCommonStockSharesOutstanding
AXON,2024-05-07,2024-05-01,75467220,dei:EntityCommonStockSharesOutstanding
AXON,2024-08-07,2024-07-31,75574344,dei:EntityCommonStockSharesOutstanding
AXON,2024-11-08,2024-11-01,76254776,dei:EntityCommonStockSharesOutstanding
AXON,2025-02-28,2025-02-24,76623266,dei:EntityCommonStockSharesOutstanding
AXON,2025-05-07,2025-05-01,77850812,dei:EntityCommonStockSharesOutstanding
AXON,2025-08-05,2025-07-31,78504440,dei:EntityCommonStockSharesOutstanding
AXON,2025-11-05,2025-10-31,78910466,dei:EntityCommonStockSharesOutstanding
AXON,2026-02-25,2026-02-18,80397675,dei:EntityCommonStockSharesOutstanding
AXON,2026-05-07,2026-04-30,80602077,dei:EntityCommonStockSharesOutstanding
BATRA,2023-11-06,2023-09-30,61720000,us-gaap:WeightedAverageNumberOfSharesOutstandingBasic
BATRA,2024-02-29,2023-12-31,61735000,us-gaap:WeightedAverageNumberOfSharesOutstandingBasic
BATRA,2024-05-08,2024-03-31,61879000,us-gaap:WeightedAverageNumberOfSharesOutstandingBasic
BATRA,2024-08-08,2024-06-30,123861000,us-gaap:WeightedAverageNumberOfSharesOutstandingBasic
BATRA,2024-11-07,2024-09-30,123971000,us-gaap:WeightedAverageNumberOfSharesOutstandingBasic
BATRA,2025-03-03,2024-12-31,62032000,us-gaap:WeightedAverageNumberOfSharesOutstandingBasic
BATRA,2025-05-12,2025-03-31,62574000,us-gaap:WeightedAverageNumberOfSharesOutstandingBasic
BATRA,2025-08-07,2025-06-30,125241000,us-gaap:WeightedAverageNumberOfSharesOutstandingBasic
BATRA,2025-11-05,2025-09-30,125501000,us-gaap:WeightedAverageNumberOfSharesOutstandingBasic
BATRA,2026-02-26,2025-12-31,62754000,us-gaap:WeightedAverageNumberOfSharesOutstandingBasic
BATRA,2026-05-11,2026-03-31,63906000,us-gaap:WeightedAverageNumberOfSharesOutstandingBasic
BATRK,2023-11-06,2023-09-30,61720000,us-gaap:WeightedAverageNumberOfSharesOutstandingBasic
BATRK,2024-02-29,2023-12-31,61735000,us-gaap:WeightedAverageNumberOfSharesOutstandingBasic
BATRK,2024-05-08,2024-03-31,61879000,us-gaap:WeightedAverageNumberOfSharesOutstandingBasic
BATRK,2024-08-08,2024-06-30,123861000,us-gaap:WeightedAverageNumberOfSharesOutstandingBasic
BATRK,2024-11-07,2024-09-30,123971000,us-gaap:WeightedAverageNumberOfSharesOutstandingBasic
BATRK,2025-03-03,2024-12-31,62032000,us-gaap:WeightedAverageNumberOfSharesOutstandingBasic
BATRK,2025-05-12,2025-03-31,62574000,us-gaap:WeightedAverageNumberOfSharesOutstandingBasic
BATRK,2025-08-07,2025-06-30,125241000,us-gaap:WeightedAverageNumberOfSharesOutstandingBasic
BATRK,2025-11-05,2025-09-30,125501000,us-gaap:WeightedAverageNumberOfSharesOutstandingBasic
BATRK,2026-02-26,2025-12-31,62754000,us-gaap:WeightedAverageNumberOfSharesOutstandingBasic
BATRK,2026-05-11,2026-03-31,63906000,us-gaap:WeightedAverageNumberOfSharesOutstandingBasic
BBBY,2011-07-28,2011-07-18,23275723,dei:EntityCommonStockSharesOutstanding
BBBY,2011-10-27,2011-10-14,23276043,dei:EntityCommonStockSharesOutstanding
BBBY,2012-03-02,2012-02-10,23387288,dei:EntityCommonStockSharesOutstanding
BBBY,2012-04-26,2012-04-23,23420641,dei:EntityCommonStockSharesOutstanding
BBBY,2012-07-26,2012-07-23,23447391,dei:EntityCommonStockSharesOutstanding
BBBY,2012-10-25,2012-10-25,23447391,dei:EntityCommonStockSharesOutstanding
BBBY,2013-02-21,2013-02-18,23648271,dei:EntityCommonStockSharesOutstanding
BBBY,2013-04-25,2013-04-22,23650146,dei:EntityCommonStockSharesOutstanding
BBBY,2013-07-25,2013-07-18,23749066,dei:EntityCommonStockSharesOutstanding
BBBY,2013-10-24,2013-10-21,23774066,dei:EntityCommonStockSharesOutstanding
BBBY,2014-02-27,2014-02-19,23959419,dei:EntityCommonStockSharesOutstanding
BBBY,2014-04-29,2014-04-22,23980588,dei:EntityCommonStockSharesOutstanding
BBBY,2014-07-29,2014-07-23,24026711,dei:EntityCommonStockSharesOutstanding
BBBY,2014-10-28,2014-10-23,24027339,dei:EntityCommonStockSharesOutstanding
BBBY,2015-03-12,2015-03-02,24267099,dei:EntityCommonStockSharesOutstanding
BBBY,2015-04-29,2015-04-20,24276099,dei:EntityCommonStockSharesOutstanding
BBBY,2015-08-07,2015-08-03,24325438,dei:EntityCommonStockSharesOutstanding
BBBY,2015-11-09,2015-11-02,25234316,dei:EntityCommonStockSharesOutstanding
BBBY,2016-03-08,2016-03-01,25294179,dei:EntityCommonStockSharesOutstanding
BBBY,2016-05-05,2016-04-28,25338844,dei:EntityCommonStockSharesOutstanding
BBBY,2016-08-04,2016-07-26,25347999,dei:EntityCommonStockSharesOutstanding
BBBY,2016-11-03,2016-10-31,25383283,dei:EntityCommonStockSharesOutstanding
BBBY,2017-03-03,2017-02-24,24895038,dei:EntityCommonStockSharesOutstanding
BBBY,2017-05-04,2017-04-27,24995269,dei:EntityCommonStockSharesOutstanding
BBBY,2017-08-03,2017-07-31,25000327,dei:EntityCommonStockSharesOutstanding
BBBY,2017-11-08,2017-11-03,25023328,dei:EntityCommonStockSharesOutstanding
BBBY,2018-03-15,2018-03-08,28802734,dei:EntityCommonStockSharesOutstanding
BBBY,2018-05-08,2018-05-04,28897666,dei:EntityCommonStockSharesOutstanding
BBBY,2018-08-09,2018-08-08,29009814,dei:EntityCommonStockSharesOutstanding
BBBY,2018-11-09,2018-11-02,32146065,dei:EntityCommonStockSharesOutstanding
BBBY,2019-03-18,2019-03-13,32252029,dei:EntityCommonStockSharesOutstanding
BBBY,2019-05-09,2019-05-03,35275785,dei:EntityCommonStockSharesOutstanding
BBBY,2019-08-08,2019-08-02,35289096,dei:EntityCommonStockSharesOutstanding
BBBY,2019-11-12,2019-11-06,35249070,dei:EntityCommonStockSharesOutstanding
BBBY,2020-03-13,2020-03-06,40325793,dei:EntityCommonStockSharesOutstanding
BBBY,2020-05-07,2020-04-29,40325793,dei:EntityCommonStockSharesOutstanding
BBBY,2020-08-06,2020-07-31,40332985,dei:EntityCommonStockSharesOutstanding
BBBY,2020-11-05,2020-10-30,42765117,dei:EntityCommonStockSharesOutstanding
BBBY,2021-02-26,2021-02-19,42855813,dei:EntityCommonStockSharesOutstanding
BBBY,2021-05-06,2021-04-30,43006587,dei:EntityCommonStockSharesOutstanding
BBBY,2021-08-05,2021-07-30,43013210,dei:EntityCommonStockSharesOutstanding
BBBY,2021-11-04,2021-10-29,43014524,dei:EntityCommonStockSharesOutstanding
BBBY,2022-02-25,2022-02-18,43119353,dei:EntityCommonStockSharesOutstanding
BBBY,2022-05-04,2022-04-29,42720199,dei:EntityCommonStockSharesOutstanding
BBBY,2022-08-02,2022-07-29,45695694,dei:EntityCommonStockSharesOutstanding
BBBY,2022-11-01,2022-10-28,45739758,dei:EntityCommonStockSharesOutstanding
BBBY,2023-02-24,2023-02-17,45033198,dei:EntityCommonStockSharesOutstanding
BBBY,2023-05-02,2023-04-28,45199036,dei:EntityCommonStockSharesOutstanding
BBBY,2023-07-03,2023-06-30,45202315,dei:EntityCommonStockSharesOutstanding
BBBY,2023-07-31,2023-07-28,45203152,dei:EntityCommonStockSharesOutstanding
BBBY,2023-10-31,2023-10-27,45304946,dei:EntityCommonStockSharesOutstanding
BBBY,2024-02-23,2024-02-16,45574586,dei:EntityCommonStockSharesOutstanding
BBBY,2024-05-08,2024-05-03,45738120,dei:EntityCommonStockSharesOutstanding
BBBY,2024-06-24,2024-06-21,45749767,dei:EntityCommonStockSharesOutstanding
BBBY,2024-07-31,2024-07-26,45750676,dei:EntityCommonStockSharesOutstanding
BBBY,2024-10-25,2024-10-18,45817810,dei:EntityCommonStockSharesOutstanding
BBBY,2024-10-31,2024-10-29,46046223,dei:EntityCommonStockSharesOutstanding
BBBY,2025-02-25,2025-02-21,53144790,dei:EntityCommonStockSharesOutstanding
BBBY,2025-04-29,2025-04-25,57679459,dei:EntityCommonStockSharesOutstanding
BBBY,2025-07-29,2025-07-25,57405976,dei:EntityCommonStockSharesOutstanding
BBBY,2025-10-27,2025-10-24,68845575,dei:EntityCommonStockSharesOutstanding
BBBY,2026-02-24,2026-02-20,69009239,dei:EntityCommonStockSharesOutstanding
BBBY,2026-04-27,2026-04-24,73938495,dei:EntityCommonStockSharesOutstanding
BIDU,2010-03-26,2007-12-31,33872611,us-gaap:WeightedAverageNumberOfSharesOutstandingBasic
BIDU,2011-03-29,2010-12-31,103593595,us-gaap:WeightedAverageNumberOfSharesOutstandingBasic
BIIB,2009-07-17,2009-07-13,288855922,dei:EntityCommonStockSharesOutstanding
BIIB,2009-10-21,2009-10-14,289198517,dei:EntityCommonStockSharesOutstanding
BIIB,2010-02-09,2010-02-05,269601262,dei:EntityCommonStockSharesOutstanding
BIIB,2010-04-20,2010-04-16,266998007,dei:EntityCommonStockSharesOutstanding
BIIB,2010-07-20,2010-07-16,241915236,dei:EntityCommonStockSharesOutstanding
BIIB,2010-10-26,2010-10-22,238302269,dei:EntityCommonStockSharesOutstanding
BIIB,2011-02-04,2011-01-31,240911883,dei:EntityCommonStockSharesOutstanding
BIIB,2011-04-21,2011-04-18,241632189,dei:EntityCommonStockSharesOutstanding
BIIB,2011-07-26,2011-07-22,242545771,dei:EntityCommonStockSharesOutstanding
BIIB,2011-10-28,2011-10-25,242917349,dei:EntityCommonStockSharesOutstanding
BIIB,2012-02-03,2012-01-31,238725065,dei:EntityCommonStockSharesOutstanding
BIIB,2012-05-01,2012-04-24,239562899,dei:EntityCommonStockSharesOutstanding
BIIB,2012-07-24,2012-07-18,236346955,dei:EntityCommonStockSharesOutstanding
BIIB,2012-10-25,2012-10-19,236596922,dei:EntityCommonStockSharesOutstanding
BIIB,2013-02-05,2013-01-31,236312191,dei:EntityCommonStockSharesOutstanding
BIIB,2013-04-25,2013-04-18,237374815,dei:EntityCommonStockSharesOutstanding
BIIB,2013-07-25,2013-07-18,237671593,dei:EntityCommonStockSharesOutstanding
BIIB,2013-10-28,2013-10-21,236212930,dei:EntityCommonStockSharesOutstanding
BIIB,2014-02-06,2014-01-31,236393930,dei:EntityCommonStockSharesOutstanding
BIIB,2014-04-23,2014-04-18,237199825,dei:EntityCommonStockSharesOutstanding
BIIB,2014-07-23,2014-07-18,236144705,dei:EntityCommonStockSharesOutstanding
BIIB,2014-10-22,2014-10-17,236155407,dei:EntityCommonStockSharesOutstanding
BIIB,2015-02-04,2015-01-30,234614474,dei:EntityCommonStockSharesOutstanding
BIIB,2015-04-24,2015-04-17,235229512,dei:EntityCommonStockSharesOutstanding
BIIB,2015-07-24,2015-07-17,235169225,dei:EntityCommonStockSharesOutstanding
BIIB,2015-10-21,2015-10-16,222903109,dei:EntityCommonStockSharesOutstanding
BIIB,2016-02-03,2016-01-29,218672717,dei:EntityCommonStockSharesOutstanding
BIIB,2016-04-21,2016-04-15,219051491,dei:EntityCommonStockSharesOutstanding
BIIB,2016-07-21,2016-07-15,219120762,dei:EntityCommonStockSharesOutstanding
BIIB,2016-10-26,2016-10-21,217574479,dei:EntityCommonStockSharesOutstanding
BIIB,2017-02-02,2017-01-27,215951945,dei:EntityCommonStockSharesOutstanding
BIIB,2017-04-25,2017-04-21,212115203,dei:EntityCommonStockSharesOutstanding
BIIB,2017-07-25,2017-07-21,211431746,dei:EntityCommonStockSharesOutstanding
BIIB,2017-10-24,2017-10-20,211476936,dei:EntityCommonStockSharesOutstanding
BIIB,2018-02-01,2018-01-26,211562686,dei:EntityCommonStockSharesOutstanding
BIIB,2018-04-24,2018-04-20,211007945,dei:EntityCommonStockSharesOutstanding
BIIB,2018-07-24,2018-07-20,201442850,dei:EntityCommonStockSharesOutstanding
BIIB,2018-10-23,2018-10-19,201482595,dei:EntityCommonStockSharesOutstanding
BIIB,2019-02-06,2019-02-01,196708784,dei:EntityCommonStockSharesOutstanding
BIIB,2019-04-24,2019-04-19,193893397,dei:EntityCommonStockSharesOutstanding
BIIB,2019-07-24,2019-07-19,184447218,dei:EntityCommonStockSharesOutstanding
BIIB,2019-10-22,2019-10-21,180441878,dei:EntityCommonStockSharesOutstanding
BIIB,2020-02-06,2020-02-04,174064011,dei:EntityCommonStockSharesOutstanding
BIIB,2020-04-23,2020-04-22,163187486,dei:EntityCommonStockSharesOutstanding
BIIB,2020-07-22,2020-07-21,158313471,dei:EntityCommonStockSharesOutstanding
BIIB,2020-10-21,2020-10-20,153881597,dei:EntityCommonStockSharesOutstanding
BIIB,2021-02-03,2021-02-02,152335731,dei:EntityCommonStockSharesOutstanding
BIIB,2021-04-22,2021-04-21,150554750,dei:EntityCommonStockSharesOutstanding
BIIB,2021-07-22,2021-07-21,149033443,dei:EntityCommonStockSharesOutstanding
BIIB,2021-10-20,2021-10-19,146892712,dei:EntityCommonStockSharesOutstanding
BIIB,2022-02-03,2022-02-02,146962793,dei:EntityCommonStockSharesOutstanding
BIIB,2022-05-03,2022-05-02,146452013,dei:EntityCommonStockSharesOutstanding
BIIB,2022-07-20,2022-07-19,145113047,dei:EntityCommonStockSharesOutstanding
BIIB,2022-10-25,2022-10-24,144001404,dei:EntityCommonStockSharesOutstanding
BIIB,2023-02-15,2023-02-14,144485646,dei:EntityCommonStockSharesOutstanding
BIIB,2023-04-25,2023-04-24,144742305,dei:EntityCommonStockSharesOutstanding
BIIB,2023-07-25,2023-07-24,144823335,dei:EntityCommonStockSharesOutstanding
BIIB,2023-11-08,2023-11-07,144898112,dei:EntityCommonStockSharesOutstanding
BIIB,2024-02-14,2024-02-12,145360798,dei:EntityCommonStockSharesOutstanding
BIIB,2024-04-24,2024-04-23,145596895,dei:EntityCommonStockSharesOutstanding
BIIB,2024-08-01,2024-07-31,145661642,dei:EntityCommonStockSharesOutstanding
BIIB,2024-10-30,2024-10-29,145719340,dei:EntityCommonStockSharesOutstanding
BIIB,2025-02-12,2025-02-11,146374937,dei:EntityCommonStockSharesOutstanding
BIIB,2025-05-01,2025-04-30,146527832,dei:EntityCommonStockSharesOutstanding
BIIB,2025-07-31,2025-07-29,146614598,dei:EntityCommonStockSharesOutstanding
BIIB,2025-10-30,2025-10-29,146702272,dei:EntityCommonStockSharesOutstanding
BIIB,2026-02-06,2026-02-04,146758528,dei:EntityCommonStockSharesOutstanding
BIIB,2026-04-29,2026-04-27,147637117,dei:EntityCommonStockSharesOutstanding
BKNG,2010-08-04,2010-07-28,48387126,dei:EntityCommonStockSharesOutstanding
BKNG,2010-11-09,2010-11-02,49096034,dei:EntityCommonStockSharesOutstanding
BKNG,2011-02-25,2011-02-17,49151597,dei:EntityCommonStockSharesOutstanding
BKNG,2011-05-06,2011-04-29,49646752,dei:EntityCommonStockSharesOutstanding
BKNG,2011-08-05,2011-07-29,49769877,dei:EntityCommonStockSharesOutstanding
BKNG,2011-11-07,2011-10-31,49783482,dei:EntityCommonStockSharesOutstanding
BKNG,2012-02-27,2012-02-17,49798861,dei:EntityCommonStockSharesOutstanding
BKNG,2012-05-09,2012-05-02,49793087,dei:EntityCommonStockSharesOutstanding
BKNG,2012-08-07,2012-07-31,49825379,dei:EntityCommonStockSharesOutstanding
BKNG,2012-11-01,2012-10-26,49865461,dei:EntityCommonStockSharesOutstanding
BKNG,2013-02-27,2013-02-20,49870893,dei:EntityCommonStockSharesOutstanding
BKNG,2013-05-09,2013-05-02,50060195,dei:EntityCommonStockSharesOutstanding
BKNG,2013-08-08,2013-08-01,51500530,dei:EntityCommonStockSharesOutstanding
BKNG,2013-11-07,2013-11-01,51427568,dei:EntityCommonStockSharesOutstanding
BKNG,2014-02-20,2014-02-13,52142345,dei:EntityCommonStockSharesOutstanding
BKNG,2014-05-08,2014-05-01,52432390,dei:EntityCommonStockSharesOutstanding
BKNG,2014-08-11,2014-08-01,52447706,dei:EntityCommonStockSharesOutstanding
BKNG,2014-11-04,2014-10-27,52356024,dei:EntityCommonStockSharesOutstanding
BKNG,2015-02-19,2015-02-11,51939191,dei:EntityCommonStockSharesOutstanding
BKNG,2015-05-07,2015-04-30,51836843,dei:EntityCommonStockSharesOutstanding
BKNG,2015-08-05,2015-07-29,50701593,dei:EntityCommonStockSharesOutstanding
BKNG,2015-11-09,2015-11-02,49783883,dei:EntityCommonStockSharesOutstanding
BKNG,2016-02-17,2016-02-09,49616595,dei:EntityCommonStockSharesOutstanding
BKNG,2016-05-04,2016-04-26,49639381,dei:EntityCommonStockSharesOutstanding
BKNG,2016-08-04,2016-07-28,49426956,dei:EntityCommonStockSharesOutstanding
BKNG,2016-11-07,2016-10-31,49345008,dei:EntityCommonStockSharesOutstanding
BKNG,2017-02-27,2017-02-21,49170417,dei:EntityCommonStockSharesOutstanding
BKNG,2017-05-09,2017-05-02,49142436,dei:EntityCommonStockSharesOutstanding
BKNG,2017-08-08,2017-08-01,49059019,dei:EntityCommonStockSharesOutstanding
BKNG,2017-11-07,2017-10-30,48769546,dei:EntityCommonStockSharesOutstanding
BKNG,2018-02-27,2018-02-20,48288592,dei:EntityCommonStockSharesOutstanding
BKNG,2018-05-09,2018-05-02,48174965,dei:EntityCommonStockSharesOutstanding
BKNG,2018-08-09,2018-08-01,47472026,dei:EntityCommonStockSharesOutstanding
BKNG,2018-11-05,2018-10-29,46329586,dei:EntityCommonStockSharesOutstanding
BKNG,2019-02-27,2019-02-20,45012725,dei:EntityCommonStockSharesOutstanding
BKNG,2019-05-09,2019-05-02,43291345,dei:EntityCommonStockSharesOutstanding
BKNG,2019-08-07,2019-07-31,42511903,dei:EntityCommonStockSharesOutstanding
BKNG,2019-11-07,2019-10-31,41855700,dei:EntityCommonStockSharesOutstanding
BKNG,2020-02-26,2020-02-19,41061814,dei:EntityCommonStockSharesOutstanding
BKNG,2020-05-07,2020-04-30,40930911,dei:EntityCommonStockSharesOutstanding
BKNG,2020-08-06,2020-07-30,40948631,dei:EntityCommonStockSharesOutstanding
BKNG,2020-11-05,2020-10-29,40954912,dei:EntityCommonStockSharesOutstanding
BKNG,2021-02-24,2021-02-17,40961796,dei:EntityCommonStockSharesOutstanding
BKNG,2021-05-05,2021-04-28,41052813,dei:EntityCommonStockSharesOutstanding
BKNG,2021-08-04,2021-07-28,41059841,dei:EntityCommonStockSharesOutstanding
BKNG,2021-11-03,2021-10-27,41063485,dei:EntityCommonStockSharesOutstanding
BKNG,2022-02-23,2022-02-16,40887702,dei:EntityCommonStockSharesOutstanding
BKNG,2022-05-04,2022-04-27,40623256,dei:EntityCommonStockSharesOutstanding
BKNG,2022-08-03,2022-07-27,39706248,dei:EntityCommonStockSharesOutstanding
BKNG,2022-11-02,2022-10-26,38789388,dei:EntityCommonStockSharesOutstanding
BKNG,2023-02-23,2023-02-16,37648373,dei:EntityCommonStockSharesOutstanding
BKNG,2023-05-04,2023-04-27,36933652,dei:EntityCommonStockSharesOutstanding
BKNG,2023-08-03,2023-07-27,35692156,dei:EntityCommonStockSharesOutstanding
BKNG,2023-11-02,2023-10-26,34889873,dei:EntityCommonStockSharesOutstanding
BKNG,2024-02-22,2024-02-15,34171027,dei:EntityCommonStockSharesOutstanding
BKNG,2024-05-02,2024-04-25,33927537,dei:EntityCommonStockSharesOutstanding
BKNG,2024-08-01,2024-07-25,33524388,dei:EntityCommonStockSharesOutstanding
BKNG,2024-10-30,2024-10-23,33096713,dei:EntityCommonStockSharesOutstanding
BKNG,2025-02-20,2025-02-13,32815201,dei:EntityCommonStockSharesOutstanding
BKNG,2025-04-29,2025-04-21,32540338,dei:EntityCommonStockSharesOutstanding
BKNG,2025-07-29,2025-07-21,32409885,dei:EntityCommonStockSharesOutstanding
BKNG,2025-10-28,2025-10-20,32233815,dei:EntityCommonStockSharesOutstanding
BKNG,2026-02-18,2026-02-10,31673346,dei:EntityCommonStockSharesOutstanding
BKNG,2026-04-28,2026-04-20,774878436,dei:EntityCommonStockSharesOutstanding
BKR,2023-02-14,2023-02-06,1011217705,dei:EntityCommonStockSharesOutstanding
BKR,2023-04-19,2023-04-13,1012362186,dei:EntityCommonStockSharesOutstanding
BKR,2023-07-19,2023-07-13,1009653944,dei:EntityCommonStockSharesOutstanding
BKR,2023-10-26,2023-10-19,1006233893,dei:EntityCommonStockSharesOutstanding
BKR,2024-02-05,2024-01-26,1000881406,dei:EntityCommonStockSharesOutstanding
BKR,2024-04-24,2024-04-18,997997634,dei:EntityCommonStockSharesOutstanding
BKR,2024-07-26,2024-07-17,993423677,dei:EntityCommonStockSharesOutstanding
BKR,2024-10-23,2024-10-16,989525809,dei:EntityCommonStockSharesOutstanding
BKR,2025-02-04,2025-01-22,990111854,dei:EntityCommonStockSharesOutstanding
BKR,2025-04-23,2025-04-16,990749975,dei:EntityCommonStockSharesOutstanding
BKR,2025-07-23,2025-07-16,985879124,dei:EntityCommonStockSharesOutstanding
BKR,2025-10-24,2025-10-16,986773882,dei:EntityCommonStockSharesOutstanding
BKR,2026-02-05,2026-01-27,988236510,dei:EntityCommonStockSharesOutstanding
BKR,2026-04-24,2026-04-16,992068697,dei:EntityCommonStockSharesOutstanding
BMRN,2010-08-04,2010-07-23,102058660,dei:EntityCommonStockSharesOutstanding
BMRN,2010-10-29,2010-10-22,102497125,dei:EntityCommonStockSharesOutstanding
BMRN,2011-02-24,2011-02-15,110723087,dei:EntityCommonStockSharesOutstanding
BMRN,2011-04-29,2011-04-15,110909591,dei:EntityCommonStockSharesOutstanding
BMRN,2011-08-01,2011-07-15,111827290,dei:EntityCommonStockSharesOutstanding
BMRN,2011-10-31,2011-10-15,114214407,dei:EntityCommonStockSharesOutstanding
BMRN,2012-02-22,2012-02-13,115056998,dei:EntityCommonStockSharesOutstanding
BMRN,2012-04-30,2012-04-13,115700983,dei:EntityCommonStockSharesOutstanding
BMRN,2012-08-02,2012-07-13,123555244,dei:EntityCommonStockSharesOutstanding
BMRN,2012-10-29,2012-10-12,123826066,dei:EntityCommonStockSharesOutstanding
BMRN,2013-02-26,2013-02-15,126101610,dei:EntityCommonStockSharesOutstanding
BMRN,2013-04-29,2013-04-19,139010175,dei:EntityCommonStockSharesOutstanding
BMRN,2013-07-29,2013-07-19,140105591,dei:EntityCommonStockSharesOutstanding
BMRN,2013-10-28,2013-10-18,142212657,dei:EntityCommonStockSharesOutstanding
BMRN,2014-02-26,2014-02-14,143623224,dei:EntityCommonStockSharesOutstanding
BMRN,2014-05-02,2014-04-18,145926798,dei:EntityCommonStockSharesOutstanding
BMRN,2014-07-31,2014-07-18,147116873,dei:EntityCommonStockSharesOutstanding
BMRN,2014-10-28,2014-10-18,147465546,dei:EntityCommonStockSharesOutstanding
BMRN,2015-03-02,2015-02-13,159135697,dei:EntityCommonStockSharesOutstanding
BMRN,2015-05-05,2015-04-24,160336762,dei:EntityCommonStockSharesOutstanding
BMRN,2015-08-05,2015-07-27,161094110,dei:EntityCommonStockSharesOutstanding
BMRN,2015-11-02,2015-10-23,161251715,dei:EntityCommonStockSharesOutstanding
BMRN,2016-02-29,2016-02-12,161590680,dei:EntityCommonStockSharesOutstanding
BMRN,2016-05-02,2016-04-22,162322439,dei:EntityCommonStockSharesOutstanding
BMRN,2016-08-08,2016-07-29,163465821,dei:EntityCommonStockSharesOutstanding
BMRN,2016-11-03,2016-10-28,171987437,dei:EntityCommonStockSharesOutstanding
BMRN,2017-02-27,2017-02-13,172866495,dei:EntityCommonStockSharesOutstanding
BMRN,2017-05-04,2017-04-20,174490025,dei:EntityCommonStockSharesOutstanding
BMRN,2017-08-02,2017-07-20,175268321,dei:EntityCommonStockSharesOutstanding
BMRN,2017-10-31,2017-10-25,175621277,dei:EntityCommonStockSharesOutstanding
BMRN,2018-02-26,2018-02-13,176072261,dei:EntityCommonStockSharesOutstanding
BMRN,2018-04-27,2018-04-13,176713314,dei:EntityCommonStockSharesOutstanding
BMRN,2018-08-03,2018-07-23,177590376,dei:EntityCommonStockSharesOutstanding
BMRN,2018-10-26,2018-10-19,178062106,dei:EntityCommonStockSharesOutstanding
BMRN,2019-02-28,2019-02-12,178372202,dei:EntityCommonStockSharesOutstanding
BMRN,2019-04-29,2019-04-15,179071353,dei:EntityCommonStockSharesOutstanding
BMRN,2019-08-02,2019-07-22,179462759,dei:EntityCommonStockSharesOutstanding
BMRN,2019-10-29,2019-10-18,179625303,dei:EntityCommonStockSharesOutstanding
BMRN,2020-02-27,2020-02-12,179925602,dei:EntityCommonStockSharesOutstanding
BMRN,2020-05-01,2020-04-20,180836856,dei:EntityCommonStockSharesOutstanding
BMRN,2020-08-05,2020-07-30,181349597,dei:EntityCommonStockSharesOutstanding
BMRN,2020-11-06,2020-10-23,181529667,dei:EntityCommonStockSharesOutstanding
BMRN,2021-02-26,2021-02-12,181829680,dei:EntityCommonStockSharesOutstanding
BMRN,2021-04-30,2021-04-21,182742573,dei:EntityCommonStockSharesOutstanding
BMRN,2021-07-30,2021-07-27,183352255,dei:EntityCommonStockSharesOutstanding
BMRN,2021-10-29,2021-10-26,183593434,dei:EntityCommonStockSharesOutstanding
BMRN,2022-02-25,2022-02-22,184032162,dei:EntityCommonStockSharesOutstanding
BMRN,2022-04-29,2022-04-25,184995348,dei:EntityCommonStockSharesOutstanding
BMRN,2022-08-04,2022-07-28,185473867,dei:EntityCommonStockSharesOutstanding
BMRN,2022-10-28,2022-10-25,185848915,dei:EntityCommonStockSharesOutstanding
BMRN,2023-02-27,2023-02-16,186528784,dei:EntityCommonStockSharesOutstanding
BMRN,2023-04-28,2023-04-25,187700942,dei:EntityCommonStockSharesOutstanding
BMRN,2023-08-02,2023-07-28,188174773,dei:EntityCommonStockSharesOutstanding
BMRN,2023-11-02,2023-10-30,188368171,dei:EntityCommonStockSharesOutstanding
BMRN,2024-02-26,2024-02-16,188675622,dei:EntityCommonStockSharesOutstanding
BMRN,2024-04-26,2024-04-22,189879803,dei:EntityCommonStockSharesOutstanding
BMRN,2024-08-05,2024-07-31,190382822,dei:EntityCommonStockSharesOutstanding
BMRN,2024-10-31,2024-10-28,190583016,dei:EntityCommonStockSharesOutstanding
BMRN,2025-02-24,2025-02-18,190777052,dei:EntityCommonStockSharesOutstanding
BMRN,2025-05-02,2025-04-25,191775665,dei:EntityCommonStockSharesOutstanding
BMRN,2025-08-05,2025-07-28,192014601,dei:EntityCommonStockSharesOutstanding
BMRN,2025-10-28,2025-10-23,192114344,dei:EntityCommonStockSharesOutstanding
BMRN,2026-02-26,2026-02-19,192323359,dei:EntityCommonStockSharesOutstanding
BMRN,2026-05-05,2026-04-23,193284438,dei:EntityCommonStockSharesOutstanding
BRCM,2009-07-24,2009-06-30,2022243000,us-gaap:WeightedAverageNumberOfSharesOutstandingBasic
BRCM,2009-10-22,2009-09-30,2015549000,us-gaap:WeightedAverageNumberOfSharesOutstandingBasic
BRCM,2010-02-03,2009-12-31,1549098000,us-gaap:WeightedAverageNumberOfSharesOutstandingBasic
BRCM,2010-04-27,2010-03-31,985554000,us-gaap:WeightedAverageNumberOfSharesOutstandingBasic
BRCM,2010-07-27,2010-06-30,999461000,us-gaap:WeightedAverageNumberOfSharesOutstandingBasic
BRCM,2010-10-26,2010-09-30,1010792000,us-gaap:WeightedAverageNumberOfSharesOutstandingBasic
BRCM,2011-02-02,2010-12-31,508444000,us-gaap:WeightedAverageNumberOfSharesOutstandingBasic
BRCM,2011-04-26,2011-03-31,1034000000,us-gaap:WeightedAverageNumberOfSharesOutstandingBasic
BRCM,2011-07-25,2011-06-30,2071000000,us-gaap:WeightedAverageNumberOfSharesOutstandingBasic
BRCM,2011-10-25,2011-09-30,1548000000,us-gaap:WeightedAverageNumberOfSharesOutstandingBasic
BRCM,2012-02-01,2011-12-31,1541000000,us-gaap:WeightedAverageNumberOfSharesOutstandingBasic
BRCM,2012-05-01,2012-03-31,548000000,us-gaap:WeightedAverageNumberOfSharesOutstandingBasic
BRCM,2012-07-24,2012-06-30,1106000000,us-gaap:WeightedAverageNumberOfSharesOutstandingBasic
BRCM,2012-10-23,2012-09-30,1116000000,us-gaap:WeightedAverageNumberOfSharesOutstandingBasic
BRCM,2013-01-30,2012-12-31,558000000,us-gaap:WeightedAverageNumberOfSharesOutstandingBasic
BRCM,2013-04-24,2013-03-31,570000000,us-gaap:WeightedAverageNumberOfSharesOutstandingBasic
BRCM,2013-07-23,2013-06-30,1152000000,us-gaap:WeightedAverageNumberOfSharesOutstandingBasic
BRCM,2013-10-22,2013-09-30,1144000000,us-gaap:WeightedAverageNumberOfSharesOutstandingBasic
BRCM,2014-01-30,2013-12-31,574000000,us-gaap:WeightedAverageNumberOfSharesOutstandingBasic
BRCM,2014-04-24,2014-03-31,584000000,us-gaap:WeightedAverageNumberOfSharesOutstandingBasic
BRCM,2014-07-22,2014-06-30,1172000000,us-gaap:WeightedAverageNumberOfSharesOutstandingBasic
BRCM,2014-10-21,2014-09-30,1178000000,us-gaap:WeightedAverageNumberOfSharesOutstandingBasic
BRCM,2015-01-29,2014-12-31,590000000,us-gaap:WeightedAverageNumberOfSharesOutstandingBasic
BRCM,2015-04-21,2015-03-31,600000000,us-gaap:WeightedAverageNumberOfSharesOutstandingBasic
BRCM,2015-07-30,2015-06-30,1203000000,us-gaap:WeightedAverageNumberOfSharesOutstandingBasic
BRCM,2015-10-26,2015-09-30,1211000000,us-gaap:WeightedAverageNumberOfSharesOutstandingBasic
CA,2009-07-30,2009-07-17,523799655,dei:EntityCommonStockSharesOutstanding
CA,2009-10-23,2009-10-16,521721310,dei:EntityCommonStockSharesOutstanding
CA,2010-01-29,2010-01-22,520026576,dei:EntityCommonStockSharesOutstanding
CA,2010-05-14,2010-05-07,513864140,dei:EntityCommonStockSharesOutstanding
CA,2010-07-27,2010-07-16,515987829,dei:EntityCommonStockSharesOutstanding
CA,2010-10-22,2010-10-15,511619718,dei:EntityCommonStockSharesOutstanding
CA,2011-01-26,2011-01-18,510053016,dei:EntityCommonStockSharesOutstanding
CA,2011-05-16,2011-05-06,506108276,dei:EntityCommonStockSharesOutstanding
CA,2011-07-22,2011-07-15,504696161,dei:EntityCommonStockSharesOutstanding
CA,2011-10-27,2011-10-20,493391769,dei:EntityCommonStockSharesOutstanding
CA,2012-01-25,2012-01-17,485644527,dei:EntityCommonStockSharesOutstanding
CA,2012-05-11,2012-05-03,471849029,dei:EntityCommonStockSharesOutstanding
CA,2012-07-27,2012-07-20,469040589,dei:EntityCommonStockSharesOutstanding
CA,2012-10-26,2012-10-22,459287341,dei:EntityCommonStockSharesOutstanding
CA,2013-01-24,2013-01-17,455923672,dei:EntityCommonStockSharesOutstanding
CA,2013-05-09,2013-05-02,453183538,dei:EntityCommonStockSharesOutstanding
CA,2013-07-25,2013-07-18,455629273,dei:EntityCommonStockSharesOutstanding
CA,2013-10-25,2013-10-18,451274478,dei:EntityCommonStockSharesOutstanding
CA,2014-01-22,2014-01-15,447768051,dei:EntityCommonStockSharesOutstanding
CA,2014-05-19,2014-05-09,442940618,dei:EntityCommonStockSharesOutstanding
CA,2014-07-24,2014-07-17,445060827,dei:EntityCommonStockSharesOutstanding
CA,2014-10-23,2014-10-16,444906148,dei:EntityCommonStockSharesOutstanding
CA,2015-01-21,2015-01-14,442805253,dei:EntityCommonStockSharesOutstanding
CA,2015-05-08,2015-05-01,439677517,dei:EntityCommonStockSharesOutstanding
CA,2015-07-24,2015-07-17,441304906,dei:EntityCommonStockSharesOutstanding
CA,2015-10-22,2015-10-15,438741700,dei:EntityCommonStockSharesOutstanding
CA,2016-01-27,2016-01-20,416762791,dei:EntityCommonStockSharesOutstanding
CA,2016-05-12,2016-05-05,416772947,dei:EntityCommonStockSharesOutstanding
CA,2016-07-28,2016-07-21,418948659,dei:EntityCommonStockSharesOutstanding
CA,2016-10-28,2016-10-21,417837016,dei:EntityCommonStockSharesOutstanding
CA,2017-01-25,2017-01-18,417973964,dei:EntityCommonStockSharesOutstanding
CA,2017-05-12,2017-05-05,417813446,dei:EntityCommonStockSharesOutstanding
CA,2017-08-03,2017-07-27,421270100,dei:EntityCommonStockSharesOutstanding
CA,2017-10-26,2017-10-19,418543394,dei:EntityCommonStockSharesOutstanding
CA,2018-01-31,2018-01-24,416924204,dei:EntityCommonStockSharesOutstanding
CA,2018-05-09,2018-05-02,416617226,dei:EntityCommonStockSharesOutstanding
CA,2018-08-07,2018-07-31,418179224,dei:EntityCommonStockSharesOutstanding
CA,2018-11-07,2018-10-31,418222273,dei:EntityCommonStockSharesOutstanding
CCEP,2018-03-15,2017-12-31,484586428,dei:EntityCommonStockSharesOutstanding
CCEP,2019-03-14,2018-12-31,474920066,dei:EntityCommonStockSharesOutstanding
CCEP,2020-03-16,2019-12-31,456399877,dei:EntityCommonStockSharesOutstanding
CCEP,2021-03-12,2020-12-31,454645510,dei:EntityCommonStockSharesOutstanding
CCEP,2022-03-15,2021-12-31,456235032,dei:EntityCommonStockSharesOutstanding
CCEP,2023-03-17,2022-12-31,457106453,dei:EntityCommonStockSharesOutstanding
CCEP,2024-03-15,2023-12-31,459200818,dei:EntityCommonStockSharesOutstanding
CCEP,2025-03-21,2024-12-31,460947057,dei:EntityCommonStockSharesOutstanding
CCEP,2026-03-13,2025-12-31,449086551,dei:EntityCommonStockSharesOutstanding
CDNS,2010-08-04,2010-07-03,266244189,dei:EntityCommonStockSharesOutstanding
CDNS,2010-10-29,2010-10-02,267211463,dei:EntityCommonStockSharesOutstanding
CDNS,2011-02-24,2011-02-05,268485949,dei:EntityCommonStockSharesOutstanding
CDNS,2011-04-29,2011-04-02,268941814,dei:EntityCommonStockSharesOutstanding
CDNS,2011-07-29,2011-07-02,269103195,dei:EntityCommonStockSharesOutstanding
CDNS,2011-10-28,2011-10-01,272333660,dei:EntityCommonStockSharesOutstanding
CDNS,2012-02-24,2012-02-04,273972723,dei:EntityCommonStockSharesOutstanding
CDNS,2012-04-27,2012-03-31,274641301,dei:EntityCommonStockSharesOutstanding
CDNS,2012-07-26,2012-06-30,274894103,dei:EntityCommonStockSharesOutstanding
CDNS,2012-10-25,2012-09-29,280008255,dei:EntityCommonStockSharesOutstanding
CDNS,2013-02-21,2013-02-02,281707719,dei:EntityCommonStockSharesOutstanding
CDNS,2013-04-25,2013-03-30,282995052,dei:EntityCommonStockSharesOutstanding
CDNS,2013-07-25,2013-06-29,283941464,dei:EntityCommonStockSharesOutstanding
CDNS,2013-10-24,2013-09-28,287743419,dei:EntityCommonStockSharesOutstanding
CDNS,2014-02-20,2014-02-01,289094199,dei:EntityCommonStockSharesOutstanding
CDNS,2014-04-21,2014-03-29,289512000,dei:EntityCommonStockSharesOutstanding
CDNS,2014-07-21,2014-06-28,290040000,dei:EntityCommonStockSharesOutstanding
CDNS,2014-10-20,2014-09-27,292720000,dei:EntityCommonStockSharesOutstanding
CDNS,2015-02-20,2015-02-07,292324000,dei:EntityCommonStockSharesOutstanding
CDNS,2015-04-27,2015-04-04,292673000,dei:EntityCommonStockSharesOutstanding
CDNS,2015-07-27,2015-07-04,291380000,dei:EntityCommonStockSharesOutstanding
CDNS,2015-10-27,2015-10-03,297496000,dei:EntityCommonStockSharesOutstanding
CDNS,2016-02-18,2016-02-06,305358000,dei:EntityCommonStockSharesOutstanding
CDNS,2016-04-25,2016-04-02,300862000,dei:EntityCommonStockSharesOutstanding
CDNS,2016-07-25,2016-07-02,292339000,dei:EntityCommonStockSharesOutstanding
CDNS,2016-10-24,2016-10-01,286715000,dei:EntityCommonStockSharesOutstanding
CDNS,2017-02-10,2017-02-04,278769000,dei:EntityCommonStockSharesOutstanding
CDNS,2017-04-25,2017-04-01,279601000,dei:EntityCommonStockSharesOutstanding
CDNS,2017-07-24,2017-07-01,280201000,dei:EntityCommonStockSharesOutstanding
CDNS,2017-10-26,2017-09-30,282360000,dei:EntityCommonStockSharesOutstanding
CDNS,2018-02-20,2018-02-03,282869000,dei:EntityCommonStockSharesOutstanding
CDNS,2018-04-25,2018-03-31,281906000,dei:EntityCommonStockSharesOutstanding
CDNS,2018-07-23,2018-06-30,282808000,dei:EntityCommonStockSharesOutstanding
CDNS,2018-10-22,2018-09-29,282142000,dei:EntityCommonStockSharesOutstanding
CDNS,2019-02-27,2019-02-02,280385000,dei:EntityCommonStockSharesOutstanding
CDNS,2019-04-22,2019-03-30,281030000,dei:EntityCommonStockSharesOutstanding
CDNS,2019-07-22,2019-06-29,280153000,dei:EntityCommonStockSharesOutstanding
CDNS,2019-10-21,2019-09-28,280593000,dei:EntityCommonStockSharesOutstanding
CDNS,2020-02-24,2020-02-01,280168000,dei:EntityCommonStockSharesOutstanding
CDNS,2020-04-20,2020-03-28,279187000,dei:EntityCommonStockSharesOutstanding
CDNS,2020-07-20,2020-06-27,278794000,dei:EntityCommonStockSharesOutstanding
CDNS,2020-10-19,2020-09-26,278931000,dei:EntityCommonStockSharesOutstanding
CDNS,2021-02-22,2021-02-06,278974000,dei:EntityCommonStockSharesOutstanding
CDNS,2021-04-26,2021-04-03,278265000,dei:EntityCommonStockSharesOutstanding
CDNS,2021-07-26,2021-07-03,276780000,dei:EntityCommonStockSharesOutstanding
CDNS,2021-10-25,2021-10-02,277141000,dei:EntityCommonStockSharesOutstanding
CDNS,2022-02-22,2022-02-05,277336000,dei:EntityCommonStockSharesOutstanding
CDNS,2022-04-25,2022-04-02,275759000,dei:EntityCommonStockSharesOutstanding
CDNS,2022-07-25,2022-07-02,273870000,dei:EntityCommonStockSharesOutstanding
CDNS,2022-10-24,2022-10-01,274316000,dei:EntityCommonStockSharesOutstanding
CDNS,2023-02-13,2023-01-31,272940000,dei:EntityCommonStockSharesOutstanding
CDNS,2023-04-24,2023-03-31,272684000,dei:EntityCommonStockSharesOutstanding
CDNS,2023-07-24,2023-06-30,271790000,dei:EntityCommonStockSharesOutstanding
CDNS,2023-10-23,2023-09-30,272062000,dei:EntityCommonStockSharesOutstanding
CDNS,2024-02-14,2024-01-31,272239000,dei:EntityCommonStockSharesOutstanding
CDNS,2024-04-24,2024-03-31,272134000,dei:EntityCommonStockSharesOutstanding
CDNS,2024-07-24,2024-06-30,273820000,dei:EntityCommonStockSharesOutstanding
CDNS,2024-10-30,2024-09-30,274263000,dei:EntityCommonStockSharesOutstanding
CDNS,2025-02-21,2025-01-31,274108000,dei:EntityCommonStockSharesOutstanding
CDNS,2025-04-30,2025-03-31,273042000,dei:EntityCommonStockSharesOutstanding
CDNS,2025-07-30,2025-06-30,272490000,dei:EntityCommonStockSharesOutstanding
CDNS,2025-10-29,2025-09-30,272201000,dei:EntityCommonStockSharesOutstanding
CDNS,2026-02-19,2026-01-31,272651000,dei:EntityCommonStockSharesOutstanding
CDNS,2026-05-01,2026-03-31,275816000,dei:EntityCommonStockSharesOutstanding
CDW,2013-08-12,2013-08-08,171957228,dei:EntityCommonStockSharesOutstanding
CDW,2013-11-07,2013-11-06,171957419,dei:EntityCommonStockSharesOutstanding
CDW,2014-03-05,2014-02-28,171954277,dei:EntityCommonStockSharesOutstanding
CDW,2014-05-12,2014-05-09,172031151,dei:EntityCommonStockSharesOutstanding
CDW,2014-08-13,2014-08-08,172123196,dei:EntityCommonStockSharesOutstanding
CDW,2014-11-12,2014-11-07,172211884,dei:EntityCommonStockSharesOutstanding
CDW,2015-02-26,2015-02-20,172275656,dei:EntityCommonStockSharesOutstanding
CDW,2015-05-08,2015-04-30,172613182,dei:EntityCommonStockSharesOutstanding
CDW,2015-08-07,2015-07-31,170203154,dei:EntityCommonStockSharesOutstanding
CDW,2015-11-06,2015-10-31,169274454,dei:EntityCommonStockSharesOutstanding
CDW,2016-02-25,2016-02-19,167740043,dei:EntityCommonStockSharesOutstanding
CDW,2016-05-05,2016-04-30,165609467,dei:EntityCommonStockSharesOutstanding
CDW,2016-08-04,2016-07-31,163313999,dei:EntityCommonStockSharesOutstanding
CDW,2016-11-03,2016-10-31,160506730,dei:EntityCommonStockSharesOutstanding
CDW,2017-03-01,2017-02-24,159367089,dei:EntityCommonStockSharesOutstanding
CDW,2017-05-04,2017-04-27,157088645,dei:EntityCommonStockSharesOutstanding
CDW,2017-08-04,2017-07-28,154858550,dei:EntityCommonStockSharesOutstanding
CDW,2017-11-02,2017-10-27,153062826,dei:EntityCommonStockSharesOutstanding
CDW,2018-03-01,2018-02-23,152423423,dei:EntityCommonStockSharesOutstanding
CDW,2018-05-03,2018-04-27,151759324,dei:EntityCommonStockSharesOutstanding
CDW,2018-08-03,2018-07-30,151364496,dei:EntityCommonStockSharesOutstanding
CDW,2018-10-31,2018-10-26,149984769,dei:EntityCommonStockSharesOutstanding
CDW,2019-02-27,2019-02-22,147059195,dei:EntityCommonStockSharesOutstanding
CDW,2019-05-01,2019-04-26,146021999,dei:EntityCommonStockSharesOutstanding
CDW,2019-07-31,2019-07-26,144714566,dei:EntityCommonStockSharesOutstanding
CDW,2019-10-31,2019-10-28,143680653,dei:EntityCommonStockSharesOutstanding
CDW,2020-02-28,2020-02-25,142771539,dei:EntityCommonStockSharesOutstanding
CDW,2020-05-06,2020-05-01,142318092,dei:EntityCommonStockSharesOutstanding
CDW,2020-08-05,2020-07-31,142669659,dei:EntityCommonStockSharesOutstanding
CDW,2020-11-02,2020-10-29,142988211,dei:EntityCommonStockSharesOutstanding
CDW,2021-02-26,2021-02-23,140991095,dei:EntityCommonStockSharesOutstanding
CDW,2021-05-05,2021-04-30,140203541,dei:EntityCommonStockSharesOutstanding
CDW,2021-08-04,2021-07-30,137495464,dei:EntityCommonStockSharesOutstanding
CDW,2021-11-03,2021-10-29,135723028,dei:EntityCommonStockSharesOutstanding
CDW,2022-02-28,2022-02-24,134944328,dei:EntityCommonStockSharesOutstanding
CDW,2022-05-04,2022-04-29,135115720,dei:EntityCommonStockSharesOutstanding
CDW,2022-08-03,2022-07-29,135243234,dei:EntityCommonStockSharesOutstanding
CDW,2022-11-02,2022-10-28,135390982,dei:EntityCommonStockSharesOutstanding
CDW,2023-02-24,2023-02-21,135591556,dei:EntityCommonStockSharesOutstanding
CDW,2023-05-03,2023-04-28,134786680,dei:EntityCommonStockSharesOutstanding
CDW,2023-08-02,2023-07-28,134047853,dei:EntityCommonStockSharesOutstanding
CDW,2023-11-01,2023-10-27,133960369,dei:EntityCommonStockSharesOutstanding
CDW,2024-02-26,2024-02-20,134215119,dei:EntityCommonStockSharesOutstanding
CDW,2024-05-01,2024-04-26,134397680,dei:EntityCommonStockSharesOutstanding
CDW,2024-07-31,2024-07-26,133575556,dei:EntityCommonStockSharesOutstanding
CDW,2024-10-30,2024-10-25,133264062,dei:EntityCommonStockSharesOutstanding
CDW,2025-02-21,2025-02-18,132492273,dei:EntityCommonStockSharesOutstanding
CDW,2025-05-07,2025-05-02,131685150,dei:EntityCommonStockSharesOutstanding
CDW,2025-08-06,2025-08-01,131060745,dei:EntityCommonStockSharesOutstanding
CDW,2025-11-04,2025-10-30,130193660,dei:EntityCommonStockSharesOutstanding
CDW,2026-02-20,2026-02-17,128993588,dei:EntityCommonStockSharesOutstanding
CDW,2026-05-06,2026-05-01,127753451,dei:EntityCommonStockSharesOutstanding
CEG,2022-02-25,2022-02-01,326663937,dei:EntityCommonStockSharesOutstanding
CEG,2022-05-12,2022-03-31,326698937,dei:EntityCommonStockSharesOutstanding
CEG,2022-08-04,2022-06-30,326845258,dei:EntityCommonStockSharesOutstanding
CEG,2022-11-08,2022-09-30,327017895,dei:EntityCommonStockSharesOutstanding
CEG,2023-02-16,2023-01-31,327131082,dei:EntityCommonStockSharesOutstanding
CEG,2023-05-04,2023-04-28,324411457,dei:EntityCommonStockSharesOutstanding
CEG,2023-08-03,2023-07-31,321591672,dei:EntityCommonStockSharesOutstanding
CEG,2023-11-06,2023-10-31,319381684,dei:EntityCommonStockSharesOutstanding
CEG,2024-02-27,2024-01-31,316666538,dei:EntityCommonStockSharesOutstanding
CEG,2024-05-09,2024-04-30,315234850,dei:EntityCommonStockSharesOutstanding
CEG,2024-08-06,2024-07-31,312689080,dei:EntityCommonStockSharesOutstanding
CEG,2024-11-04,2024-10-31,312766599,dei:EntityCommonStockSharesOutstanding
CEG,2025-02-18,2025-01-31,312847257,dei:EntityCommonStockSharesOutstanding
CEG,2025-05-06,2025-04-30,313417370,dei:EntityCommonStockSharesOutstanding
CEG,2025-08-07,2025-07-31,312405579,dei:EntityCommonStockSharesOutstanding
CEG,2025-11-07,2025-10-31,312290080,dei:EntityCommonStockSharesOutstanding
CEG,2026-02-24,2026-02-01,361990335,dei:EntityCommonStockSharesOutstanding
CEG,2026-05-11,2026-04-30,361190063,dei:EntityCommonStockSharesOutstanding
CELG,2009-07-31,2009-04-29,458622488,dei:EntityCommonStockSharesOutstanding
CELG,2009-10-30,2009-10-23,459602351,dei:EntityCommonStockSharesOutstanding
CELG,2010-02-18,2010-02-11,459730918,dei:EntityCommonStockSharesOutstanding
CELG,2010-05-03,2010-04-23,460862551,dei:EntityCommonStockSharesOutstanding
CELG,2010-08-04,2010-07-23,459453964,dei:EntityCommonStockSharesOutstanding
CELG,2010-11-02,2010-10-26,470640374,dei:EntityCommonStockSharesOutstanding
CELG,2011-03-01,2011-02-18,464898965,dei:EntityCommonStockSharesOutstanding
CELG,2011-05-05,2011-04-27,462801485,dei:EntityCommonStockSharesOutstanding
CELG,2011-08-03,2011-07-26,458805956,dei:EntityCommonStockSharesOutstanding
CELG,2011-11-02,2011-10-25,443930657,dei:EntityCommonStockSharesOutstanding
CELG,2012-02-22,2012-02-16,438810304,dei:EntityCommonStockSharesOutstanding
CELG,2012-05-02,2012-04-25,440497817,dei:EntityCommonStockSharesOutstanding
CELG,2012-08-01,2012-07-23,431423976,dei:EntityCommonStockSharesOutstanding
CELG,2012-10-29,2012-10-19,422987284,dei:EntityCommonStockSharesOutstanding
CELG,2013-02-15,2013-02-07,418744447,dei:EntityCommonStockSharesOutstanding
CELG,2013-04-30,2013-04-23,417122477,dei:EntityCommonStockSharesOutstanding
CELG,2013-07-30,2013-07-23,411276009,dei:EntityCommonStockSharesOutstanding
CELG,2013-10-29,2013-10-22,412069519,dei:EntityCommonStockSharesOutstanding
CELG,2014-02-13,2014-02-07,406020079,dei:EntityCommonStockSharesOutstanding
CELG,2014-04-29,2014-04-21,400416827,dei:EntityCommonStockSharesOutstanding
CELG,2014-07-29,2014-07-22,799510100,dei:EntityCommonStockSharesOutstanding
CELG,2014-10-28,2014-10-21,798704188,dei:EntityCommonStockSharesOutstanding
CELG,2015-02-20,2015-02-12,800590656,dei:EntityCommonStockSharesOutstanding
CELG,2015-04-30,2015-04-24,793144382,dei:EntityCommonStockSharesOutstanding
CELG,2015-07-28,2015-07-24,790540158,dei:EntityCommonStockSharesOutstanding
CELG,2015-11-05,2015-10-30,785654567,dei:EntityCommonStockSharesOutstanding
CELG,2016-02-11,2016-02-05,781664535,dei:EntityCommonStockSharesOutstanding
CELG,2016-05-03,2016-04-26,774601496,dei:EntityCommonStockSharesOutstanding
CELG,2016-07-28,2016-07-22,775114702,dei:EntityCommonStockSharesOutstanding
CELG,2016-10-27,2016-10-21,775203498,dei:EntityCommonStockSharesOutstanding
CELG,2017-02-10,2017-02-03,777966471,dei:EntityCommonStockSharesOutstanding
CELG,2017-04-27,2017-04-20,780824335,dei:EntityCommonStockSharesOutstanding
CELG,2017-07-27,2017-07-21,782350672,dei:EntityCommonStockSharesOutstanding
CELG,2017-10-26,2017-10-23,787316931,dei:EntityCommonStockSharesOutstanding
CELG,2018-02-07,2018-02-02,752175608,dei:EntityCommonStockSharesOutstanding
CELG,2018-05-04,2018-04-23,724827113,dei:EntityCommonStockSharesOutstanding
CELG,2018-07-26,2018-07-23,703363010,dei:EntityCommonStockSharesOutstanding
CELG,2018-10-25,2018-10-22,699251840,dei:EntityCommonStockSharesOutstanding
CELG,2019-02-26,2019-02-21,702164345,dei:EntityCommonStockSharesOutstanding
CELG,2019-04-25,2019-04-22,705259536,dei:EntityCommonStockSharesOutstanding
CELG,2019-07-30,2019-07-26,708741260,dei:EntityCommonStockSharesOutstanding
CELG,2019-10-31,2019-10-29,711714480,dei:EntityCommonStockSharesOutstanding
CERN,2010-07-30,2010-07-22,82482255,dei:EntityCommonStockSharesOutstanding
CERN,2010-10-29,2010-10-21,82852501,dei:EntityCommonStockSharesOutstanding
CERN,2011-02-16,2011-02-10,83380384,dei:EntityCommonStockSharesOutstanding
CERN,2011-04-29,2011-04-21,84106113,dei:EntityCommonStockSharesOutstanding
CERN,2011-08-01,2011-07-28,169052633,dei:EntityCommonStockSharesOutstanding
CERN,2011-10-28,2011-10-20,169405814,dei:EntityCommonStockSharesOutstanding
CERN,2012-02-15,2012-02-09,169683053,dei:EntityCommonStockSharesOutstanding
CERN,2012-04-27,2012-04-19,170456705,dei:EntityCommonStockSharesOutstanding
CERN,2012-07-27,2012-07-23,171177947,dei:EntityCommonStockSharesOutstanding
CERN,2012-10-26,2012-10-18,171564145,dei:EntityCommonStockSharesOutstanding
CERN,2013-02-08,2013-02-01,172207737,dei:EntityCommonStockSharesOutstanding
CERN,2013-04-26,2013-04-19,171879430,dei:EntityCommonStockSharesOutstanding
CERN,2013-07-26,2013-07-19,343108150,dei:EntityCommonStockSharesOutstanding
CERN,2013-10-25,2013-10-18,343262922,dei:EntityCommonStockSharesOutstanding
CERN,2014-02-05,2014-01-31,343946094,dei:EntityCommonStockSharesOutstanding
CERN,2014-04-25,2014-04-18,343371936,dei:EntityCommonStockSharesOutstanding
CERN,2014-07-25,2014-07-18,341053734,dei:EntityCommonStockSharesOutstanding
CERN,2014-10-24,2014-10-17,341472242,dei:EntityCommonStockSharesOutstanding
CERN,2015-02-11,2015-02-06,342588295,dei:EntityCommonStockSharesOutstanding
CERN,2015-05-08,2015-05-01,344078316,dei:EntityCommonStockSharesOutstanding
CERN,2015-08-05,2015-07-28,345074144,dei:EntityCommonStockSharesOutstanding
CERN,2015-11-04,2015-10-28,342104727,dei:EntityCommonStockSharesOutstanding
CERN,2016-02-17,2016-02-12,340016851,dei:EntityCommonStockSharesOutstanding
CERN,2016-05-06,2016-04-28,338081824,dei:EntityCommonStockSharesOutstanding
CERN,2016-08-03,2016-07-21,337709268,dei:EntityCommonStockSharesOutstanding
CERN,2016-11-02,2016-10-27,339496327,dei:EntityCommonStockSharesOutstanding
CERN,2017-02-10,2017-02-01,329719501,dei:EntityCommonStockSharesOutstanding
CERN,2017-04-28,2017-04-20,330429274,dei:EntityCommonStockSharesOutstanding
CERN,2017-07-28,2017-07-20,331582615,dei:EntityCommonStockSharesOutstanding
CERN,2017-10-27,2017-10-19,332414896,dei:EntityCommonStockSharesOutstanding
CERN,2018-02-12,2018-02-01,332597323,dei:EntityCommonStockSharesOutstanding
CERN,2018-05-03,2018-04-26,331814218,dei:EntityCommonStockSharesOutstanding
CERN,2018-08-03,2018-07-25,329004371,dei:EntityCommonStockSharesOutstanding
CERN,2018-10-26,2018-10-17,329488284,dei:EntityCommonStockSharesOutstanding
CERN,2019-02-08,2019-01-28,324360908,dei:EntityCommonStockSharesOutstanding
CERN,2019-04-26,2019-04-17,325420595,dei:EntityCommonStockSharesOutstanding
CERN,2019-07-25,2019-07-17,318393949,dei:EntityCommonStockSharesOutstanding
CERN,2019-10-25,2019-10-16,314097410,dei:EntityCommonStockSharesOutstanding
CERN,2020-02-10,2020-01-28,311937692,dei:EntityCommonStockSharesOutstanding
CERN,2020-04-29,2020-04-23,304348600,dei:EntityCommonStockSharesOutstanding
CERN,2020-07-30,2020-07-22,305381551,dei:EntityCommonStockSharesOutstanding
CERN,2020-10-29,2020-10-21,306589898,dei:EntityCommonStockSharesOutstanding
CERN,2021-02-19,2021-02-01,306294309,dei:EntityCommonStockSharesOutstanding
CERN,2021-05-05,2021-04-30,301317068,dei:EntityCommonStockSharesOutstanding
CERN,2021-07-30,2021-07-26,295585810,dei:EntityCommonStockSharesOutstanding
CERN,2021-10-29,2021-10-25,294222760,dei:EntityCommonStockSharesOutstanding
CERN,2022-02-22,2022-02-10,293344090,dei:EntityCommonStockSharesOutstanding
CERN,2022-05-03,2022-04-26,294098094,dei:EntityCommonStockSharesOutstanding
CHKP,2011-04-01,2010-12-31,208414687,dei:EntityCommonStockSharesOutstanding
CHKP,2012-04-09,2011-12-31,205892869,dei:EntityCommonStockSharesOutstanding
CHKP,2013-03-19,2012-12-31,199028983,dei:EntityCommonStockSharesOutstanding
CHKP,2014-03-28,2013-12-31,192262757,dei:EntityCommonStockSharesOutstanding
CHKP,2015-04-24,2014-12-31,183790953,dei:EntityCommonStockSharesOutstanding
CHKP,2016-04-28,2015-12-31,174901523,dei:EntityCommonStockSharesOutstanding
CHKP,2017-04-28,2016-12-31,165975204,dei:EntityCommonStockSharesOutstanding
CHKP,2018-04-27,2017-12-31,159034688,dei:EntityCommonStockSharesOutstanding
CHKP,2019-04-23,2018-12-31,155380498,dei:EntityCommonStockSharesOutstanding
CHKP,2020-04-02,2019-12-31,145467329,dei:EntityCommonStockSharesOutstanding
CHKP,2021-04-02,2020-12-31,137151930,dei:EntityCommonStockSharesOutstanding
CHKP,2022-04-14,2021-12-31,129065690,dei:EntityCommonStockSharesOutstanding
CHKP,2023-04-27,2022-12-31,120761971,dei:EntityCommonStockSharesOutstanding
CHKP,2024-04-02,2023-12-31,112906427,dei:EntityCommonStockSharesOutstanding
CHKP,2025-03-17,2024-12-31,108368523,dei:EntityCommonStockSharesOutstanding
CHKP,2026-03-31,2025-12-31,105596035,dei:EntityCommonStockSharesOutstanding
CHRW,2009-08-10,2009-08-06,168379966,dei:EntityCommonStockSharesOutstanding
CHRW,2009-11-09,2009-11-05,167741444,dei:EntityCommonStockSharesOutstanding
CHRW,2010-03-01,2010-02-22,166567389,dei:EntityCommonStockSharesOutstanding
CHRW,2010-05-10,2010-05-05,165890340,dei:EntityCommonStockSharesOutstanding
CHRW,2010-08-09,2010-08-03,165863946,dei:EntityCommonStockSharesOutstanding
CHRW,2010-11-09,2010-11-03,166015708,dei:EntityCommonStockSharesOutstanding
CHRW,2011-03-01,2011-02-22,166057428,dei:EntityCommonStockSharesOutstanding
CHRW,2011-05-10,2011-05-03,165563574,dei:EntityCommonStockSharesOutstanding
CHRW,2011-08-09,2011-08-03,165315837,dei:EntityCommonStockSharesOutstanding
CHRW,2011-11-09,2011-11-04,164177705,dei:EntityCommonStockSharesOutstanding
CHRW,2012-02-29,2012-02-22,163345536,dei:EntityCommonStockSharesOutstanding
CHRW,2012-05-10,2012-05-04,162656880,dei:EntityCommonStockSharesOutstanding
CHRW,2012-08-09,2012-08-06,161474505,dei:EntityCommonStockSharesOutstanding
CHRW,2012-11-08,2012-11-05,161192483,dei:EntityCommonStockSharesOutstanding
CHRW,2013-03-01,2013-02-22,161053942,dei:EntityCommonStockSharesOutstanding
CHRW,2013-05-09,2013-05-02,160559398,dei:EntityCommonStockSharesOutstanding
CHRW,2013-08-08,2013-08-02,159343889,dei:EntityCommonStockSharesOutstanding
CHRW,2013-11-08,2013-11-05,151635057,dei:EntityCommonStockSharesOutstanding
CHRW,2014-03-03,2014-02-24,148457275,dei:EntityCommonStockSharesOutstanding
CHRW,2014-05-12,2014-05-08,148430065,dei:EntityCommonStockSharesOutstanding
CHRW,2014-08-11,2014-08-06,147157543,dei:EntityCommonStockSharesOutstanding
CHRW,2014-11-10,2014-11-06,146285181,dei:EntityCommonStockSharesOutstanding
CHRW,2015-03-02,2015-02-24,146328737,dei:EntityCommonStockSharesOutstanding
CHRW,2015-05-11,2015-05-07,145837224,dei:EntityCommonStockSharesOutstanding
CHRW,2015-08-10,2015-08-06,141801035,dei:EntityCommonStockSharesOutstanding
CHRW,2015-11-09,2015-11-06,143624857,dei:EntityCommonStockSharesOutstanding
CHRW,2016-02-29,2016-02-24,143242681,dei:EntityCommonStockSharesOutstanding
CHRW,2016-05-10,2016-05-05,142766636,dei:EntityCommonStockSharesOutstanding
CHRW,2016-08-08,2016-08-04,142707477,dei:EntityCommonStockSharesOutstanding
CHRW,2016-11-09,2016-11-04,141609479,dei:EntityCommonStockSharesOutstanding
CHRW,2017-03-01,2017-02-24,141359579,dei:EntityCommonStockSharesOutstanding
CHRW,2017-05-09,2017-05-05,140928814,dei:EntityCommonStockSharesOutstanding
CHRW,2017-08-03,2017-07-31,140386068,dei:EntityCommonStockSharesOutstanding
CHRW,2017-11-08,2017-11-06,139405298,dei:EntityCommonStockSharesOutstanding
CHRW,2018-02-28,2018-02-22,139748794,dei:EntityCommonStockSharesOutstanding
CHRW,2018-05-09,2018-05-05,139238642,dei:EntityCommonStockSharesOutstanding
CHRW,2018-08-08,2018-08-06,138544499,dei:EntityCommonStockSharesOutstanding
CHRW,2018-11-07,2018-11-06,137504393,dei:EntityCommonStockSharesOutstanding
CHRW,2019-02-25,2019-02-20,136853710,dei:EntityCommonStockSharesOutstanding
CHRW,2019-05-08,2019-05-06,136562530,dei:EntityCommonStockSharesOutstanding
CHRW,2019-08-08,2019-08-06,135377884,dei:EntityCommonStockSharesOutstanding
CHRW,2019-11-04,2019-10-31,135250422,dei:EntityCommonStockSharesOutstanding
CHRW,2020-02-19,2020-02-14,134892810,dei:EntityCommonStockSharesOutstanding
CHRW,2020-05-01,2020-04-29,134609978,dei:EntityCommonStockSharesOutstanding
CHRW,2020-07-31,2020-07-28,134823403,dei:EntityCommonStockSharesOutstanding
CHRW,2020-10-30,2020-10-28,135946127,dei:EntityCommonStockSharesOutstanding
CHRW,2021-02-19,2021-02-17,133815455,dei:EntityCommonStockSharesOutstanding
CHRW,2021-04-30,2021-04-28,132988670,dei:EntityCommonStockSharesOutstanding
CHRW,2021-07-30,2021-07-28,131711746,dei:EntityCommonStockSharesOutstanding
CHRW,2021-10-29,2021-10-27,129987462,dei:EntityCommonStockSharesOutstanding
CHRW,2022-02-23,2022-02-16,128798559,dei:EntityCommonStockSharesOutstanding
CHRW,2022-04-29,2022-04-27,127266157,dei:EntityCommonStockSharesOutstanding
CHRW,2022-07-29,2022-07-27,123883299,dei:EntityCommonStockSharesOutstanding
CHRW,2022-11-04,2022-11-02,117709468,dei:EntityCommonStockSharesOutstanding
CHRW,2023-02-17,2023-02-15,116510428,dei:EntityCommonStockSharesOutstanding
CHRW,2023-04-28,2023-04-26,116438842,dei:EntityCommonStockSharesOutstanding
CHRW,2023-08-04,2023-08-02,116431364,dei:EntityCommonStockSharesOutstanding
CHRW,2023-11-03,2023-11-01,116651037,dei:EntityCommonStockSharesOutstanding
CHRW,2024-02-16,2024-02-14,116890760,dei:EntityCommonStockSharesOutstanding
CHRW,2024-05-03,2024-05-01,117094728,dei:EntityCommonStockSharesOutstanding
CHRW,2024-08-02,2024-07-31,117283235,dei:EntityCommonStockSharesOutstanding
CHRW,2024-11-01,2024-10-30,118205199,dei:EntityCommonStockSharesOutstanding
CHRW,2025-02-14,2025-02-12,118705622,dei:EntityCommonStockSharesOutstanding
CHRW,2025-05-02,2025-04-30,118730622,dei:EntityCommonStockSharesOutstanding
CHRW,2025-08-01,2025-07-30,118091162,dei:EntityCommonStockSharesOutstanding
CHRW,2025-10-31,2025-10-29,118137178,dei:EntityCommonStockSharesOutstanding
CHRW,2026-02-13,2026-02-11,118620833,dei:EntityCommonStockSharesOutstanding
CHRW,2026-05-01,2026-04-29,117873042,dei:EntityCommonStockSharesOutstanding
CHTR,2011-05-03,2011-03-31,110035469,dei:EntityCommonStockSharesOutstanding
CHTR,2011-08-02,2011-06-30,110023072,dei:EntityCommonStockSharesOutstanding
CHTR,2011-11-01,2011-09-30,107633812,dei:EntityCommonStockSharesOutstanding
CHTR,2012-02-27,2012-01-31,100518414,dei:EntityCommonStockSharesOutstanding
CHTR,2012-05-08,2012-03-31,100558818,dei:EntityCommonStockSharesOutstanding
CHTR,2012-08-07,2012-06-30,100784199,dei:EntityCommonStockSharesOutstanding
CHTR,2012-11-06,2012-09-30,101052864,dei:EntityCommonStockSharesOutstanding
CHTR,2013-02-22,2013-01-31,101178821,dei:EntityCommonStockSharesOutstanding
CHTR,2013-05-07,2013-03-31,101250955,dei:EntityCommonStockSharesOutstanding
CHTR,2013-08-06,2013-06-30,101443869,dei:EntityCommonStockSharesOutstanding
CHTR,2013-11-05,2013-09-30,104132858,dei:EntityCommonStockSharesOutstanding
CHTR,2014-02-21,2013-12-31,106144075,dei:EntityCommonStockSharesOutstanding
CHTR,2014-04-30,2014-03-31,108222226,dei:EntityCommonStockSharesOutstanding
CHTR,2014-07-31,2014-06-30,108644877,dei:EntityCommonStockSharesOutstanding
CHTR,2014-10-31,2014-09-30,109268321,dei:EntityCommonStockSharesOutstanding
CHTR,2015-02-24,2014-12-31,111999687,dei:EntityCommonStockSharesOutstanding
CHTR,2015-05-01,2015-03-31,112022182,dei:EntityCommonStockSharesOutstanding
CHTR,2015-08-04,2015-06-30,112022583,dei:EntityCommonStockSharesOutstanding
CHTR,2015-10-29,2015-09-30,112246506,dei:EntityCommonStockSharesOutstanding
CHTR,2016-02-10,2015-12-31,112438828,dei:EntityCommonStockSharesOutstanding
CHTR,2016-04-28,2016-03-31,112468096,dei:EntityCommonStockSharesOutstanding
CHTR,2016-08-09,2016-06-30,270927828,dei:EntityCommonStockSharesOutstanding
CMCSA,2009-11-04,2009-09-30,2062064242,dei:EntityCommonStockSharesOutstanding
CMCSA,2010-02-23,2009-12-31,2063073161,dei:EntityCommonStockSharesOutstanding
COST,2009-12-18,2009-12-11,439333060,dei:EntityCommonStockSharesOutstanding
COST,2010-03-17,2010-03-05,440506789,dei:EntityCommonStockSharesOutstanding
COST,2010-06-10,2010-05-28,439132186,dei:EntityCommonStockSharesOutstanding
COST,2010-10-18,2010-10-01,432333947,dei:EntityCommonStockSharesOutstanding
COST,2010-12-17,2010-12-10,436524744,dei:EntityCommonStockSharesOutstanding
COST,2011-03-17,2011-03-04,436859609,dei:EntityCommonStockSharesOutstanding
COST,2011-06-09,2011-05-27,437812960,dei:EntityCommonStockSharesOutstanding
COST,2011-10-14,2011-09-30,433365150,dei:EntityCommonStockSharesOutstanding
COST,2011-12-16,2011-12-09,434928977,dei:EntityCommonStockSharesOutstanding
COST,2012-03-15,2012-03-09,433973086,dei:EntityCommonStockSharesOutstanding
COST,2012-06-06,2012-05-31,432344799,dei:EntityCommonStockSharesOutstanding
COST,2012-10-19,2012-10-05,432424379,dei:EntityCommonStockSharesOutstanding
COST,2012-12-21,2012-12-14,435636480,dei:EntityCommonStockSharesOutstanding
COST,2013-03-20,2013-03-13,436371394,dei:EntityCommonStockSharesOutstanding
COST,2013-06-11,2013-06-04,436684233,dei:EntityCommonStockSharesOutstanding
COST,2013-10-16,2013-10-09,436922037,dei:EntityCommonStockSharesOutstanding
COST,2013-12-20,2013-12-13,439722405,dei:EntityCommonStockSharesOutstanding
COST,2014-03-14,2014-03-07,439877548,dei:EntityCommonStockSharesOutstanding
COST,2014-06-05,2014-05-28,438295696,dei:EntityCommonStockSharesOutstanding
COST,2014-10-15,2014-10-08,437762068,dei:EntityCommonStockSharesOutstanding
COST,2014-12-18,2014-12-11,440504400,dei:EntityCommonStockSharesOutstanding
COST,2015-03-11,2015-03-04,439974264,dei:EntityCommonStockSharesOutstanding
COST,2015-06-04,2015-05-27,439487656,dei:EntityCommonStockSharesOutstanding
COST,2015-10-14,2015-10-05,437406636,dei:EntityCommonStockSharesOutstanding
COST,2015-12-18,2015-12-10,439777272,dei:EntityCommonStockSharesOutstanding
COST,2016-03-09,2016-03-02,439035055,dei:EntityCommonStockSharesOutstanding
COST,2016-06-01,2016-05-25,438065563,dei:EntityCommonStockSharesOutstanding
COST,2016-10-12,2016-10-04,437126569,dei:EntityCommonStockSharesOutstanding
COST,2016-12-16,2016-12-08,439240344,dei:EntityCommonStockSharesOutstanding
COST,2017-03-09,2017-03-01,438941216,dei:EntityCommonStockSharesOutstanding
COST,2017-06-01,2017-05-24,438593340,dei:EntityCommonStockSharesOutstanding
COST,2017-10-18,2017-10-10,436989606,dei:EntityCommonStockSharesOutstanding
COST,2017-12-21,2017-12-13,439105871,dei:EntityCommonStockSharesOutstanding
COST,2018-03-15,2018-03-07,438820272,dei:EntityCommonStockSharesOutstanding
COST,2018-06-07,2018-05-30,438541544,dei:EntityCommonStockSharesOutstanding
COST,2018-10-26,2018-10-18,438208376,dei:EntityCommonStockSharesOutstanding
COST,2018-12-20,2018-12-12,440490478,dei:EntityCommonStockSharesOutstanding
COST,2019-03-13,2019-03-06,439880257,dei:EntityCommonStockSharesOutstanding
COST,2019-06-06,2019-05-29,439789186,dei:EntityCommonStockSharesOutstanding
COST,2019-10-11,2019-10-03,439656950,dei:EntityCommonStockSharesOutstanding
COST,2019-12-23,2019-12-11,441757627,dei:EntityCommonStockSharesOutstanding
COST,2020-03-12,2020-03-04,441579952,dei:EntityCommonStockSharesOutstanding
COST,2020-06-04,2020-05-27,441523711,dei:EntityCommonStockSharesOutstanding
COST,2020-10-07,2020-09-29,441228027,dei:EntityCommonStockSharesOutstanding
COST,2020-12-16,2020-12-09,442955229,dei:EntityCommonStockSharesOutstanding
COST,2021-03-10,2021-03-03,442533785,dei:EntityCommonStockSharesOutstanding
COST,2021-06-03,2021-05-26,442069091,dei:EntityCommonStockSharesOutstanding
COST,2021-10-06,2021-09-28,441823811,dei:EntityCommonStockSharesOutstanding
COST,2021-12-22,2021-12-14,443432486,dei:EntityCommonStockSharesOutstanding
COST,2022-03-10,2022-03-02,443224290,dei:EntityCommonStockSharesOutstanding
COST,2022-06-02,2022-05-25,442962949,dei:EntityCommonStockSharesOutstanding
COST,2022-10-05,2022-09-27,442604145,dei:EntityCommonStockSharesOutstanding
COST,2022-12-29,2022-12-22,443729036,dei:EntityCommonStockSharesOutstanding
COST,2023-03-09,2023-03-01,443483205,dei:EntityCommonStockSharesOutstanding
COST,2023-06-01,2023-05-24,443148481,dei:EntityCommonStockSharesOutstanding
COST,2023-10-11,2023-10-03,442740572,dei:EntityCommonStockSharesOutstanding
COST,2023-12-20,2023-12-13,443728416,dei:EntityCommonStockSharesOutstanding
COST,2024-03-13,2024-03-06,443504036,dei:EntityCommonStockSharesOutstanding
COST,2024-06-06,2024-05-29,443335024,dei:EntityCommonStockSharesOutstanding
COST,2024-10-09,2024-10-01,443073537,dei:EntityCommonStockSharesOutstanding
COST,2024-12-19,2024-12-11,443898870,dei:EntityCommonStockSharesOutstanding
COST,2025-03-13,2025-03-05,443683357,dei:EntityCommonStockSharesOutstanding
COST,2025-06-05,2025-05-28,443477086,dei:EntityCommonStockSharesOutstanding
COST,2025-10-08,2025-09-30,443179176,dei:EntityCommonStockSharesOutstanding
COST,2025-12-17,2025-12-10,443869411,dei:EntityCommonStockSharesOutstanding
COST,2026-03-11,2026-03-04,443652540,dei:EntityCommonStockSharesOutstanding
COST,2026-06-03,2026-05-27,443478804,dei:EntityCommonStockSharesOutstanding
CPRT,2010-12-03,2010-12-02,82198691,dei:EntityCommonStockSharesOutstanding
CPRT,2011-03-07,2011-03-03,70289588,dei:EntityCommonStockSharesOutstanding
CPRT,2011-06-09,2011-06-07,68797141,dei:EntityCommonStockSharesOutstanding
CPRT,2011-10-28,2011-09-27,66030517,dei:EntityCommonStockSharesOutstanding
CPRT,2011-12-12,2011-12-06,65094982,dei:EntityCommonStockSharesOutstanding
CPRT,2012-03-09,2012-03-08,63307176,dei:EntityCommonStockSharesOutstanding
CPRT,2012-06-11,2012-06-07,127166914,dei:EntityCommonStockSharesOutstanding
CPRT,2012-10-01,2012-09-28,124093869,dei:EntityCommonStockSharesOutstanding
CPRT,2012-12-07,2012-12-07,124773158,dei:EntityCommonStockSharesOutstanding
CPRT,2013-03-12,2013-03-12,125385122,dei:EntityCommonStockSharesOutstanding
CPRT,2013-06-05,2013-06-03,125443625,dei:EntityCommonStockSharesOutstanding
CPRT,2013-09-30,2013-09-30,125515179,dei:EntityCommonStockSharesOutstanding
CPRT,2013-12-10,2013-12-10,125556302,dei:EntityCommonStockSharesOutstanding
CPRT,2014-03-05,2014-03-05,125868763,dei:EntityCommonStockSharesOutstanding
CPRT,2014-06-09,2014-06-06,126045670,dei:EntityCommonStockSharesOutstanding
CPRT,2014-09-29,2014-09-29,126244452,dei:EntityCommonStockSharesOutstanding
CPRT,2014-11-26,2014-11-25,126335253,dei:EntityCommonStockSharesOutstanding
CPRT,2015-03-04,2015-03-03,126439552,dei:EntityCommonStockSharesOutstanding
CPRT,2015-05-28,2015-05-27,126522148,dei:EntityCommonStockSharesOutstanding
CPRT,2015-09-25,2015-09-24,120186984,dei:EntityCommonStockSharesOutstanding
CPRT,2015-11-24,2015-11-23,120236510,dei:EntityCommonStockSharesOutstanding
CPRT,2016-02-25,2016-02-24,112000958,dei:EntityCommonStockSharesOutstanding
CPRT,2016-05-26,2016-05-25,109382384,dei:EntityCommonStockSharesOutstanding
CPRT,2016-09-28,2016-09-27,114161199,dei:EntityCommonStockSharesOutstanding
CPRT,2016-11-30,2016-11-29,114586095,dei:EntityCommonStockSharesOutstanding
CPRT,2017-02-28,2017-02-27,114847579,dei:EntityCommonStockSharesOutstanding
CPRT,2017-05-25,2017-05-24,230331226,dei:EntityCommonStockSharesOutstanding
CPRT,2017-09-28,2017-09-26,230773342,dei:EntityCommonStockSharesOutstanding
CPRT,2017-11-28,2017-11-27,231303973,dei:EntityCommonStockSharesOutstanding
CPRT,2018-02-27,2018-02-26,231994303,dei:EntityCommonStockSharesOutstanding
CPRT,2018-05-25,2018-05-24,232278137,dei:EntityCommonStockSharesOutstanding
CPRT,2018-10-01,2018-09-28,233916190,dei:EntityCommonStockSharesOutstanding
CPRT,2018-11-29,2018-11-28,234015480,dei:EntityCommonStockSharesOutstanding
CPRT,2019-02-28,2019-02-27,228205906,dei:EntityCommonStockSharesOutstanding
CPRT,2019-05-29,2019-05-28,229112884,dei:EntityCommonStockSharesOutstanding
CPRT,2019-09-30,2019-09-27,232250144,dei:EntityCommonStockSharesOutstanding
CPRT,2019-11-25,2019-11-22,232454206,dei:EntityCommonStockSharesOutstanding
CPRT,2020-02-27,2020-02-26,233705480,dei:EntityCommonStockSharesOutstanding
CPRT,2020-05-28,2020-05-26,234777526,dei:EntityCommonStockSharesOutstanding
CPRT,2020-09-28,2020-09-25,235971920,dei:EntityCommonStockSharesOutstanding
CPRT,2020-11-20,2020-11-19,236132878,dei:EntityCommonStockSharesOutstanding
CPRT,2021-02-24,2021-02-22,236316965,dei:EntityCommonStockSharesOutstanding
CPRT,2021-05-24,2021-05-20,236578498,dei:EntityCommonStockSharesOutstanding
CPRT,2021-09-27,2021-09-23,237100519,dei:EntityCommonStockSharesOutstanding
CPRT,2021-11-19,2021-11-18,237188461,dei:EntityCommonStockSharesOutstanding
CPRT,2022-03-03,2022-02-28,237497303,dei:EntityCommonStockSharesOutstanding
CPRT,2022-05-25,2022-05-24,237672576,dei:EntityCommonStockSharesOutstanding
CPRT,2022-09-27,2022-09-26,238056756,dei:EntityCommonStockSharesOutstanding
CPRT,2022-11-18,2022-11-17,476300011,dei:EntityCommonStockSharesOutstanding
CPRT,2023-02-24,2023-02-23,476592516,dei:EntityCommonStockSharesOutstanding
CPRT,2023-05-25,2023-05-24,477439836,dei:EntityCommonStockSharesOutstanding
CPRT,2023-09-28,2023-09-27,957355633,dei:EntityCommonStockSharesOutstanding
CPRT,2023-11-21,2023-11-17,960231442,dei:EntityCommonStockSharesOutstanding
CPRT,2024-02-27,2024-02-26,961461830,dei:EntityCommonStockSharesOutstanding
CPRT,2024-05-23,2024-05-22,962297603,dei:EntityCommonStockSharesOutstanding
CPRT,2024-09-30,2024-09-26,963287376,dei:EntityCommonStockSharesOutstanding
CPRT,2024-11-26,2024-11-25,963528402,dei:EntityCommonStockSharesOutstanding
CPRT,2025-02-26,2025-02-25,966092956,dei:EntityCommonStockSharesOutstanding
CPRT,2025-06-03,2025-06-02,966936214,dei:EntityCommonStockSharesOutstanding
CPRT,2025-09-26,2025-09-25,967731528,dei:EntityCommonStockSharesOutstanding
CPRT,2025-11-24,2025-11-20,968017684,dei:EntityCommonStockSharesOutstanding
CPRT,2026-03-03,2026-03-02,963308388,dei:EntityCommonStockSharesOutstanding
CPRT,2026-05-29,2026-05-27,925811482,dei:EntityCommonStockSharesOutstanding
CRWD,2025-06-04,2025-05-29,249248174,dei:EntityCommonStockSharesOutstanding
CRWD,2025-08-28,2025-08-21,250955140,dei:EntityCommonStockSharesOutstanding
CRWD,2025-12-03,2025-11-25,252098440,dei:EntityCommonStockSharesOutstanding
CRWD,2026-06-04,2026-05-28,254564820,dei:EntityCommonStockSharesOutstanding
CRWV,2025-05-15,2025-03-31,454836000,us-gaap:WeightedAverageNumberOfSharesOutstandingBasic
CRWV,2025-08-13,2025-06-30,1272542000,us-gaap:WeightedAverageNumberOfSharesOutstandingBasic
CRWV,2025-11-13,2025-09-30,1333535000,us-gaap:WeightedAverageNumberOfSharesOutstandingBasic
CRWV,2026-03-02,2025-12-31,845000000,us-gaap:WeightedAverageNumberOfSharesOutstandingBasic
CRWV,2026-05-08,2026-03-31,773000000,us-gaap:WeightedAverageNumberOfSharesOutstandingBasic
CSCO,2009-11-18,2009-11-12,5752585247,dei:EntityCommonStockSharesOutstanding
CSCO,2010-02-17,2010-02-11,5725636151,dei:EntityCommonStockSharesOutstanding
CSCO,2010-05-26,2010-05-20,5711151107,dei:EntityCommonStockSharesOutstanding
CSCO,2010-09-21,2010-09-15,5585268740,dei:EntityCommonStockSharesOutstanding
CSCO,2010-11-23,2010-11-18,5542761641,dei:EntityCommonStockSharesOutstanding
CSCO,2011-02-23,2011-02-17,5527994846,dei:EntityCommonStockSharesOutstanding
CSCO,2011-05-25,2011-05-18,5500184916,dei:EntityCommonStockSharesOutstanding
CSCO,2011-09-14,2011-09-08,5382854827,dei:EntityCommonStockSharesOutstanding
CSCO,2011-11-22,2011-11-15,5375863983,dei:EntityCommonStockSharesOutstanding
CSCO,2012-02-21,2012-02-14,5385938187,dei:EntityCommonStockSharesOutstanding
CSCO,2012-05-23,2012-05-18,5356878940,dei:EntityCommonStockSharesOutstanding
CSCO,2012-09-12,2012-09-05,5290061557,dei:EntityCommonStockSharesOutstanding
CSCO,2012-11-20,2012-11-15,5309248366,dei:EntityCommonStockSharesOutstanding
CSCO,2013-02-19,2013-02-14,5331973900,dei:EntityCommonStockSharesOutstanding
CSCO,2013-05-21,2013-05-16,5344336014,dei:EntityCommonStockSharesOutstanding
CSCO,2013-09-10,2013-09-04,5361549877,dei:EntityCommonStockSharesOutstanding
CSCO,2013-11-22,2013-11-15,5346617505,dei:EntityCommonStockSharesOutstanding
CSCO,2014-02-20,2014-02-14,5151281052,dei:EntityCommonStockSharesOutstanding
CSCO,2014-05-22,2014-05-16,5122689670,dei:EntityCommonStockSharesOutstanding
CSCO,2014-09-09,2014-09-04,5099203169,dei:EntityCommonStockSharesOutstanding
CSCO,2014-11-20,2014-11-14,5113588147,dei:EntityCommonStockSharesOutstanding
CSCO,2015-02-18,2015-02-13,5104738671,dei:EntityCommonStockSharesOutstanding
CSCO,2015-05-20,2015-05-15,5085888730,dei:EntityCommonStockSharesOutstanding
CSCO,2015-09-08,2015-09-03,5061293291,dei:EntityCommonStockSharesOutstanding
CSCO,2015-11-19,2015-11-13,5076079317,dei:EntityCommonStockSharesOutstanding
CSCO,2016-02-18,2016-02-12,5032121234,dei:EntityCommonStockSharesOutstanding
CSCO,2016-05-24,2016-05-19,5029711978,dei:EntityCommonStockSharesOutstanding
CSCO,2016-09-08,2016-09-02,5014353833,dei:EntityCommonStockSharesOutstanding
CSCO,2016-11-22,2016-11-17,5019758934,dei:EntityCommonStockSharesOutstanding
CSCO,2017-02-21,2017-02-16,5007856247,dei:EntityCommonStockSharesOutstanding
CSCO,2017-05-23,2017-05-18,5000054399,dei:EntityCommonStockSharesOutstanding
CSCO,2017-09-07,2017-09-01,4951955851,dei:EntityCommonStockSharesOutstanding
CSCO,2017-11-21,2017-11-16,4943622124,dei:EntityCommonStockSharesOutstanding
CSCO,2018-02-20,2018-02-15,4817517410,dei:EntityCommonStockSharesOutstanding
CSCO,2018-05-22,2018-05-17,4702882494,dei:EntityCommonStockSharesOutstanding
CSCO,2018-09-06,2018-08-31,4571334136,dei:EntityCommonStockSharesOutstanding
CSCO,2018-11-20,2018-11-15,4495961730,dei:EntityCommonStockSharesOutstanding
CSCO,2019-02-19,2019-02-14,4402027716,dei:EntityCommonStockSharesOutstanding
CSCO,2019-05-21,2019-05-16,4280733008,dei:EntityCommonStockSharesOutstanding
CSCO,2019-09-05,2019-08-30,4245290230,dei:EntityCommonStockSharesOutstanding
CSCO,2019-11-19,2019-11-14,4242262570,dei:EntityCommonStockSharesOutstanding
CSCO,2020-02-18,2020-02-13,4240880161,dei:EntityCommonStockSharesOutstanding
CSCO,2020-05-18,2020-05-14,4222296202,dei:EntityCommonStockSharesOutstanding
CSCO,2020-09-03,2020-08-28,4233425297,dei:EntityCommonStockSharesOutstanding
CSCO,2020-11-17,2020-11-12,4225514401,dei:EntityCommonStockSharesOutstanding
CSCO,2021-02-16,2021-02-11,4221785547,dei:EntityCommonStockSharesOutstanding
CSCO,2021-05-25,2021-05-20,4214204641,dei:EntityCommonStockSharesOutstanding
CSCO,2021-09-09,2021-09-03,4217735917,dei:EntityCommonStockSharesOutstanding
CSCO,2021-11-23,2021-11-18,4217606555,dei:EntityCommonStockSharesOutstanding
CSCO,2022-02-22,2022-02-17,4154168000,dei:EntityCommonStockSharesOutstanding
CSCO,2022-05-25,2022-05-19,4140964037,dei:EntityCommonStockSharesOutstanding
CSCO,2022-09-08,2022-09-02,4108844167,dei:EntityCommonStockSharesOutstanding
CSCO,2022-11-22,2022-11-17,4108103063,dei:EntityCommonStockSharesOutstanding
CSCO,2023-02-21,2023-02-16,4095823317,dei:EntityCommonStockSharesOutstanding
CSCO,2023-05-24,2023-05-18,4075058155,dei:EntityCommonStockSharesOutstanding
CSCO,2023-09-07,2023-09-01,4054857783,dei:EntityCommonStockSharesOutstanding
CSCO,2023-11-21,2023-11-16,4063475676,dei:EntityCommonStockSharesOutstanding
CSCO,2024-02-20,2024-02-15,4049187080,dei:EntityCommonStockSharesOutstanding
CSCO,2024-05-21,2024-05-16,4028814776,dei:EntityCommonStockSharesOutstanding
CSCO,2024-09-05,2024-08-30,3990734794,dei:EntityCommonStockSharesOutstanding
CSCO,2024-11-19,2024-11-14,3982758260,dei:EntityCommonStockSharesOutstanding
CSCO,2025-02-18,2025-02-13,3978292432,dei:EntityCommonStockSharesOutstanding
CSCO,2025-05-20,2025-05-15,3959998180,dei:EntityCommonStockSharesOutstanding
CSCO,2025-09-03,2025-08-28,3953196953,dei:EntityCommonStockSharesOutstanding
CSCO,2025-11-18,2025-11-13,3951094563,dei:EntityCommonStockSharesOutstanding
CSCO,2026-02-17,2026-02-12,3949893042,dei:EntityCommonStockSharesOutstanding
CSCO,2026-05-19,2026-05-14,3941434665,dei:EntityCommonStockSharesOutstanding
CSGP,2011-07-28,2011-07-22,25307433,dei:EntityCommonStockSharesOutstanding
CSGP,2011-10-27,2011-10-21,25337014,dei:EntityCommonStockSharesOutstanding
CSGP,2012-02-23,2012-02-17,25445864,dei:EntityCommonStockSharesOutstanding
CSGP,2012-04-27,2012-04-20,25806357,dei:EntityCommonStockSharesOutstanding
CSGP,2012-07-26,2012-07-20,28206438,dei:EntityCommonStockSharesOutstanding
CSGP,2012-10-25,2012-10-19,28259893,dei:EntityCommonStockSharesOutstanding
CSGP,2013-03-01,2013-02-22,28339028,dei:EntityCommonStockSharesOutstanding
CSGP,2013-04-25,2013-04-19,28541165,dei:EntityCommonStockSharesOutstanding
CSGP,2013-07-24,2013-07-19,28624794,dei:EntityCommonStockSharesOutstanding
CSGP,2013-10-24,2013-10-18,28756248,dei:EntityCommonStockSharesOutstanding
CSGP,2014-02-20,2014-02-14,28853559,dei:EntityCommonStockSharesOutstanding
CSGP,2014-04-24,2014-04-18,28768360,dei:EntityCommonStockSharesOutstanding
CSGP,2014-07-25,2014-07-18,32301123,dei:EntityCommonStockSharesOutstanding
CSGP,2014-10-30,2014-10-24,32349264,dei:EntityCommonStockSharesOutstanding
CSGP,2015-02-26,2015-02-20,32311866,dei:EntityCommonStockSharesOutstanding
CSGP,2015-04-30,2015-04-24,32409761,dei:EntityCommonStockSharesOutstanding
CSGP,2015-07-30,2015-07-24,32470507,dei:EntityCommonStockSharesOutstanding
CSGP,2015-10-29,2015-10-23,32488830,dei:EntityCommonStockSharesOutstanding
CSGP,2016-02-26,2016-02-19,32513536,dei:EntityCommonStockSharesOutstanding
CSGP,2016-04-28,2016-04-22,32550768,dei:EntityCommonStockSharesOutstanding
CSGP,2016-07-28,2016-07-22,32602734,dei:EntityCommonStockSharesOutstanding
CSGP,2016-10-27,2016-10-21,32593441,dei:EntityCommonStockSharesOutstanding
CSGP,2017-02-24,2017-02-17,32599696,dei:EntityCommonStockSharesOutstanding
CSGP,2017-04-27,2017-04-21,32748797,dei:EntityCommonStockSharesOutstanding
CSGP,2017-07-27,2017-07-21,32820584,dei:EntityCommonStockSharesOutstanding
CSGP,2017-10-26,2017-10-20,36145490,dei:EntityCommonStockSharesOutstanding
CSGP,2018-02-23,2018-02-16,36094701,dei:EntityCommonStockSharesOutstanding
CSGP,2018-04-25,2018-04-20,36392021,dei:EntityCommonStockSharesOutstanding
CSGP,2018-07-25,2018-07-20,36391084,dei:EntityCommonStockSharesOutstanding
CSGP,2018-10-24,2018-10-19,36419787,dei:EntityCommonStockSharesOutstanding
CSGP,2019-02-28,2019-02-22,36451829,dei:EntityCommonStockSharesOutstanding
CSGP,2019-04-24,2019-04-19,36541576,dei:EntityCommonStockSharesOutstanding
CSGP,2019-07-24,2019-07-19,36548654,dei:EntityCommonStockSharesOutstanding
CSGP,2019-10-23,2019-10-18,36634976,dei:EntityCommonStockSharesOutstanding
CSGP,2020-02-26,2020-02-21,36644734,dei:EntityCommonStockSharesOutstanding
CSGP,2020-04-29,2020-04-24,36726443,dei:EntityCommonStockSharesOutstanding
CSGP,2020-07-29,2020-07-24,39367098,dei:EntityCommonStockSharesOutstanding
CSGP,2020-10-28,2020-10-23,39418077,dei:EntityCommonStockSharesOutstanding
CSGP,2021-02-24,2021-02-19,39410441,dei:EntityCommonStockSharesOutstanding
CSGP,2021-04-28,2021-04-23,39493550,dei:EntityCommonStockSharesOutstanding
CSGP,2021-07-28,2021-07-23,394955148,dei:EntityCommonStockSharesOutstanding
CSGP,2021-10-27,2021-10-22,394935769,dei:EntityCommonStockSharesOutstanding
CSGP,2022-02-23,2022-02-18,394987704,dei:EntityCommonStockSharesOutstanding
CSGP,2022-04-28,2022-04-22,396225292,dei:EntityCommonStockSharesOutstanding
CSGP,2022-07-27,2022-07-22,395949425,dei:EntityCommonStockSharesOutstanding
CSGP,2022-10-26,2022-10-21,406690060,dei:EntityCommonStockSharesOutstanding
CSGP,2023-02-22,2023-02-17,406772431,dei:EntityCommonStockSharesOutstanding
CSGP,2023-04-26,2023-04-21,408539209,dei:EntityCommonStockSharesOutstanding
CSGP,2023-07-26,2023-07-21,408336600,dei:EntityCommonStockSharesOutstanding
CSGP,2023-10-25,2023-10-20,408363368,dei:EntityCommonStockSharesOutstanding
CSGP,2024-02-22,2024-02-16,408409321,dei:EntityCommonStockSharesOutstanding
CSGP,2024-04-24,2024-04-22,408342326,dei:EntityCommonStockSharesOutstanding
CSGP,2024-07-25,2024-07-22,409816848,dei:EntityCommonStockSharesOutstanding
CSGP,2024-10-23,2024-10-21,409959517,dei:EntityCommonStockSharesOutstanding
CSGP,2025-02-20,2025-02-13,410125610,dei:EntityCommonStockSharesOutstanding
CSGP,2025-05-01,2025-04-28,421886653,dei:EntityCommonStockSharesOutstanding
CSGP,2025-07-23,2025-07-21,423650362,dei:EntityCommonStockSharesOutstanding
CSGP,2025-10-29,2025-10-27,423822791,dei:EntityCommonStockSharesOutstanding
CSGP,2026-02-26,2026-02-20,419793301,dei:EntityCommonStockSharesOutstanding
CSGP,2026-04-29,2026-04-27,408355715,dei:EntityCommonStockSharesOutstanding
CSX,2009-04-15,2009-03-27,391459772,dei:EntityCommonStockSharesOutstanding
CSX,2009-07-15,2009-06-26,392190182,dei:EntityCommonStockSharesOutstanding
CSX,2009-10-20,2009-09-25,392558925,dei:EntityCommonStockSharesOutstanding
CSX,2010-02-19,2010-02-05,390035435,dei:EntityCommonStockSharesOutstanding
CSX,2010-04-19,2010-03-26,389225965,dei:EntityCommonStockSharesOutstanding
CSX,2010-07-15,2010-06-25,379647450,dei:EntityCommonStockSharesOutstanding
CSX,2010-10-15,2010-09-24,374184621,dei:EntityCommonStockSharesOutstanding
CSX,2011-02-18,2010-06-25,370373995,dei:EntityCommonStockSharesOutstanding
CSX,2011-04-20,2011-04-01,1,dei:EntityCommonStockSharesOutstanding
CSX,2011-07-21,2011-07-01,1095281506,dei:EntityCommonStockSharesOutstanding
CSX,2011-10-26,2011-09-30,1049953020,dei:EntityCommonStockSharesOutstanding
CSX,2012-02-21,2012-01-27,1052267692,dei:EntityCommonStockSharesOutstanding
CSX,2012-04-19,2012-03-30,1039158062,dei:EntityCommonStockSharesOutstanding
CSX,2012-07-19,2012-06-29,1039988670,dei:EntityCommonStockSharesOutstanding
CSX,2012-10-16,2012-09-28,1031377919,dei:EntityCommonStockSharesOutstanding
CSX,2013-02-19,2013-01-25,1020796630,dei:EntityCommonStockSharesOutstanding
CSX,2013-04-16,2013-03-29,1021960630,dei:EntityCommonStockSharesOutstanding
CSX,2013-07-17,2013-06-28,1018837313,dei:EntityCommonStockSharesOutstanding
CSX,2013-10-16,2013-09-27,1013674361,dei:EntityCommonStockSharesOutstanding
CSX,2014-02-12,2014-01-24,1007591673,dei:EntityCommonStockSharesOutstanding
CSX,2014-04-16,2014-03-28,1004362589,dei:EntityCommonStockSharesOutstanding
CSX,2014-07-15,2014-06-27,999572416,dei:EntityCommonStockSharesOutstanding
CSX,2014-10-15,2014-09-26,995397303,dei:EntityCommonStockSharesOutstanding
CSX,2015-02-11,2015-01-23,990564824,dei:EntityCommonStockSharesOutstanding
CSX,2015-04-15,2015-03-27,987981408,dei:EntityCommonStockSharesOutstanding
CSX,2015-07-15,2015-06-26,983737246,dei:EntityCommonStockSharesOutstanding
CSX,2015-10-14,2015-09-25,974944791,dei:EntityCommonStockSharesOutstanding
CSX,2016-02-10,2016-01-22,963150011,dei:EntityCommonStockSharesOutstanding
CSX,2016-04-13,2016-03-25,955867082,dei:EntityCommonStockSharesOutstanding
CSX,2016-07-14,2016-06-24,945990945,dei:EntityCommonStockSharesOutstanding
CSX,2016-10-12,2016-09-23,936661112,dei:EntityCommonStockSharesOutstanding
CSX,2017-02-14,2017-01-27,926446993,dei:EntityCommonStockSharesOutstanding
CSX,2017-04-20,2017-03-31,922687144,dei:EntityCommonStockSharesOutstanding
CSX,2017-07-19,2017-06-30,913313010,dei:EntityCommonStockSharesOutstanding
CSX,2017-10-18,2017-09-30,893723083,dei:EntityCommonStockSharesOutstanding
CSX,2018-02-07,2018-01-31,887236080,dei:EntityCommonStockSharesOutstanding
CSX,2018-04-18,2018-03-31,875353546,dei:EntityCommonStockSharesOutstanding
CSX,2018-07-18,2018-06-30,858810557,dei:EntityCommonStockSharesOutstanding
CSX,2018-10-17,2018-09-30,844420361,dei:EntityCommonStockSharesOutstanding
CSX,2019-02-06,2019-01-31,815630366,dei:EntityCommonStockSharesOutstanding
CSX,2019-04-17,2019-03-31,809163666,dei:EntityCommonStockSharesOutstanding
CSX,2019-07-17,2019-06-30,798175808,dei:EntityCommonStockSharesOutstanding
CSX,2019-10-17,2019-09-30,782336546,dei:EntityCommonStockSharesOutstanding
CSX,2020-02-12,2020-01-31,773825565,dei:EntityCommonStockSharesOutstanding
CSX,2020-04-23,2020-03-31,765465894,dei:EntityCommonStockSharesOutstanding
CSX,2020-07-23,2020-06-30,765052549,dei:EntityCommonStockSharesOutstanding
CSX,2020-10-22,2020-09-30,764774958,dei:EntityCommonStockSharesOutstanding
CSX,2021-02-10,2021-01-31,762505058,dei:EntityCommonStockSharesOutstanding
CSX,2021-04-21,2021-03-31,757400216,dei:EntityCommonStockSharesOutstanding
CSX,2021-07-22,2021-06-30,2254495910,dei:EntityCommonStockSharesOutstanding
CSX,2021-10-21,2021-09-30,2217983411,dei:EntityCommonStockSharesOutstanding
CSX,2022-02-16,2022-01-31,2193389444,dei:EntityCommonStockSharesOutstanding
CSX,2022-04-21,2022-03-31,2174259952,dei:EntityCommonStockSharesOutstanding
CSX,2022-07-21,2022-06-30,2141241136,dei:EntityCommonStockSharesOutstanding
CSX,2022-10-21,2022-09-30,2102408729,dei:EntityCommonStockSharesOutstanding
CSX,2023-02-15,2023-01-31,2062605434,dei:EntityCommonStockSharesOutstanding
CSX,2023-04-20,2023-03-31,2033054922,dei:EntityCommonStockSharesOutstanding
CSX,2023-07-20,2023-06-30,2006330057,dei:EntityCommonStockSharesOutstanding
CSX,2023-10-20,2023-09-30,1976131035,dei:EntityCommonStockSharesOutstanding
CSX,2024-02-14,2024-01-31,1959134342,dei:EntityCommonStockSharesOutstanding
CSX,2024-04-18,2024-03-31,1954927162,dei:EntityCommonStockSharesOutstanding
CSX,2024-08-05,2024-06-30,1938739661,dei:EntityCommonStockSharesOutstanding
CSX,2024-10-17,2024-09-30,1928419153,dei:EntityCommonStockSharesOutstanding
CSX,2025-02-27,2025-01-31,1894616582,dei:EntityCommonStockSharesOutstanding
CSX,2025-04-16,2025-03-31,1878545871,dei:EntityCommonStockSharesOutstanding
CSX,2025-07-23,2025-06-30,1864277014,dei:EntityCommonStockSharesOutstanding
CSX,2025-10-16,2025-09-30,1862136956,dei:EntityCommonStockSharesOutstanding
CSX,2026-02-12,2026-01-31,1859556799,dei:EntityCommonStockSharesOutstanding
CSX,2026-04-22,2026-03-31,1858138856,dei:EntityCommonStockSharesOutstanding
CTAS,2010-10-08,2010-09-30,145298073,dei:EntityCommonStockSharesOutstanding
CTAS,2011-01-07,2010-12-31,145301073,dei:EntityCommonStockSharesOutstanding
CTAS,2011-04-08,2011-03-31,145303323,dei:EntityCommonStockSharesOutstanding
CTAS,2011-07-29,2011-06-30,131204758,dei:EntityCommonStockSharesOutstanding
CTAS,2011-10-07,2011-09-30,129723256,dei:EntityCommonStockSharesOutstanding
CTAS,2012-01-09,2011-12-31,129732772,dei:EntityCommonStockSharesOutstanding
CTAS,2012-04-09,2012-03-31,129795443,dei:EntityCommonStockSharesOutstanding
CTAS,2012-07-30,2012-06-30,126529863,dei:EntityCommonStockSharesOutstanding
CTAS,2012-10-10,2012-09-30,124902787,dei:EntityCommonStockSharesOutstanding
CTAS,2013-01-09,2012-12-31,123286223,dei:EntityCommonStockSharesOutstanding
CTAS,2013-04-09,2013-03-31,122520572,dei:EntityCommonStockSharesOutstanding
CTAS,2013-07-30,2013-06-30,122320408,dei:EntityCommonStockSharesOutstanding
CTAS,2013-10-10,2013-09-30,119889137,dei:EntityCommonStockSharesOutstanding
CTAS,2014-01-09,2013-12-31,119850031,dei:EntityCommonStockSharesOutstanding
CTAS,2014-04-09,2014-03-31,120192562,dei:EntityCommonStockSharesOutstanding
CTAS,2014-07-30,2014-06-30,116403688,dei:EntityCommonStockSharesOutstanding
CTAS,2014-10-10,2014-09-30,116979108,dei:EntityCommonStockSharesOutstanding
CTAS,2015-01-09,2014-12-31,117327890,dei:EntityCommonStockSharesOutstanding
CTAS,2015-04-02,2015-03-31,114394731,dei:EntityCommonStockSharesOutstanding
CTAS,2015-07-30,2015-06-30,110211359,dei:EntityCommonStockSharesOutstanding
CTAS,2015-10-09,2015-09-30,107959511,dei:EntityCommonStockSharesOutstanding
CTAS,2016-01-08,2015-12-31,108130453,dei:EntityCommonStockSharesOutstanding
CTAS,2016-04-08,2016-03-31,107003201,dei:EntityCommonStockSharesOutstanding
CTAS,2016-07-29,2016-06-30,104207491,dei:EntityCommonStockSharesOutstanding
CTAS,2016-10-11,2016-09-30,104935651,dei:EntityCommonStockSharesOutstanding
CTAS,2017-01-06,2016-12-31,105039128,dei:EntityCommonStockSharesOutstanding
CTAS,2017-04-07,2017-03-31,105322553,dei:EntityCommonStockSharesOutstanding
CTAS,2017-07-31,2017-06-30,105435865,dei:EntityCommonStockSharesOutstanding
CTAS,2017-10-06,2017-09-30,106304385,dei:EntityCommonStockSharesOutstanding
CTAS,2018-01-05,2017-12-31,106488799,dei:EntityCommonStockSharesOutstanding
CTAS,2018-04-06,2018-03-31,106720902,dei:EntityCommonStockSharesOutstanding
CTAS,2018-07-27,2018-06-30,106279307,dei:EntityCommonStockSharesOutstanding
CTAS,2018-10-05,2018-09-30,106895291,dei:EntityCommonStockSharesOutstanding
CTAS,2019-01-08,2018-12-31,104543895,dei:EntityCommonStockSharesOutstanding
CTAS,2019-04-05,2019-03-31,104570866,dei:EntityCommonStockSharesOutstanding
CTAS,2019-07-26,2019-06-30,102487039,dei:EntityCommonStockSharesOutstanding
CTAS,2019-10-08,2019-09-30,103499651,dei:EntityCommonStockSharesOutstanding
CTAS,2020-01-09,2019-12-31,103750798,dei:EntityCommonStockSharesOutstanding
CTAS,2020-03-31,2020-03-31,104050202,dei:EntityCommonStockSharesOutstanding
CTAS,2020-07-29,2020-06-30,103499012,dei:EntityCommonStockSharesOutstanding
CTAS,2020-10-09,2020-09-30,104625384,dei:EntityCommonStockSharesOutstanding
CTAS,2021-01-08,2020-12-31,105029963,dei:EntityCommonStockSharesOutstanding
CTAS,2021-04-06,2021-03-31,105053197,dei:EntityCommonStockSharesOutstanding
CTAS,2021-07-28,2021-06-30,102967245,dei:EntityCommonStockSharesOutstanding
CTAS,2021-10-07,2021-09-30,103407624,dei:EntityCommonStockSharesOutstanding
CTAS,2022-01-06,2021-12-31,103732576,dei:EntityCommonStockSharesOutstanding
CTAS,2022-04-07,2022-03-31,102324911,dei:EntityCommonStockSharesOutstanding
CTAS,2022-07-27,2022-06-30,101188086,dei:EntityCommonStockSharesOutstanding
CTAS,2022-10-06,2022-09-30,101545323,dei:EntityCommonStockSharesOutstanding
CTAS,2023-01-06,2022-12-31,101620479,dei:EntityCommonStockSharesOutstanding
CTAS,2023-04-06,2023-03-31,101701804,dei:EntityCommonStockSharesOutstanding
CTAS,2023-07-27,2023-06-30,101741564,dei:EntityCommonStockSharesOutstanding
CTAS,2023-10-05,2023-09-30,101854118,dei:EntityCommonStockSharesOutstanding
CTAS,2024-01-08,2023-12-31,101371435,dei:EntityCommonStockSharesOutstanding
CTAS,2024-04-05,2024-03-31,101463249,dei:EntityCommonStockSharesOutstanding
CTAS,2024-07-25,2024-06-30,100768931,dei:EntityCommonStockSharesOutstanding
CTAS,2024-10-04,2024-09-30,403298633,dei:EntityCommonStockSharesOutstanding
CTAS,2025-01-08,2024-12-31,403543932,dei:EntityCommonStockSharesOutstanding
CTAS,2025-04-03,2025-03-31,403786963,dei:EntityCommonStockSharesOutstanding
CTAS,2025-07-28,2025-06-30,402977926,dei:EntityCommonStockSharesOutstanding
CTAS,2025-10-08,2025-09-30,401866678,dei:EntityCommonStockSharesOutstanding
CTAS,2026-01-07,2025-12-31,399889646,dei:EntityCommonStockSharesOutstanding
CTAS,2026-04-07,2026-03-31,400087119,dei:EntityCommonStockSharesOutstanding
CTRP,2011-03-31,2009-12-31,35885163,dei:EntityCommonStockSharesOutstanding
CTRP,2012-03-30,2011-12-31,35849473,dei:EntityCommonStockSharesOutstanding
CTRP,2013-03-29,2012-12-31,32354634,dei:EntityCommonStockSharesOutstanding
CTRP,2014-03-28,2013-12-31,33828251,dei:EntityCommonStockSharesOutstanding
CTRP,2015-04-27,2014-12-31,35146982,dei:EntityCommonStockSharesOutstanding
CTRP,2016-04-22,2015-12-31,51167228,dei:EntityCommonStockSharesOutstanding
CTRP,2017-04-13,2016-12-31,64155412,dei:EntityCommonStockSharesOutstanding
CTRP,2018-04-23,2017-12-31,67600654,dei:EntityCommonStockSharesOutstanding
CTRP,2019-03-15,2018-12-31,69122824,dei:EntityCommonStockSharesOutstanding
CTRP,2020-04-09,2019-12-31,74086404,dei:EntityCommonStockSharesOutstanding
CTRP,2021-03-15,2020-12-31,74953392,dei:EntityCommonStockSharesOutstanding
CTRP,2022-04-27,2021-12-31,641329557,dei:EntityCommonStockSharesOutstanding
CTRP,2023-03-27,2022-12-31,646066830,dei:EntityCommonStockSharesOutstanding
CTRP,2024-04-29,2023-12-31,644089050,dei:EntityCommonStockSharesOutstanding
CTRP,2025-04-11,2024-12-31,653270717,dei:EntityCommonStockSharesOutstanding
CTRP,2026-04-28,2025-12-31,649583574,dei:EntityCommonStockSharesOutstanding
CTRX,2011-05-06,2011-04-30,61876578,dei:EntityCommonStockSharesOutstanding
CTRX,2011-08-05,2011-07-31,62261565,dei:EntityCommonStockSharesOutstanding
CTRX,2011-11-04,2011-10-31,62343552,dei:EntityCommonStockSharesOutstanding
CTRX,2012-02-24,2012-01-31,62384161,dei:EntityCommonStockSharesOutstanding
CTRX,2012-05-04,2012-04-30,63903146,dei:EntityCommonStockSharesOutstanding
CTRX,2012-08-03,2012-07-31,102407816,dei:EntityCommonStockSharesOutstanding
CTRX,2012-11-02,2012-10-31,205137882,dei:EntityCommonStockSharesOutstanding
CTRX,2013-03-01,2013-01-31,205473502,dei:EntityCommonStockSharesOutstanding
CTRX,2013-05-03,2013-04-30,205907134,dei:EntityCommonStockSharesOutstanding
CTRX,2013-08-02,2013-07-31,206138972,dei:EntityCommonStockSharesOutstanding
CTRX,2013-11-01,2013-10-31,206298320,dei:EntityCommonStockSharesOutstanding
CTRX,2014-03-03,2014-01-31,206427248,dei:EntityCommonStockSharesOutstanding
CTRX,2014-05-02,2014-04-30,206855099,dei:EntityCommonStockSharesOutstanding
CTRX,2014-08-01,2014-07-31,207415969,dei:EntityCommonStockSharesOutstanding
CTRX,2014-10-31,2014-10-30,207484514,dei:EntityCommonStockSharesOutstanding
CTRX,2015-03-02,2015-01-31,207493541,dei:EntityCommonStockSharesOutstanding
CTRX,2015-05-04,2015-04-30,208012259,dei:EntityCommonStockSharesOutstanding
CTSH,2009-08-07,2009-08-04,293210214,dei:EntityCommonStockSharesOutstanding
CTSH,2009-11-06,2009-11-02,294713446,dei:EntityCommonStockSharesOutstanding
CTSH,2010-02-25,2010-02-15,297561219,dei:EntityCommonStockSharesOutstanding
CTSH,2010-05-07,2010-04-30,299418969,dei:EntityCommonStockSharesOutstanding
CTSH,2010-08-06,2010-07-30,300891248,dei:EntityCommonStockSharesOutstanding
CTSH,2010-11-03,2010-10-29,303482436,dei:EntityCommonStockSharesOutstanding
CTSH,2011-02-23,2011-02-17,304214788,dei:EntityCommonStockSharesOutstanding
CTSH,2011-05-05,2011-04-29,304249849,dei:EntityCommonStockSharesOutstanding
CTSH,2011-08-04,2011-07-29,303655336,dei:EntityCommonStockSharesOutstanding
CTSH,2011-11-04,2011-10-31,302116724,dei:EntityCommonStockSharesOutstanding
CTSH,2012-02-27,2012-02-17,303376134,dei:EntityCommonStockSharesOutstanding
CTSH,2012-05-09,2012-05-04,304490277,dei:EntityCommonStockSharesOutstanding
CTSH,2012-08-06,2012-08-01,298565179,dei:EntityCommonStockSharesOutstanding
CTSH,2012-11-08,2012-11-02,300191775,dei:EntityCommonStockSharesOutstanding
CTSH,2013-02-26,2013-02-19,301781902,dei:EntityCommonStockSharesOutstanding
CTSH,2013-05-09,2013-05-02,301615588,dei:EntityCommonStockSharesOutstanding
CTSH,2013-08-07,2013-08-02,301368685,dei:EntityCommonStockSharesOutstanding
CTSH,2013-11-06,2013-11-01,302497091,dei:EntityCommonStockSharesOutstanding
CTSH,2014-02-25,2014-02-14,303711987,dei:EntityCommonStockSharesOutstanding
CTSH,2014-05-08,2014-05-01,608453905,dei:EntityCommonStockSharesOutstanding
CTSH,2014-08-07,2014-08-01,607924314,dei:EntityCommonStockSharesOutstanding
CTSH,2014-11-06,2014-10-31,608917740,dei:EntityCommonStockSharesOutstanding
CTSH,2015-02-27,2015-02-19,609616575,dei:EntityCommonStockSharesOutstanding
CTSH,2015-05-04,2015-04-30,610517593,dei:EntityCommonStockSharesOutstanding
CTSH,2015-08-06,2015-07-31,609529268,dei:EntityCommonStockSharesOutstanding
CTSH,2015-11-05,2015-10-30,608068826,dei:EntityCommonStockSharesOutstanding
CTSH,2016-02-25,2016-02-19,609120446,dei:EntityCommonStockSharesOutstanding
CTSH,2016-05-06,2016-04-29,605869539,dei:EntityCommonStockSharesOutstanding
CTSH,2016-08-05,2016-07-29,606942840,dei:EntityCommonStockSharesOutstanding
CTSH,2016-11-07,2016-10-31,606704575,dei:EntityCommonStockSharesOutstanding
CTSH,2017-03-01,2017-02-22,608637143,dei:EntityCommonStockSharesOutstanding
CTSH,2017-05-05,2017-04-28,588996873,dei:EntityCommonStockSharesOutstanding
CTSH,2017-08-03,2017-07-28,590622691,dei:EntityCommonStockSharesOutstanding
CTSH,2017-11-01,2017-10-25,589645636,dei:EntityCommonStockSharesOutstanding
CTSH,2018-02-27,2018-02-22,588051333,dei:EntityCommonStockSharesOutstanding
CTSH,2018-05-07,2018-04-30,585898903,dei:EntityCommonStockSharesOutstanding
CTSH,2018-08-02,2018-07-27,580233834,dei:EntityCommonStockSharesOutstanding
CTSH,2018-10-30,2018-10-23,579028009,dei:EntityCommonStockSharesOutstanding
CTSH,2019-02-19,2019-02-08,575099275,dei:EntityCommonStockSharesOutstanding
CTSH,2019-05-03,2019-04-26,569282940,dei:EntityCommonStockSharesOutstanding
CTSH,2019-08-01,2019-07-26,552291064,dei:EntityCommonStockSharesOutstanding
CTSH,2019-10-31,2019-10-25,547565822,dei:EntityCommonStockSharesOutstanding
CTSH,2020-02-14,2020-02-07,548637106,dei:EntityCommonStockSharesOutstanding
CTSH,2020-05-08,2020-05-01,540580052,dei:EntityCommonStockSharesOutstanding
CTSH,2020-07-30,2020-07-24,542240742,dei:EntityCommonStockSharesOutstanding
CTSH,2020-10-29,2020-10-23,534641037,dei:EntityCommonStockSharesOutstanding
CTSH,2021-02-12,2021-02-05,530614258,dei:EntityCommonStockSharesOutstanding
CTSH,2021-05-06,2021-04-30,527411884,dei:EntityCommonStockSharesOutstanding
CTSH,2021-07-29,2021-07-23,525597200,dei:EntityCommonStockSharesOutstanding
CTSH,2021-10-28,2021-10-22,525251734,dei:EntityCommonStockSharesOutstanding
CTSH,2022-02-16,2022-02-11,524534828,dei:EntityCommonStockSharesOutstanding
CTSH,2022-05-05,2022-04-29,521173838,dei:EntityCommonStockSharesOutstanding
CTSH,2022-07-28,2022-07-22,517784927,dei:EntityCommonStockSharesOutstanding
CTSH,2022-11-03,2022-10-28,513921432,dei:EntityCommonStockSharesOutstanding
CTSH,2023-02-15,2023-02-10,509294618,dei:EntityCommonStockSharesOutstanding
CTSH,2023-05-04,2023-04-28,507477456,dei:EntityCommonStockSharesOutstanding
CTSH,2023-08-03,2023-07-28,505041392,dei:EntityCommonStockSharesOutstanding
CTSH,2023-11-02,2023-10-27,501412546,dei:EntityCommonStockSharesOutstanding
CTSH,2024-02-14,2024-02-09,497842032,dei:EntityCommonStockSharesOutstanding
CTSH,2024-05-02,2024-04-26,497198868,dei:EntityCommonStockSharesOutstanding
CTSH,2024-08-01,2024-07-26,495657976,dei:EntityCommonStockSharesOutstanding
CTSH,2024-10-31,2024-10-25,495824260,dei:EntityCommonStockSharesOutstanding
CTSH,2025-02-12,2025-02-07,494615514,dei:EntityCommonStockSharesOutstanding
CTSH,2025-05-01,2025-04-25,492941963,dei:EntityCommonStockSharesOutstanding
CTSH,2025-07-31,2025-07-25,488395937,dei:EntityCommonStockSharesOutstanding
CTSH,2025-10-29,2025-10-24,482646473,dei:EntityCommonStockSharesOutstanding
CTSH,2026-02-12,2026-02-06,478246920,dei:EntityCommonStockSharesOutstanding
CTSH,2026-04-29,2026-04-24,473869469,dei:EntityCommonStockSharesOutstanding
CTXS,2009-08-07,2009-08-04,183044436,dei:EntityCommonStockSharesOutstanding
CTXS,2009-11-04,2009-10-30,182979777,dei:EntityCommonStockSharesOutstanding
CTXS,2010-02-24,2010-02-18,183826978,dei:EntityCommonStockSharesOutstanding
CTXS,2010-05-05,2010-04-30,185747839,dei:EntityCommonStockSharesOutstanding
CTXS,2010-08-09,2010-08-03,186939548,dei:EntityCommonStockSharesOutstanding
CTXS,2010-11-09,2010-11-03,187774447,dei:EntityCommonStockSharesOutstanding
CTXS,2011-02-24,2011-02-18,187619084,dei:EntityCommonStockSharesOutstanding
CTXS,2011-05-09,2011-05-02,187995411,dei:EntityCommonStockSharesOutstanding
CTXS,2011-08-08,2011-08-01,188286857,dei:EntityCommonStockSharesOutstanding
CTXS,2011-11-07,2011-11-01,186497771,dei:EntityCommonStockSharesOutstanding
CTXS,2012-02-23,2012-02-23,185577251,dei:EntityCommonStockSharesOutstanding
CTXS,2012-05-07,2012-05-01,186190533,dei:EntityCommonStockSharesOutstanding
CTXS,2012-08-07,2012-08-01,186965376,dei:EntityCommonStockSharesOutstanding
CTXS,2012-11-05,2012-10-31,186715829,dei:EntityCommonStockSharesOutstanding
CTXS,2013-02-21,2013-02-15,186403835,dei:EntityCommonStockSharesOutstanding
CTXS,2013-05-07,2013-04-30,187123694,dei:EntityCommonStockSharesOutstanding
CTXS,2013-08-06,2013-07-31,187382107,dei:EntityCommonStockSharesOutstanding
CTXS,2013-11-05,2013-10-31,186397081,dei:EntityCommonStockSharesOutstanding
CTXS,2014-02-20,2014-02-14,183753307,dei:EntityCommonStockSharesOutstanding
CTXS,2014-05-06,2014-04-30,163863398,dei:EntityCommonStockSharesOutstanding
CTXS,2014-08-05,2014-07-31,164470301,dei:EntityCommonStockSharesOutstanding
CTXS,2014-11-04,2014-10-30,160970724,dei:EntityCommonStockSharesOutstanding
CTXS,2015-02-19,2015-02-13,159825741,dei:EntityCommonStockSharesOutstanding
CTXS,2015-05-08,2015-04-30,160287615,dei:EntityCommonStockSharesOutstanding
CTXS,2015-08-07,2015-07-31,160701338,dei:EntityCommonStockSharesOutstanding
CTXS,2015-11-04,2015-10-30,153824447,dei:EntityCommonStockSharesOutstanding
CTXS,2016-02-18,2016-02-12,153979766,dei:EntityCommonStockSharesOutstanding
CTXS,2016-05-06,2016-04-29,155102006,dei:EntityCommonStockSharesOutstanding
CTXS,2016-08-05,2016-07-29,155726896,dei:EntityCommonStockSharesOutstanding
CTXS,2016-11-04,2016-10-28,155966012,dei:EntityCommonStockSharesOutstanding
CTXS,2017-02-16,2017-02-10,156352410,dei:EntityCommonStockSharesOutstanding
CTXS,2017-05-08,2017-05-01,151148332,dei:EntityCommonStockSharesOutstanding
CTXS,2017-08-04,2017-07-28,151511325,dei:EntityCommonStockSharesOutstanding
CTXS,2017-11-02,2017-10-27,150675226,dei:EntityCommonStockSharesOutstanding
CTXS,2018-02-16,2018-02-09,136150856,dei:EntityCommonStockSharesOutstanding
CTXS,2018-05-04,2018-04-27,135525378,dei:EntityCommonStockSharesOutstanding
CTXS,2018-08-03,2018-07-27,135658446,dei:EntityCommonStockSharesOutstanding
CTXS,2018-11-05,2018-10-26,134761787,dei:EntityCommonStockSharesOutstanding
CTXS,2019-02-15,2019-02-08,131725833,dei:EntityCommonStockSharesOutstanding
CTXS,2019-05-10,2019-05-03,131651832,dei:EntityCommonStockSharesOutstanding
CTXS,2019-08-06,2019-07-26,130902113,dei:EntityCommonStockSharesOutstanding
CTXS,2019-11-01,2019-10-25,130219842,dei:EntityCommonStockSharesOutstanding
CTXS,2020-02-14,2020-02-07,122358166,dei:EntityCommonStockSharesOutstanding
CTXS,2020-05-05,2020-04-28,123450644,dei:EntityCommonStockSharesOutstanding
CTXS,2020-07-31,2020-07-24,123531988,dei:EntityCommonStockSharesOutstanding
CTXS,2020-10-30,2020-10-23,123123572,dei:EntityCommonStockSharesOutstanding
CTXS,2021-02-08,2021-02-01,122963727,dei:EntityCommonStockSharesOutstanding
CTXS,2021-05-06,2021-04-29,124167045,dei:EntityCommonStockSharesOutstanding
CTXS,2021-07-30,2021-07-23,124232082,dei:EntityCommonStockSharesOutstanding
CTXS,2021-11-08,2021-11-01,124722872,dei:EntityCommonStockSharesOutstanding
CTXS,2022-02-16,2022-02-07,125548909,dei:EntityCommonStockSharesOutstanding
CTXS,2022-05-05,2022-04-27,126579926,dei:EntityCommonStockSharesOutstanding
CTXS,2022-07-26,2022-07-18,126885081,dei:EntityCommonStockSharesOutstanding
DASH,2021-08-13,2021-06-30,754841000,us-gaap:WeightedAverageNumberOfSharesOutstandingBasic
DASH,2021-11-10,2021-09-30,764030000,us-gaap:WeightedAverageNumberOfSharesOutstandingBasic
DASH,2022-03-01,2021-12-31,442489000,us-gaap:WeightedAverageNumberOfSharesOutstandingBasic
DASH,2022-05-06,2022-03-31,677034000,us-gaap:WeightedAverageNumberOfSharesOutstandingBasic
DASH,2022-08-05,2022-06-30,720591000,us-gaap:WeightedAverageNumberOfSharesOutstandingBasic
DASH,2022-11-04,2022-09-30,750863000,us-gaap:WeightedAverageNumberOfSharesOutstandingBasic
DASH,2023-02-27,2022-12-31,371413000,us-gaap:WeightedAverageNumberOfSharesOutstandingBasic
DASH,2023-05-05,2023-03-31,390397000,us-gaap:WeightedAverageNumberOfSharesOutstandingBasic
DASH,2023-08-02,2023-06-30,778300000,us-gaap:WeightedAverageNumberOfSharesOutstandingBasic
DASH,2023-11-01,2023-09-30,784011000,us-gaap:WeightedAverageNumberOfSharesOutstandingBasic
DASH,2024-02-20,2023-12-31,392948000,us-gaap:WeightedAverageNumberOfSharesOutstandingBasic
DASH,2024-05-01,2024-03-31,405482000,us-gaap:WeightedAverageNumberOfSharesOutstandingBasic
DASH,2024-08-01,2024-06-30,818464000,us-gaap:WeightedAverageNumberOfSharesOutstandingBasic
DASH,2024-10-30,2024-09-30,822809000,us-gaap:WeightedAverageNumberOfSharesOutstandingBasic
DASH,2025-02-14,2024-12-31,411551000,us-gaap:WeightedAverageNumberOfSharesOutstandingBasic
DASH,2025-05-07,2025-03-31,421422000,us-gaap:WeightedAverageNumberOfSharesOutstandingBasic
DASH,2025-08-06,2025-06-30,848391000,us-gaap:WeightedAverageNumberOfSharesOutstandingBasic
DASH,2025-11-06,2025-09-30,854087000,us-gaap:WeightedAverageNumberOfSharesOutstandingBasic
DASH,2026-02-18,2025-12-31,427043000,us-gaap:WeightedAverageNumberOfSharesOutstandingBasic
DASH,2026-05-06,2026-03-31,435429000,us-gaap:WeightedAverageNumberOfSharesOutstandingBasic
DDOG,2019-11-13,2019-09-30,78180606,us-gaap:CommonStockSharesOutstanding
DDOG,2020-02-25,2019-12-31,0,us-gaap:CommonStockSharesOutstanding
DISCA,2010-02-22,2010-02-11,135226377,dei:EntityCommonStockSharesOutstanding
DISCA,2022-04-26,2022-04-18,2426844405,dei:EntityCommonStockSharesOutstanding
DISCA,2022-08-05,2022-07-21,2427592861,dei:EntityCommonStockSharesOutstanding
DISCA,2022-11-04,2022-10-21,2428396015,dei:EntityCommonStockSharesOutstanding
DISCA,2023-02-24,2023-02-09,2430029982,dei:EntityCommonStockSharesOutstanding
DISCA,2023-05-05,2023-04-21,2436107460,dei:EntityCommonStockSharesOutstanding
DISCA,2023-08-03,2023-07-21,2437384400,dei:EntityCommonStockSharesOutstanding
DISCA,2023-11-08,2023-10-25,2438565638,dei:EntityCommonStockSharesOutstanding
DISCA,2024-02-23,2024-02-08,2439687237,dei:EntityCommonStockSharesOutstanding
DISCA,2024-05-09,2024-04-25,2450313398,dei:EntityCommonStockSharesOutstanding
DISCA,2024-08-07,2024-07-24,2451908345,dei:EntityCommonStockSharesOutstanding
DISCA,2024-11-07,2024-10-24,2453165097,dei:EntityCommonStockSharesOutstanding
DISCA,2025-02-27,2025-02-13,2454764337,dei:EntityCommonStockSharesOutstanding
DISCA,2025-05-08,2025-04-25,2474075003,dei:EntityCommonStockSharesOutstanding
DISCA,2025-08-07,2025-07-25,2475772282,dei:EntityCommonStockSharesOutstanding
DISCA,2025-11-06,2025-10-23,2477974509,dei:EntityCommonStockSharesOutstanding
DISCA,2026-02-27,2026-02-12,2479929515,dei:EntityCommonStockSharesOutstanding
DISCA,2026-05-06,2026-04-23,2507136702,dei:EntityCommonStockSharesOutstanding
DISCK,2010-02-22,2010-02-11,135226377,dei:EntityCommonStockSharesOutstanding
DISCK,2022-04-26,2022-04-18,2426844405,dei:EntityCommonStockSharesOutstanding
DISCK,2022-08-05,2022-07-21,2427592861,dei:EntityCommonStockSharesOutstanding
DISCK,2022-11-04,2022-10-21,2428396015,dei:EntityCommonStockSharesOutstanding
DISCK,2023-02-24,2023-02-09,2430029982,dei:EntityCommonStockSharesOutstanding
DISCK,2023-05-05,2023-04-21,2436107460,dei:EntityCommonStockSharesOutstanding
DISCK,2023-08-03,2023-07-21,2437384400,dei:EntityCommonStockSharesOutstanding
DISCK,2023-11-08,2023-10-25,2438565638,dei:EntityCommonStockSharesOutstanding
DISCK,2024-02-23,2024-02-08,2439687237,dei:EntityCommonStockSharesOutstanding
DISCK,2024-05-09,2024-04-25,2450313398,dei:EntityCommonStockSharesOutstanding
DISCK,2024-08-07,2024-07-24,2451908345,dei:EntityCommonStockSharesOutstanding
DISCK,2024-11-07,2024-10-24,2453165097,dei:EntityCommonStockSharesOutstanding
DISCK,2025-02-27,2025-02-13,2454764337,dei:EntityCommonStockSharesOutstanding
DISCK,2025-05-08,2025-04-25,2474075003,dei:EntityCommonStockSharesOutstanding
DISCK,2025-08-07,2025-07-25,2475772282,dei:EntityCommonStockSharesOutstanding
DISCK,2025-11-06,2025-10-23,2477974509,dei:EntityCommonStockSharesOutstanding
DISCK,2026-02-27,2026-02-12,2479929515,dei:EntityCommonStockSharesOutstanding
DISCK,2026-05-06,2026-04-23,2507136702,dei:EntityCommonStockSharesOutstanding
DISH,2024-03-29,2024-03-11,1000,dei:EntityCommonStockSharesOutstanding
DISH,2024-05-15,2024-05-08,1000,dei:EntityCommonStockSharesOutstanding
DISH,2024-08-13,2024-08-09,1000,dei:EntityCommonStockSharesOutstanding
DISH,2024-11-14,2024-11-01,1000,dei:EntityCommonStockSharesOutstanding
DISH,2025-03-12,2025-03-12,1000,dei:EntityCommonStockSharesOutstanding
DISH,2025-05-13,2025-05-09,1000,dei:EntityCommonStockSharesOutstanding
DISH,2025-08-07,2025-07-31,1000,dei:EntityCommonStockSharesOutstanding
DISH,2025-11-14,2025-11-01,1000,dei:EntityCommonStockSharesOutstanding
DLTR,2010-08-19,2010-08-12,126957271,dei:EntityCommonStockSharesOutstanding
DLTR,2010-11-18,2010-11-11,125220987,dei:EntityCommonStockSharesOutstanding
DLTR,2011-03-17,2011-01-29,123393816,dei:EntityCommonStockSharesOutstanding
DLTR,2011-05-19,2011-05-12,122277013,dei:EntityCommonStockSharesOutstanding
DLTR,2011-08-18,2011-08-11,122010871,dei:EntityCommonStockSharesOutstanding
DLTR,2011-11-17,2011-11-10,119025096,dei:EntityCommonStockSharesOutstanding
DLTR,2012-03-22,2012-03-07,115652758,dei:EntityCommonStockSharesOutstanding
DLTR,2012-05-17,2012-05-10,115978199,dei:EntityCommonStockSharesOutstanding
DLTR,2012-08-16,2012-08-09,230325396,dei:EntityCommonStockSharesOutstanding
DLTR,2012-11-15,2012-11-09,227206335,dei:EntityCommonStockSharesOutstanding
DLTR,2013-03-15,2013-03-06,224590879,dei:EntityCommonStockSharesOutstanding
DLTR,2013-05-23,2013-05-17,223833735,dei:EntityCommonStockSharesOutstanding
DLTR,2013-08-22,2013-08-16,223007477,dei:EntityCommonStockSharesOutstanding
DLTR,2013-11-21,2013-11-15,208093996,dei:EntityCommonStockSharesOutstanding
DLTR,2014-03-14,2014-03-05,206224996,dei:EntityCommonStockSharesOutstanding
DLTR,2014-05-22,2014-05-16,206815166,dei:EntityCommonStockSharesOutstanding
DLTR,2014-08-21,2014-08-15,205625625,dei:EntityCommonStockSharesOutstanding
DLTR,2014-11-20,2014-11-14,205654319,dei:EntityCommonStockSharesOutstanding
DLTR,2015-03-13,2015-03-04,205759864,dei:EntityCommonStockSharesOutstanding
DLTR,2015-05-21,2015-05-15,206191484,dei:EntityCommonStockSharesOutstanding
DLTR,2015-09-01,2015-08-27,234717599,dei:EntityCommonStockSharesOutstanding
DLTR,2015-11-24,2015-11-19,234795947,dei:EntityCommonStockSharesOutstanding
DLTR,2016-03-28,2016-03-23,205759864,dei:EntityCommonStockSharesOutstanding
DLTR,2016-06-09,2016-06-06,235666096,dei:EntityCommonStockSharesOutstanding
DLTR,2016-09-02,2016-08-29,235775426,dei:EntityCommonStockSharesOutstanding
DLTR,2016-12-06,2016-11-29,236071417,dei:EntityCommonStockSharesOutstanding
DLTR,2017-03-28,2017-03-23,236297936,dei:EntityCommonStockSharesOutstanding
DLTR,2017-05-25,2017-05-22,236688547,dei:EntityCommonStockSharesOutstanding
DLTR,2017-08-24,2017-08-21,236844665,dei:EntityCommonStockSharesOutstanding
DLTR,2017-11-21,2017-11-16,237096516,dei:EntityCommonStockSharesOutstanding
DLTR,2018-03-16,2018-03-12,237335999,dei:EntityCommonStockSharesOutstanding
DLTR,2018-05-31,2018-05-29,237775572,dei:EntityCommonStockSharesOutstanding
DLTR,2018-08-30,2018-08-27,237888437,dei:EntityCommonStockSharesOutstanding
DLTR,2018-11-29,2018-11-26,237969961,dei:EntityCommonStockSharesOutstanding
DLTR,2019-03-27,2019-03-25,238204351,dei:EntityCommonStockSharesOutstanding
DLTR,2019-05-31,2019-05-28,237578972,dei:EntityCommonStockSharesOutstanding
DLTR,2019-08-29,2019-08-26,236624725,dei:EntityCommonStockSharesOutstanding
DLTR,2019-11-26,2019-11-22,236662306,dei:EntityCommonStockSharesOutstanding
DLTR,2020-03-20,2020-03-16,236810841,dei:EntityCommonStockSharesOutstanding
DLTR,2020-05-28,2020-05-26,237232394,dei:EntityCommonStockSharesOutstanding
DLTR,2020-08-27,2020-08-25,237307698,dei:EntityCommonStockSharesOutstanding
DLTR,2020-11-24,2020-11-20,235192152,dei:EntityCommonStockSharesOutstanding
DLTR,2021-03-16,2021-03-10,233420925,dei:EntityCommonStockSharesOutstanding
DLTR,2021-05-27,2021-05-25,231953872,dei:EntityCommonStockSharesOutstanding
DLTR,2021-08-26,2021-08-24,224911868,dei:EntityCommonStockSharesOutstanding
DLTR,2021-11-23,2021-11-19,224956059,dei:EntityCommonStockSharesOutstanding
DLTR,2022-03-15,2022-03-07,225110329,dei:EntityCommonStockSharesOutstanding
DLTR,2022-05-26,2022-05-24,224556036,dei:EntityCommonStockSharesOutstanding
DLTR,2022-08-25,2022-08-23,223936965,dei:EntityCommonStockSharesOutstanding
DLTR,2022-11-22,2022-11-18,221184479,dei:EntityCommonStockSharesOutstanding
DLTR,2023-03-10,2023-03-03,221227564,dei:EntityCommonStockSharesOutstanding
DLTR,2023-05-25,2023-05-23,220385373,dei:EntityCommonStockSharesOutstanding
DLTR,2023-08-24,2023-08-22,220005537,dei:EntityCommonStockSharesOutstanding
DLTR,2023-11-29,2023-11-27,217871937,dei:EntityCommonStockSharesOutstanding
DLTR,2024-03-20,2024-03-18,217983018,dei:EntityCommonStockSharesOutstanding
DLTR,2024-06-05,2024-06-03,214944000,dei:EntityCommonStockSharesOutstanding
DLTR,2024-09-04,2024-08-30,214992119,dei:EntityCommonStockSharesOutstanding
DLTR,2024-12-04,2024-12-02,215038638,dei:EntityCommonStockSharesOutstanding
DLTR,2025-03-26,2025-03-24,215083014,dei:EntityCommonStockSharesOutstanding
DLTR,2025-06-04,2025-06-02,208695818,dei:EntityCommonStockSharesOutstanding
DLTR,2025-09-03,2025-08-29,203967842,dei:EntityCommonStockSharesOutstanding
DLTR,2025-12-03,2025-12-01,198853187,dei:EntityCommonStockSharesOutstanding
DLTR,2026-03-16,2026-03-12,197298217,dei:EntityCommonStockSharesOutstanding
DLTR,2026-05-28,2026-05-26,192174588,dei:EntityCommonStockSharesOutstanding
DOCU,2018-06-08,2018-05-31,156585256,dei:EntityCommonStockSharesOutstanding
DOCU,2018-09-06,2018-08-31,156808589,dei:EntityCommonStockSharesOutstanding
DOCU,2018-12-07,2018-11-30,165250665,dei:EntityCommonStockSharesOutstanding
DOCU,2019-03-26,2019-02-28,169900000,dei:EntityCommonStockSharesOutstanding
DOCU,2019-06-07,2019-05-31,173800000,dei:EntityCommonStockSharesOutstanding
DOCU,2019-09-06,2019-08-31,176000000,dei:EntityCommonStockSharesOutstanding
DOCU,2019-12-06,2019-11-30,179455116,dei:EntityCommonStockSharesOutstanding
DOCU,2020-03-27,2020-02-28,181456115,dei:EntityCommonStockSharesOutstanding
DOCU,2020-06-05,2020-05-29,183508855,dei:EntityCommonStockSharesOutstanding
DOCU,2020-09-04,2020-08-31,185164889,dei:EntityCommonStockSharesOutstanding
DOCU,2020-12-04,2020-11-30,186556918,dei:EntityCommonStockSharesOutstanding
DOCU,2021-03-31,2021-02-26,193087560,dei:EntityCommonStockSharesOutstanding
DOCU,2021-06-04,2021-05-28,194835125,dei:EntityCommonStockSharesOutstanding
DOCU,2021-09-03,2021-08-31,196718307,dei:EntityCommonStockSharesOutstanding
DOCU,2021-12-06,2021-11-30,197876523,dei:EntityCommonStockSharesOutstanding
DOCU,2022-03-25,2022-02-28,198868867,dei:EntityCommonStockSharesOutstanding
DOCU,2022-06-09,2022-05-31,199944000,dei:EntityCommonStockSharesOutstanding
DOCU,2022-09-08,2022-08-31,200779249,dei:EntityCommonStockSharesOutstanding
DOCU,2022-12-08,2022-11-30,201074148,dei:EntityCommonStockSharesOutstanding
DOCU,2023-03-27,2023-02-28,201904828,dei:EntityCommonStockSharesOutstanding
DOCU,2023-06-08,2023-05-31,202371035,dei:EntityCommonStockSharesOutstanding
DOCU,2023-09-07,2023-08-31,203205081,dei:EntityCommonStockSharesOutstanding
DOCU,2023-12-08,2023-11-30,203933894,dei:EntityCommonStockSharesOutstanding
DOCU,2024-03-21,2024-02-29,205415129,dei:EntityCommonStockSharesOutstanding
DOCU,2024-06-07,2024-05-31,204716354,dei:EntityCommonStockSharesOutstanding
DOCU,2024-09-06,2024-08-30,202972713,dei:EntityCommonStockSharesOutstanding
DOCU,2024-12-06,2024-11-29,202023141,dei:EntityCommonStockSharesOutstanding
DOCU,2025-03-18,2025-02-28,202489720,dei:EntityCommonStockSharesOutstanding
DOCU,2025-06-06,2025-05-30,202062772,dei:EntityCommonStockSharesOutstanding
DOCU,2025-09-05,2025-08-29,201104117,dei:EntityCommonStockSharesOutstanding
DOCU,2025-12-05,2025-11-30,200272740,dei:EntityCommonStockSharesOutstanding
DOCU,2026-03-18,2026-02-28,194427928,dei:EntityCommonStockSharesOutstanding
DOCU,2026-06-05,2026-05-29,190944608,dei:EntityCommonStockSharesOutstanding
DTV,2011-05-06,2011-05-02,767785409,dei:EntityCommonStockSharesOutstanding
DTV,2011-08-05,2011-08-01,738286831,dei:EntityCommonStockSharesOutstanding
DTV,2011-11-04,2011-10-31,705581707,dei:EntityCommonStockSharesOutstanding
DTV,2012-02-23,2012-02-17,676266593,dei:EntityCommonStockSharesOutstanding
DTV,2012-05-09,2012-05-03,654998605,dei:EntityCommonStockSharesOutstanding
DTV,2012-08-03,2012-07-30,627853489,dei:EntityCommonStockSharesOutstanding
DTV,2012-11-07,2012-10-31,604134863,dei:EntityCommonStockSharesOutstanding
DTV,2013-02-21,2013-02-13,573118774,dei:EntityCommonStockSharesOutstanding
DTV,2013-05-08,2013-05-01,558552413,dei:EntityCommonStockSharesOutstanding
DTV,2013-08-02,2013-07-26,548994971,dei:EntityCommonStockSharesOutstanding
DTV,2013-11-06,2013-10-30,525442022,dei:EntityCommonStockSharesOutstanding
DTV,2014-02-24,2014-02-13,509472638,dei:EntityCommonStockSharesOutstanding
DTV,2014-05-12,2014-05-01,503824432,dei:EntityCommonStockSharesOutstanding
DTV,2014-08-01,2014-07-25,502228914,dei:EntityCommonStockSharesOutstanding
DTV,2014-11-07,2014-11-03,502236708,dei:EntityCommonStockSharesOutstanding
DTV,2015-02-25,2015-02-13,502801382,dei:EntityCommonStockSharesOutstanding
DTV,2015-05-08,2015-05-01,504062549,dei:EntityCommonStockSharesOutstanding
DTV,2015-08-07,2015-07-24,504514734,dei:EntityCommonStockSharesOutstanding
DXCM,2011-08-03,2011-07-29,67333395,dei:EntityCommonStockSharesOutstanding
DXCM,2011-11-02,2011-10-28,67510344,dei:EntityCommonStockSharesOutstanding
DXCM,2012-02-23,2012-02-17,67630175,dei:EntityCommonStockSharesOutstanding
DXCM,2012-05-02,2012-04-26,68549519,dei:EntityCommonStockSharesOutstanding
DXCM,2012-08-06,2012-08-01,69029287,dei:EntityCommonStockSharesOutstanding
DXCM,2012-11-01,2012-10-26,69286481,dei:EntityCommonStockSharesOutstanding
DXCM,2013-02-21,2013-02-13,69579884,dei:EntityCommonStockSharesOutstanding
DXCM,2013-05-01,2013-04-26,70699449,dei:EntityCommonStockSharesOutstanding
DXCM,2013-08-07,2013-08-02,71376433,dei:EntityCommonStockSharesOutstanding
DXCM,2013-11-06,2013-11-01,71783705,dei:EntityCommonStockSharesOutstanding
DXCM,2014-02-20,2014-02-14,72810396,dei:EntityCommonStockSharesOutstanding
DXCM,2014-05-01,2014-04-28,74917857,dei:EntityCommonStockSharesOutstanding
DXCM,2014-08-06,2014-08-01,75476036,dei:EntityCommonStockSharesOutstanding
DXCM,2014-11-06,2014-11-01,76561868,dei:EntityCommonStockSharesOutstanding
DXCM,2015-02-25,2015-02-20,77514635,dei:EntityCommonStockSharesOutstanding
DXCM,2015-04-29,2015-04-24,79297379,dei:EntityCommonStockSharesOutstanding
DXCM,2015-08-05,2015-07-31,80081542,dei:EntityCommonStockSharesOutstanding
DXCM,2015-11-04,2015-11-02,81294938,dei:EntityCommonStockSharesOutstanding
DXCM,2016-02-23,2016-02-18,81740827,dei:EntityCommonStockSharesOutstanding
DXCM,2016-04-27,2016-04-21,83431929,dei:EntityCommonStockSharesOutstanding
DXCM,2016-08-02,2016-07-28,83883617,dei:EntityCommonStockSharesOutstanding
DXCM,2016-11-01,2016-10-27,84524171,dei:EntityCommonStockSharesOutstanding
DXCM,2017-02-28,2017-02-24,84815039,dei:EntityCommonStockSharesOutstanding
DXCM,2017-05-02,2017-04-27,86369677,dei:EntityCommonStockSharesOutstanding
DXCM,2017-08-01,2017-07-27,86560946,dei:EntityCommonStockSharesOutstanding
DXCM,2017-11-01,2017-10-27,86903145,dei:EntityCommonStockSharesOutstanding
DXCM,2018-02-27,2018-02-23,86997158,dei:EntityCommonStockSharesOutstanding
DXCM,2018-05-02,2018-04-26,88084933,dei:EntityCommonStockSharesOutstanding
DXCM,2018-08-01,2018-07-26,88355733,dei:EntityCommonStockSharesOutstanding
DXCM,2018-11-06,2018-11-01,88844345,dei:EntityCommonStockSharesOutstanding
DXCM,2019-02-21,2019-02-15,90001767,dei:EntityCommonStockSharesOutstanding
DXCM,2019-05-01,2019-04-25,91050405,dei:EntityCommonStockSharesOutstanding
DXCM,2019-07-31,2019-07-26,91185989,dei:EntityCommonStockSharesOutstanding
DXCM,2019-11-06,2019-11-01,91528588,dei:EntityCommonStockSharesOutstanding
DXCM,2020-02-13,2020-02-07,91594142,dei:EntityCommonStockSharesOutstanding
DXCM,2020-04-28,2020-04-22,92344878,dei:EntityCommonStockSharesOutstanding
DXCM,2020-07-28,2020-07-21,95742207,dei:EntityCommonStockSharesOutstanding
DXCM,2020-10-27,2020-10-20,96027603,dei:EntityCommonStockSharesOutstanding
DXCM,2021-02-11,2021-02-04,96177363,dei:EntityCommonStockSharesOutstanding
DXCM,2021-04-29,2021-04-22,96705873,dei:EntityCommonStockSharesOutstanding
DXCM,2021-07-29,2021-07-22,96748901,dei:EntityCommonStockSharesOutstanding
DXCM,2021-10-28,2021-10-21,96922034,dei:EntityCommonStockSharesOutstanding
DXCM,2022-02-14,2022-02-07,97065634,dei:EntityCommonStockSharesOutstanding
DXCM,2022-04-28,2022-04-21,98125933,dei:EntityCommonStockSharesOutstanding
DXCM,2022-07-28,2022-07-21,392581776,dei:EntityCommonStockSharesOutstanding
DXCM,2022-10-27,2022-10-20,386258125,dei:EntityCommonStockSharesOutstanding
DXCM,2023-02-09,2023-02-02,386413690,dei:EntityCommonStockSharesOutstanding
DXCM,2023-04-27,2023-04-20,387635623,dei:EntityCommonStockSharesOutstanding
DXCM,2023-07-27,2023-07-20,387871796,dei:EntityCommonStockSharesOutstanding
DXCM,2023-10-26,2023-10-19,386373935,dei:EntityCommonStockSharesOutstanding
DXCM,2024-02-08,2024-02-01,385515421,dei:EntityCommonStockSharesOutstanding
DXCM,2024-04-25,2024-04-18,397683837,dei:EntityCommonStockSharesOutstanding
DXCM,2024-07-25,2024-07-18,400726824,dei:EntityCommonStockSharesOutstanding
DXCM,2024-10-24,2024-10-17,390595390,dei:EntityCommonStockSharesOutstanding
DXCM,2025-02-18,2025-02-06,390772018,dei:EntityCommonStockSharesOutstanding
DXCM,2025-05-01,2025-04-24,392107501,dei:EntityCommonStockSharesOutstanding
DXCM,2025-07-30,2025-07-23,392155265,dei:EntityCommonStockSharesOutstanding
DXCM,2025-10-30,2025-10-23,390016272,dei:EntityCommonStockSharesOutstanding
DXCM,2026-02-12,2026-02-05,384864842,dei:EntityCommonStockSharesOutstanding
DXCM,2026-04-30,2026-04-23,385872977,dei:EntityCommonStockSharesOutstanding
EA,2009-08-10,2009-08-06,323522559,dei:EntityCommonStockSharesOutstanding
EA,2009-11-10,2009-11-06,325475032,dei:EntityCommonStockSharesOutstanding
EA,2010-02-09,2010-02-05,326644249,dei:EntityCommonStockSharesOutstanding
EA,2010-05-28,2010-05-21,329676985,dei:EntityCommonStockSharesOutstanding
EA,2010-08-09,2010-08-05,330295574,dei:EntityCommonStockSharesOutstanding
EA,2010-11-08,2010-11-04,331834777,dei:EntityCommonStockSharesOutstanding
EA,2011-02-07,2011-02-02,334316218,dei:EntityCommonStockSharesOutstanding
EA,2011-05-24,2011-05-17,332447808,dei:EntityCommonStockSharesOutstanding
EA,2011-08-09,2011-08-04,329937928,dei:EntityCommonStockSharesOutstanding
EA,2011-11-08,2011-11-03,331425465,dei:EntityCommonStockSharesOutstanding
EA,2012-02-07,2012-02-02,331388311,dei:EntityCommonStockSharesOutstanding
EA,2012-05-25,2012-05-22,317863091,dei:EntityCommonStockSharesOutstanding
EA,2012-08-03,2012-08-01,318393935,dei:EntityCommonStockSharesOutstanding
EA,2012-11-06,2012-11-01,305135363,dei:EntityCommonStockSharesOutstanding
EA,2013-02-05,2013-01-31,300076045,dei:EntityCommonStockSharesOutstanding
EA,2013-05-22,2013-05-17,302634354,dei:EntityCommonStockSharesOutstanding
EA,2013-08-02,2013-07-30,306617854,dei:EntityCommonStockSharesOutstanding
EA,2013-11-05,2013-10-31,309122532,dei:EntityCommonStockSharesOutstanding
EA,2014-02-04,2014-01-31,309590213,dei:EntityCommonStockSharesOutstanding
EA,2014-05-21,2014-05-19,314539637,dei:EntityCommonStockSharesOutstanding
EA,2014-08-05,2014-07-31,312613101,dei:EntityCommonStockSharesOutstanding
EA,2014-11-04,2014-10-31,310936350,dei:EntityCommonStockSharesOutstanding
EA,2015-02-04,2015-01-30,310035894,dei:EntityCommonStockSharesOutstanding
EA,2015-05-21,2015-05-18,314608354,dei:EntityCommonStockSharesOutstanding
EA,2015-08-11,2015-08-06,311745886,dei:EntityCommonStockSharesOutstanding
EA,2015-11-10,2015-11-05,310807842,dei:EntityCommonStockSharesOutstanding
EA,2016-02-08,2016-02-04,309309470,dei:EntityCommonStockSharesOutstanding
EA,2016-05-27,2016-05-23,301609583,dei:EntityCommonStockSharesOutstanding
EA,2016-08-09,2016-08-04,300764884,dei:EntityCommonStockSharesOutstanding
EA,2016-11-08,2016-11-03,301755509,dei:EntityCommonStockSharesOutstanding
EA,2017-02-07,2017-02-02,308264527,dei:EntityCommonStockSharesOutstanding
EA,2017-05-24,2017-05-22,310028355,dei:EntityCommonStockSharesOutstanding
EA,2017-08-08,2017-08-04,308727719,dei:EntityCommonStockSharesOutstanding
EA,2017-11-07,2017-11-02,307925453,dei:EntityCommonStockSharesOutstanding
EA,2018-02-06,2018-02-02,306727995,dei:EntityCommonStockSharesOutstanding
EA,2018-05-23,2018-05-21,306832936,dei:EntityCommonStockSharesOutstanding
EA,2018-08-08,2018-08-03,304818260,dei:EntityCommonStockSharesOutstanding
EA,2018-11-06,2018-11-02,302128696,dei:EntityCommonStockSharesOutstanding
EA,2019-02-06,2019-02-04,299595570,dei:EntityCommonStockSharesOutstanding
EA,2019-05-24,2019-05-20,297261219,dei:EntityCommonStockSharesOutstanding
EA,2019-08-06,2019-08-02,294707491,dei:EntityCommonStockSharesOutstanding
EA,2019-11-06,2019-11-01,291978913,dei:EntityCommonStockSharesOutstanding
EA,2020-02-04,2020-01-31,289674301,dei:EntityCommonStockSharesOutstanding
EA,2020-05-20,2020-05-18,288687620,dei:EntityCommonStockSharesOutstanding
EA,2020-08-07,2020-08-05,288796815,dei:EntityCommonStockSharesOutstanding
EA,2020-11-10,2020-11-06,290077481,dei:EntityCommonStockSharesOutstanding
EA,2021-02-08,2021-02-04,287626027,dei:EntityCommonStockSharesOutstanding
EA,2021-05-26,2021-05-24,286191176,dei:EntityCommonStockSharesOutstanding
EA,2021-08-10,2021-08-06,284581807,dei:EntityCommonStockSharesOutstanding
EA,2021-11-09,2021-11-05,282808143,dei:EntityCommonStockSharesOutstanding
EA,2022-02-08,2022-02-04,281222268,dei:EntityCommonStockSharesOutstanding
EA,2022-05-25,2022-05-23,279893605,dei:EntityCommonStockSharesOutstanding
EA,2022-08-09,2022-08-05,278045325,dei:EntityCommonStockSharesOutstanding
EA,2022-11-08,2022-11-04,276080234,dei:EntityCommonStockSharesOutstanding
EA,2023-02-07,2023-02-03,274227596,dei:EntityCommonStockSharesOutstanding
EA,2023-05-24,2023-05-22,272712152,dei:EntityCommonStockSharesOutstanding
EA,2023-08-08,2023-08-04,270911657,dei:EntityCommonStockSharesOutstanding
EA,2023-11-07,2023-11-03,268966447,dei:EntityCommonStockSharesOutstanding
EA,2024-02-06,2024-02-02,267350461,dei:EntityCommonStockSharesOutstanding
EA,2024-05-22,2024-05-20,266378719,dei:EntityCommonStockSharesOutstanding
EA,2024-08-02,2024-07-31,264199931,dei:EntityCommonStockSharesOutstanding
EA,2024-11-01,2024-10-30,262272821,dei:EntityCommonStockSharesOutstanding
EA,2025-02-05,2025-01-31,260617594,dei:EntityCommonStockSharesOutstanding
EA,2025-05-13,2025-05-08,250765972,dei:EntityCommonStockSharesOutstanding
EA,2025-08-01,2025-07-30,250207303,dei:EntityCommonStockSharesOutstanding
EA,2025-10-31,2025-10-27,249404562,dei:EntityCommonStockSharesOutstanding
EA,2026-02-03,2026-01-29,250253713,dei:EntityCommonStockSharesOutstanding
EA,2026-05-11,2026-05-06,250751484,dei:EntityCommonStockSharesOutstanding
EBAY,2009-07-29,2009-07-21,1290403139,dei:EntityCommonStockSharesOutstanding
EBAY,2009-10-27,2009-10-14,1292961679,dei:EntityCommonStockSharesOutstanding
EBAY,2010-02-17,2010-02-12,1299006884,dei:EntityCommonStockSharesOutstanding
EBAY,2010-04-28,2010-04-14,1306969862,dei:EntityCommonStockSharesOutstanding
EBAY,2010-07-23,2010-07-15,1312154640,dei:EntityCommonStockSharesOutstanding
EBAY,2010-10-21,2010-10-14,1303738840,dei:EntityCommonStockSharesOutstanding
EBAY,2011-01-28,2011-01-27,1298369992,dei:EntityCommonStockSharesOutstanding
EBAY,2011-04-29,2011-04-25,1297898817,dei:EntityCommonStockSharesOutstanding
EBAY,2011-07-22,2011-07-18,1288759170,dei:EntityCommonStockSharesOutstanding
EBAY,2011-10-21,2011-10-17,1290934293,dei:EntityCommonStockSharesOutstanding
EBAY,2012-01-31,2012-01-23,1286914976,dei:EntityCommonStockSharesOutstanding
EBAY,2012-04-20,2012-04-16,1291228450,dei:EntityCommonStockSharesOutstanding
EBAY,2012-07-19,2012-07-16,1288670071,dei:EntityCommonStockSharesOutstanding
EBAY,2012-10-19,2012-10-15,1293985406,dei:EntityCommonStockSharesOutstanding
EBAY,2013-02-01,2013-01-28,1296512321,dei:EntityCommonStockSharesOutstanding
EBAY,2013-04-19,2013-04-15,1297789554,dei:EntityCommonStockSharesOutstanding
EBAY,2013-07-19,2013-07-15,1294532392,dei:EntityCommonStockSharesOutstanding
EBAY,2013-10-18,2013-10-14,1294597889,dei:EntityCommonStockSharesOutstanding
EBAY,2014-01-31,2014-01-24,1294654966,dei:EntityCommonStockSharesOutstanding
EBAY,2014-05-01,2014-04-25,1267342622,dei:EntityCommonStockSharesOutstanding
EBAY,2014-07-18,2014-07-11,1241212669,dei:EntityCommonStockSharesOutstanding
EBAY,2014-10-16,2014-10-10,1242367268,dei:EntityCommonStockSharesOutstanding
EBAY,2015-02-06,2015-02-02,1210046829,dei:EntityCommonStockSharesOutstanding
EBAY,2015-04-23,2015-04-20,1214821692,dei:EntityCommonStockSharesOutstanding
EBAY,2015-07-21,2015-07-14,1218228091,dei:EntityCommonStockSharesOutstanding
EBAY,2015-10-28,2015-10-26,1200653879,dei:EntityCommonStockSharesOutstanding
EBAY,2016-02-01,2016-01-27,1178705177,dei:EntityCommonStockSharesOutstanding
EBAY,2016-04-27,2016-04-22,1148904240,dei:EntityCommonStockSharesOutstanding
EBAY,2016-07-21,2016-07-19,1129018848,dei:EntityCommonStockSharesOutstanding
EBAY,2016-10-20,2016-10-18,1117926440,dei:EntityCommonStockSharesOutstanding
EBAY,2017-02-06,2017-01-30,1087042601,dei:EntityCommonStockSharesOutstanding
EBAY,2017-04-20,2017-04-17,1082338026,dei:EntityCommonStockSharesOutstanding
EBAY,2017-07-21,2017-07-17,1070315519,dei:EntityCommonStockSharesOutstanding
EBAY,2017-10-20,2017-10-16,1044571141,dei:EntityCommonStockSharesOutstanding
EBAY,2018-02-05,2018-01-29,1012079673,dei:EntityCommonStockSharesOutstanding
EBAY,2018-04-26,2018-04-23,993978034,dei:EntityCommonStockSharesOutstanding
EBAY,2018-07-19,2018-07-16,989549611,dei:EntityCommonStockSharesOutstanding
EBAY,2018-10-31,2018-10-29,962827199,dei:EntityCommonStockSharesOutstanding
EBAY,2019-01-30,2019-01-25,914880451,dei:EntityCommonStockSharesOutstanding
EBAY,2019-04-24,2019-04-22,871527401,dei:EntityCommonStockSharesOutstanding
EBAY,2019-07-18,2019-07-15,838763599,dei:EntityCommonStockSharesOutstanding
EBAY,2019-10-24,2019-10-21,813525054,dei:EntityCommonStockSharesOutstanding
EBAY,2020-01-31,2020-01-27,796080826,dei:EntityCommonStockSharesOutstanding
EBAY,2020-04-29,2020-04-15,700853307,dei:EntityCommonStockSharesOutstanding
EBAY,2020-04-30,2020-04-27,700853258,dei:EntityCommonStockSharesOutstanding
EBAY,2020-07-29,2020-07-27,699881116,dei:EntityCommonStockSharesOutstanding
EBAY,2020-10-29,2020-10-26,689338530,dei:EntityCommonStockSharesOutstanding
EBAY,2021-02-04,2021-02-01,680445767,dei:EntityCommonStockSharesOutstanding
EBAY,2021-04-29,2021-04-26,681261636,dei:EntityCommonStockSharesOutstanding
EBAY,2021-08-12,2021-08-09,650055805,dei:EntityCommonStockSharesOutstanding
EBAY,2021-10-28,2021-10-25,626003781,dei:EntityCommonStockSharesOutstanding
EBAY,2022-02-24,2022-02-21,587528915,dei:EntityCommonStockSharesOutstanding
EBAY,2022-05-05,2022-05-02,559842135,dei:EntityCommonStockSharesOutstanding
EBAY,2022-08-04,2022-08-01,549367835,dei:EntityCommonStockSharesOutstanding
EBAY,2022-11-03,2022-11-01,542659087,dei:EntityCommonStockSharesOutstanding
EBAY,2023-02-23,2023-02-21,536880282,dei:EntityCommonStockSharesOutstanding
EBAY,2023-04-27,2023-04-24,534503131,dei:EntityCommonStockSharesOutstanding
EBAY,2023-05-12,2023-05-09,534736900,dei:EntityCommonStockSharesOutstanding
EBAY,2023-07-27,2023-07-24,532157390,dei:EntityCommonStockSharesOutstanding
EBAY,2023-11-08,2023-11-03,519000000,dei:EntityCommonStockSharesOutstanding
EBAY,2024-02-28,2024-02-23,518000000,dei:EntityCommonStockSharesOutstanding
EBAY,2024-05-02,2024-04-29,506000000,dei:EntityCommonStockSharesOutstanding
EBAY,2024-05-29,2024-05-24,502000000,dei:EntityCommonStockSharesOutstanding
EBAY,2024-08-01,2024-07-26,489000000,dei:EntityCommonStockSharesOutstanding
EBAY,2024-10-31,2024-10-25,479000000,dei:EntityCommonStockSharesOutstanding
EBAY,2025-02-27,2025-02-21,466000000,dei:EntityCommonStockSharesOutstanding
EBAY,2025-05-01,2025-04-28,461000000,dei:EntityCommonStockSharesOutstanding
EBAY,2025-05-30,2025-05-26,461000000,dei:EntityCommonStockSharesOutstanding
EBAY,2025-07-31,2025-07-25,457000000,dei:EntityCommonStockSharesOutstanding
EBAY,2025-10-30,2025-10-24,452000000,dei:EntityCommonStockSharesOutstanding
EBAY,2026-02-19,2026-02-13,448000000,dei:EntityCommonStockSharesOutstanding
EBAY,2026-04-29,2026-04-24,444000000,dei:EntityCommonStockSharesOutstanding
ENDP,2014-05-09,2014-05-02,152264569,dei:EntityCommonStockSharesOutstanding
ENDP,2014-08-04,2014-07-29,153469840,dei:EntityCommonStockSharesOutstanding
ENDP,2014-11-10,2014-11-03,153713243,dei:EntityCommonStockSharesOutstanding
ENDP,2015-03-02,2015-02-20,177510231,dei:EntityCommonStockSharesOutstanding
ENDP,2015-05-11,2015-05-01,178746233,dei:EntityCommonStockSharesOutstanding
ENDP,2015-08-10,2015-08-04,208251366,dei:EntityCommonStockSharesOutstanding
ENDP,2015-11-09,2015-11-03,226449346,dei:EntityCommonStockSharesOutstanding
ENDP,2016-02-29,2016-02-19,222202695,dei:EntityCommonStockSharesOutstanding
ENDP,2016-05-06,2016-04-29,222661344,dei:EntityCommonStockSharesOutstanding
ENDP,2016-08-09,2016-08-02,222766688,dei:EntityCommonStockSharesOutstanding
ENDP,2016-11-08,2016-11-01,222876797,dei:EntityCommonStockSharesOutstanding
ENDP,2017-03-01,2017-02-21,222957922,dei:EntityCommonStockSharesOutstanding
ENDP,2017-05-09,2017-05-02,223112543,dei:EntityCommonStockSharesOutstanding
ENDP,2017-08-08,2017-07-31,223292068,dei:EntityCommonStockSharesOutstanding
ENDP,2017-11-09,2017-11-01,223313463,dei:EntityCommonStockSharesOutstanding
ENDP,2018-02-27,2018-02-20,223340247,dei:EntityCommonStockSharesOutstanding
ENDP,2018-05-08,2018-05-01,223790900,dei:EntityCommonStockSharesOutstanding
ENDP,2018-08-08,2018-07-31,223931072,dei:EntityCommonStockSharesOutstanding
ENDP,2018-11-08,2018-11-01,224344760,dei:EntityCommonStockSharesOutstanding
ENDP,2019-02-28,2019-02-21,224404247,dei:EntityCommonStockSharesOutstanding
ENDP,2019-05-09,2019-05-02,226181657,dei:EntityCommonStockSharesOutstanding
ENDP,2019-08-05,2019-07-29,226392282,dei:EntityCommonStockSharesOutstanding
ENDP,2019-11-04,2019-10-29,226776161,dei:EntityCommonStockSharesOutstanding
ENDP,2020-02-26,2020-02-18,226833617,dei:EntityCommonStockSharesOutstanding
ENDP,2020-05-07,2020-04-30,229704840,dei:EntityCommonStockSharesOutstanding
ENDP,2020-08-06,2020-07-30,229816005,dei:EntityCommonStockSharesOutstanding
ENDP,2020-11-06,2020-10-30,230292329,dei:EntityCommonStockSharesOutstanding
ENDP,2021-02-26,2021-02-18,230500639,dei:EntityCommonStockSharesOutstanding
ENDP,2021-05-07,2021-04-29,233305326,dei:EntityCommonStockSharesOutstanding
ENDP,2021-08-06,2021-07-29,233500280,dei:EntityCommonStockSharesOutstanding
ENDP,2021-11-05,2021-10-28,233670998,dei:EntityCommonStockSharesOutstanding
ENDP,2022-03-01,2022-02-21,233707409,dei:EntityCommonStockSharesOutstanding
ENDP,2022-05-06,2022-04-28,235113574,dei:EntityCommonStockSharesOutstanding
ENDP,2022-08-09,2022-08-01,235142889,dei:EntityCommonStockSharesOutstanding
ENDP,2022-11-09,2022-11-01,235199746,dei:EntityCommonStockSharesOutstanding
ENDP,2023-03-06,2023-02-27,235219612,dei:EntityCommonStockSharesOutstanding
ENDP,2023-05-08,2023-05-01,235219612,dei:EntityCommonStockSharesOutstanding
ENDP,2023-08-08,2023-08-01,235219612,dei:EntityCommonStockSharesOutstanding
ENDP,2023-11-06,2023-10-30,235219612,dei:EntityCommonStockSharesOutstanding
ENDP,2024-03-06,2024-02-28,235219612,dei:EntityCommonStockSharesOutstanding
ENPH,2012-05-14,2012-05-11,40747019,dei:EntityCommonStockSharesOutstanding
ENPH,2012-08-13,2012-08-01,40754557,dei:EntityCommonStockSharesOutstanding
ENPH,2012-11-13,2012-10-31,40829676,dei:EntityCommonStockSharesOutstanding
ENPH,2013-03-05,2013-02-28,41223308,dei:EntityCommonStockSharesOutstanding
ENPH,2013-05-08,2013-04-30,41619628,dei:EntityCommonStockSharesOutstanding
ENPH,2013-08-07,2013-07-31,41760714,dei:EntityCommonStockSharesOutstanding
ENPH,2013-11-12,2013-10-31,42041741,dei:EntityCommonStockSharesOutstanding
ENPH,2014-03-04,2014-02-28,42236859,dei:EntityCommonStockSharesOutstanding
ENPH,2014-05-07,2014-04-30,42613014,dei:EntityCommonStockSharesOutstanding
ENPH,2014-08-06,2014-07-31,42942058,dei:EntityCommonStockSharesOutstanding
ENPH,2014-11-05,2014-10-31,43624571,dei:EntityCommonStockSharesOutstanding
ENPH,2015-03-04,2015-02-28,43914728,dei:EntityCommonStockSharesOutstanding
ENPH,2015-05-06,2015-04-30,44155790,dei:EntityCommonStockSharesOutstanding
ENPH,2015-08-05,2015-07-31,44556907,dei:EntityCommonStockSharesOutstanding
ENPH,2015-11-04,2015-11-02,45333255,dei:EntityCommonStockSharesOutstanding
ENPH,2016-03-01,2016-02-26,46400000,dei:EntityCommonStockSharesOutstanding
ENPH,2016-05-04,2016-04-30,46696242,dei:EntityCommonStockSharesOutstanding
ENPH,2016-08-03,2016-07-29,46744842,dei:EntityCommonStockSharesOutstanding
ENPH,2016-11-02,2016-10-31,61909348,dei:EntityCommonStockSharesOutstanding
ENPH,2017-03-16,2017-03-06,82525301,dei:EntityCommonStockSharesOutstanding
ENPH,2017-05-10,2017-05-05,84276432,dei:EntityCommonStockSharesOutstanding
ENPH,2017-08-09,2017-08-04,84581020,dei:EntityCommonStockSharesOutstanding
ENPH,2017-11-08,2017-11-03,85532519,dei:EntityCommonStockSharesOutstanding
ENPH,2018-04-02,2018-03-23,95829245,dei:EntityCommonStockSharesOutstanding
ENPH,2018-05-10,2018-05-02,96848549,dei:EntityCommonStockSharesOutstanding
ENPH,2018-08-06,2018-07-26,96848549,dei:EntityCommonStockSharesOutstanding
ENPH,2018-11-06,2018-11-01,106328107,dei:EntityCommonStockSharesOutstanding
ENPH,2019-03-15,2019-03-06,108519598,dei:EntityCommonStockSharesOutstanding
ENPH,2019-04-30,2019-04-23,110226728,dei:EntityCommonStockSharesOutstanding
ENPH,2019-07-30,2019-07-23,121974905,dei:EntityCommonStockSharesOutstanding
ENPH,2019-10-29,2019-10-22,122385775,dei:EntityCommonStockSharesOutstanding
ENPH,2020-02-21,2020-02-14,123179271,dei:EntityCommonStockSharesOutstanding
ENPH,2020-05-05,2020-04-28,125211569,dei:EntityCommonStockSharesOutstanding
ENPH,2020-08-04,2020-07-28,126007389,dei:EntityCommonStockSharesOutstanding
ENPH,2020-10-27,2020-10-20,126332567,dei:EntityCommonStockSharesOutstanding
ENPH,2021-02-16,2021-02-08,129021311,dei:EntityCommonStockSharesOutstanding
ENPH,2021-04-27,2021-04-23,135698889,dei:EntityCommonStockSharesOutstanding
ENPH,2021-07-27,2021-07-23,134621196,dei:EntityCommonStockSharesOutstanding
ENPH,2021-10-26,2021-10-22,134912448,dei:EntityCommonStockSharesOutstanding
ENPH,2022-02-11,2022-02-07,133935574,dei:EntityCommonStockSharesOutstanding
ENPH,2022-04-26,2022-04-21,135028239,dei:EntityCommonStockSharesOutstanding
ENPH,2022-07-26,2022-07-21,135457275,dei:EntityCommonStockSharesOutstanding
ENPH,2022-10-25,2022-10-20,135923572,dei:EntityCommonStockSharesOutstanding
ENPH,2023-02-13,2023-02-06,136497418,dei:EntityCommonStockSharesOutstanding
ENPH,2023-04-25,2023-04-21,137043726,dei:EntityCommonStockSharesOutstanding
ENPH,2023-07-27,2023-07-21,136355373,dei:EntityCommonStockSharesOutstanding
ENPH,2023-10-26,2023-10-20,136551216,dei:EntityCommonStockSharesOutstanding
ENPH,2024-02-09,2024-02-05,135759339,dei:EntityCommonStockSharesOutstanding
ENPH,2024-04-23,2024-04-19,136062737,dei:EntityCommonStockSharesOutstanding
ENPH,2024-07-23,2024-07-19,135422159,dei:EntityCommonStockSharesOutstanding
ENPH,2024-10-22,2024-10-18,135106623,dei:EntityCommonStockSharesOutstanding
ENPH,2025-02-10,2025-02-03,132470505,dei:EntityCommonStockSharesOutstanding
ENPH,2025-04-22,2025-04-18,131207018,dei:EntityCommonStockSharesOutstanding
ENPH,2025-07-22,2025-07-18,130750771,dei:EntityCommonStockSharesOutstanding
ENPH,2025-10-28,2025-10-24,130859709,dei:EntityCommonStockSharesOutstanding
ENPH,2026-02-17,2026-02-05,131098819,dei:EntityCommonStockSharesOutstanding
ENPH,2026-04-28,2026-04-20,131798220,dei:EntityCommonStockSharesOutstanding
EQIX,2010-08-04,2010-06-30,45589839,dei:EntityCommonStockSharesOutstanding
EQIX,2010-10-29,2010-09-30,45994363,dei:EntityCommonStockSharesOutstanding
EQIX,2011-02-25,2011-01-31,46198990,dei:EntityCommonStockSharesOutstanding
EQIX,2011-04-29,2011-03-31,46807852,dei:EntityCommonStockSharesOutstanding
EQIX,2011-07-29,2011-06-30,47035026,dei:EntityCommonStockSharesOutstanding
EQIX,2011-10-28,2011-09-30,47409736,dei:EntityCommonStockSharesOutstanding
EQIX,2012-02-24,2012-01-31,46656593,dei:EntityCommonStockSharesOutstanding
EQIX,2012-04-27,2012-03-31,47413240,dei:EntityCommonStockSharesOutstanding
EQIX,2012-07-27,2012-06-30,48184834,dei:EntityCommonStockSharesOutstanding
EQIX,2012-11-06,2012-09-30,48625247,dei:EntityCommonStockSharesOutstanding
EQIX,2013-02-26,2013-01-31,48803656,dei:EntityCommonStockSharesOutstanding
EQIX,2013-04-26,2013-03-31,49339902,dei:EntityCommonStockSharesOutstanding
EQIX,2013-07-26,2013-06-30,49418143,dei:EntityCommonStockSharesOutstanding
EQIX,2013-11-12,2013-09-30,49776739,dei:EntityCommonStockSharesOutstanding
EQIX,2014-02-28,2014-01-31,49403798,dei:EntityCommonStockSharesOutstanding
EQIX,2014-05-02,2014-03-31,49822889,dei:EntityCommonStockSharesOutstanding
EQIX,2014-08-08,2014-06-30,53194103,dei:EntityCommonStockSharesOutstanding
EQIX,2014-11-07,2014-09-30,53322300,dei:EntityCommonStockSharesOutstanding
EQIX,2015-03-02,2015-01-31,56473723,dei:EntityCommonStockSharesOutstanding
EQIX,2015-05-01,2015-03-31,56922122,dei:EntityCommonStockSharesOutstanding
EQIX,2015-07-31,2015-06-30,56958446,dei:EntityCommonStockSharesOutstanding
EQIX,2015-10-30,2015-09-30,57285666,dei:EntityCommonStockSharesOutstanding
EQIX,2016-02-26,2016-01-29,69025412,dei:EntityCommonStockSharesOutstanding
EQIX,2016-05-09,2016-03-31,69427936,dei:EntityCommonStockSharesOutstanding
EQIX,2016-08-08,2016-08-05,71074567,dei:EntityCommonStockSharesOutstanding
EQIX,2016-11-04,2016-11-03,71379297,dei:EntityCommonStockSharesOutstanding
EQIX,2017-02-27,2017-02-24,71637322,dei:EntityCommonStockSharesOutstanding
EQIX,2017-05-05,2017-05-04,77911885,dei:EntityCommonStockSharesOutstanding
EQIX,2017-08-04,2017-08-03,77945120,dei:EntityCommonStockSharesOutstanding
EQIX,2017-11-03,2017-11-02,78233697,dei:EntityCommonStockSharesOutstanding
EQIX,2018-02-26,2018-02-23,79228072,dei:EntityCommonStockSharesOutstanding
EQIX,2018-05-04,2018-05-03,79457772,dei:EntityCommonStockSharesOutstanding
EQIX,2018-08-08,2018-08-07,79508038,dei:EntityCommonStockSharesOutstanding
EQIX,2018-11-02,2018-11-01,80390499,dei:EntityCommonStockSharesOutstanding
EQIX,2019-02-22,2019-02-21,80865431,dei:EntityCommonStockSharesOutstanding
EQIX,2019-05-03,2019-05-02,84070037,dei:EntityCommonStockSharesOutstanding
EQIX,2019-08-02,2019-08-01,84819213,dei:EntityCommonStockSharesOutstanding
EQIX,2019-11-01,2019-10-31,85278859,dei:EntityCommonStockSharesOutstanding
EQIX,2020-02-21,2020-02-20,85443883,dei:EntityCommonStockSharesOutstanding
EQIX,2020-05-07,2020-05-06,85927044,dei:EntityCommonStockSharesOutstanding
EQIX,2020-07-31,2020-07-30,88557118,dei:EntityCommonStockSharesOutstanding
EQIX,2020-10-30,2020-10-29,89101721,dei:EntityCommonStockSharesOutstanding
EQIX,2021-02-19,2021-02-18,89287863,dei:EntityCommonStockSharesOutstanding
EQIX,2021-04-30,2021-04-29,89579906,dei:EntityCommonStockSharesOutstanding
EQIX,2021-07-30,2021-07-29,89750207,dei:EntityCommonStockSharesOutstanding
EQIX,2021-11-04,2021-11-03,90041200,dei:EntityCommonStockSharesOutstanding
EQIX,2022-02-18,2022-02-17,90721039,dei:EntityCommonStockSharesOutstanding
EQIX,2022-04-29,2022-04-28,91021802,dei:EntityCommonStockSharesOutstanding
EQIX,2022-07-29,2022-07-28,91075185,dei:EntityCommonStockSharesOutstanding
EQIX,2022-11-04,2022-11-03,92538115,dei:EntityCommonStockSharesOutstanding
EQIX,2023-02-17,2023-02-16,92744713,dei:EntityCommonStockSharesOutstanding
EQIX,2023-02-27,2023-02-24,92784198,dei:EntityCommonStockSharesOutstanding
EQIX,2023-05-05,2023-05-04,93523257,dei:EntityCommonStockSharesOutstanding
EQIX,2023-08-04,2023-08-03,93564927,dei:EntityCommonStockSharesOutstanding
EQIX,2023-10-27,2023-10-26,93883424,dei:EntityCommonStockSharesOutstanding
EQIX,2024-02-16,2024-02-15,94621449,dei:EntityCommonStockSharesOutstanding
EQIX,2024-05-08,2024-05-07,94905734,dei:EntityCommonStockSharesOutstanding
EQIX,2024-08-07,2024-08-06,94944994,dei:EntityCommonStockSharesOutstanding
EQIX,2024-10-30,2024-10-29,96488187,dei:EntityCommonStockSharesOutstanding
EQIX,2025-02-12,2025-02-11,97332005,dei:EntityCommonStockSharesOutstanding
EQIX,2025-04-30,2025-04-29,97818991,dei:EntityCommonStockSharesOutstanding
EQIX,2025-07-30,2025-07-29,97863986,dei:EntityCommonStockSharesOutstanding
EQIX,2025-10-29,2025-10-28,98186078,dei:EntityCommonStockSharesOutstanding
EQIX,2026-02-11,2026-02-10,98254928,dei:EntityCommonStockSharesOutstanding
EQIX,2026-04-29,2026-04-28,98624248,dei:EntityCommonStockSharesOutstanding
ESRX,2012-05-10,2012-04-30,805480000,dei:EntityCommonStockSharesOutstanding
ESRX,2012-08-07,2012-07-31,810750000,dei:EntityCommonStockSharesOutstanding
ESRX,2012-11-06,2012-10-31,816400000,dei:EntityCommonStockSharesOutstanding
ESRX,2013-02-19,2013-01-31,818499000,dei:EntityCommonStockSharesOutstanding
ESRX,2013-04-29,2013-03-31,817529000,dei:EntityCommonStockSharesOutstanding
ESRX,2013-07-29,2013-06-30,814198000,dei:EntityCommonStockSharesOutstanding
ESRX,2013-10-24,2013-09-30,805806000,dei:EntityCommonStockSharesOutstanding
ESRX,2014-02-20,2014-01-31,776032000,dei:EntityCommonStockSharesOutstanding
ESRX,2014-04-29,2014-03-31,773580000,dei:EntityCommonStockSharesOutstanding
ESRX,2014-07-29,2014-06-30,745450000,dei:EntityCommonStockSharesOutstanding
ESRX,2014-10-28,2014-09-30,733910000,dei:EntityCommonStockSharesOutstanding
ESRX,2015-02-23,2015-01-31,726898000,dei:EntityCommonStockSharesOutstanding
ESRX,2015-04-28,2015-03-31,729291000,dei:EntityCommonStockSharesOutstanding
ESRX,2015-07-28,2015-06-30,675731000,dei:EntityCommonStockSharesOutstanding
ESRX,2015-10-27,2015-09-30,676276000,dei:EntityCommonStockSharesOutstanding
ESRX,2016-02-16,2016-01-31,668046000,dei:EntityCommonStockSharesOutstanding
ESRX,2016-04-25,2016-03-31,632536000,dei:EntityCommonStockSharesOutstanding
ESRX,2016-07-25,2016-06-30,630219000,dei:EntityCommonStockSharesOutstanding
ESRX,2016-10-25,2016-09-30,616621000,dei:EntityCommonStockSharesOutstanding
ESRX,2017-02-14,2017-01-31,605720000,dei:EntityCommonStockSharesOutstanding
ESRX,2017-04-24,2017-03-31,593527000,dei:EntityCommonStockSharesOutstanding
ESRX,2017-07-25,2017-06-30,577549000,dei:EntityCommonStockSharesOutstanding
ESRX,2017-10-24,2017-09-30,566373000,dei:EntityCommonStockSharesOutstanding
ESRX,2018-02-27,2018-01-31,564347000,dei:EntityCommonStockSharesOutstanding
ESRX,2018-05-02,2018-04-27,561721000,dei:EntityCommonStockSharesOutstanding
ESRX,2018-08-01,2018-07-27,562229000,dei:EntityCommonStockSharesOutstanding
ESRX,2018-10-31,2018-10-26,563860000,dei:EntityCommonStockSharesOutstanding
EXC,2009-07-24,2009-06-30,659079914,dei:EntityCommonStockSharesOutstanding
EXC,2009-10-23,2009-09-30,659377386,dei:EntityCommonStockSharesOutstanding
EXC,2010-02-05,2010-01-29,659895066,dei:EntityCommonStockSharesOutstanding
EXC,2010-04-23,2010-03-31,660578698000000,dei:EntityCommonStockSharesOutstanding
EXC,2010-07-22,2010-06-30,660995266,dei:EntityCommonStockSharesOutstanding
EXC,2010-10-22,2010-09-30,661413334,dei:EntityCommonStockSharesOutstanding
EXC,2011-02-10,2010-12-31,659079914,dei:EntityCommonStockSharesOutstanding
EXC,2011-04-27,2011-03-31,661413334,dei:EntityCommonStockSharesOutstanding
EXC,2011-07-27,2011-06-30,662692262,dei:EntityCommonStockSharesOutstanding
EXC,2011-10-26,2011-09-30,663012607,dei:EntityCommonStockSharesOutstanding
EXC,2012-02-09,2011-12-31,663368958,dei:EntityCommonStockSharesOutstanding
EXC,2012-05-10,2012-03-31,852410272,dei:EntityCommonStockSharesOutstanding
EXC,2012-08-09,2012-06-30,853573260,dei:EntityCommonStockSharesOutstanding
EXC,2012-11-07,2012-09-30,854283102,dei:EntityCommonStockSharesOutstanding
EXC,2013-02-22,2012-12-31,663368958,dei:EntityCommonStockSharesOutstanding
EXC,2013-05-10,2013-03-31,855849302,dei:EntityCommonStockSharesOutstanding
EXC,2013-08-08,2013-06-30,856563385,dei:EntityCommonStockSharesOutstanding
EXC,2013-11-07,2013-09-30,856903972,dei:EntityCommonStockSharesOutstanding
EXC,2014-02-14,2013-12-31,857419806,dei:EntityCommonStockSharesOutstanding
EXC,2014-04-30,2014-03-31,858721507,dei:EntityCommonStockSharesOutstanding
EXC,2014-07-31,2014-06-30,859197443,dei:EntityCommonStockSharesOutstanding
EXC,2014-10-29,2014-09-30,859464772,dei:EntityCommonStockSharesOutstanding
EXC,2015-02-13,2015-01-31,859833343,dei:EntityCommonStockSharesOutstanding
EXC,2015-04-29,2015-03-31,861243550,dei:EntityCommonStockSharesOutstanding
EXC,2015-07-29,2015-06-30,861617731,dei:EntityCommonStockSharesOutstanding
EXC,2015-10-30,2015-09-30,919564380,dei:EntityCommonStockSharesOutstanding
EXC,2016-02-10,2016-01-31,919924742,dei:EntityCommonStockSharesOutstanding
EXC,2016-05-10,2016-03-31,887313966,dei:EntityCommonStockSharesOutstanding
EXC,2016-08-09,2016-06-30,922872373,dei:EntityCommonStockSharesOutstanding
EXC,2016-10-26,2016-09-30,923270314,dei:EntityCommonStockSharesOutstanding
EXC,2017-02-13,2016-12-31,926589614,dei:EntityCommonStockSharesOutstanding
EXC,2017-05-03,2017-03-31,926096660,dei:EntityCommonStockSharesOutstanding
EXC,2017-08-02,2017-06-30,960087898,dei:EntityCommonStockSharesOutstanding
EXC,2017-11-02,2017-09-30,960852473,dei:EntityCommonStockSharesOutstanding
EXC,2018-02-09,2017-12-31,965029399,dei:EntityCommonStockSharesOutstanding
EXC,2018-05-02,2018-03-31,965381919,dei:EntityCommonStockSharesOutstanding
EXC,2018-08-02,2018-06-30,965906701,dei:EntityCommonStockSharesOutstanding
EXC,2018-11-01,2018-09-30,967009746,dei:EntityCommonStockSharesOutstanding
EXC,2019-02-08,2019-01-31,969745933,dei:EntityCommonStockSharesOutstanding
EXC,2019-05-02,2019-03-31,970954879,dei:EntityCommonStockSharesOutstanding
EXC,2019-08-01,2019-06-30,971584496,dei:EntityCommonStockSharesOutstanding
EXC,2019-10-31,2019-09-30,972108865,dei:EntityCommonStockSharesOutstanding
EXC,2020-02-11,2020-01-31,974319565,dei:EntityCommonStockSharesOutstanding
EXC,2020-05-08,2020-03-31,974407848,dei:EntityCommonStockSharesOutstanding
EXC,2020-08-04,2020-06-30,974503895,dei:EntityCommonStockSharesOutstanding
EXC,2020-11-03,2020-09-30,975572463,dei:EntityCommonStockSharesOutstanding
EXC,2021-02-24,2021-01-31,976337799,dei:EntityCommonStockSharesOutstanding
EXC,2021-05-05,2021-03-31,977175235,dei:EntityCommonStockSharesOutstanding
EXC,2021-08-04,2021-06-30,977832660,dei:EntityCommonStockSharesOutstanding
EXC,2021-11-03,2021-09-30,978317787,dei:EntityCommonStockSharesOutstanding
EXC,2022-02-25,2022-01-31,980136968,dei:EntityCommonStockSharesOutstanding
EXC,2022-05-09,2022-03-31,980209605,dei:EntityCommonStockSharesOutstanding
EXC,2022-08-03,2022-06-30,980472436,dei:EntityCommonStockSharesOutstanding
EXC,2022-11-03,2022-09-30,993742030,dei:EntityCommonStockSharesOutstanding
EXC,2023-02-14,2023-01-31,994126931,dei:EntityCommonStockSharesOutstanding
EXC,2023-05-03,2023-03-31,994568998,dei:EntityCommonStockSharesOutstanding
EXC,2023-08-02,2023-06-30,995219195,dei:EntityCommonStockSharesOutstanding
EXC,2023-11-02,2023-09-30,995437416,dei:EntityCommonStockSharesOutstanding
EXC,2024-02-21,2024-01-31,999538542,dei:EntityCommonStockSharesOutstanding
EXC,2024-05-02,2024-03-31,1000025124,dei:EntityCommonStockSharesOutstanding
EXC,2024-08-01,2024-06-30,1000498207,dei:EntityCommonStockSharesOutstanding
EXC,2024-10-30,2024-09-30,1004833655,dei:EntityCommonStockSharesOutstanding
EXC,2025-02-12,2025-01-31,1005217157,dei:EntityCommonStockSharesOutstanding
EXC,2025-05-01,2025-03-31,1009535664,dei:EntityCommonStockSharesOutstanding
EXC,2025-07-31,2025-06-30,1009987294,dei:EntityCommonStockSharesOutstanding
EXC,2025-11-04,2025-09-30,1010290316,dei:EntityCommonStockSharesOutstanding
EXC,2026-02-12,2026-01-31,1022892585,dei:EntityCommonStockSharesOutstanding
EXC,2026-05-06,2026-03-31,1023208142,dei:EntityCommonStockSharesOutstanding
EXPD,2009-08-07,2009-08-03,212131761,dei:EntityCommonStockSharesOutstanding
EXPD,2009-11-09,2009-11-03,212049756,dei:EntityCommonStockSharesOutstanding
EXPD,2010-02-26,2010-02-22,212121958,dei:EntityCommonStockSharesOutstanding
EXPD,2010-05-07,2010-05-03,212888523,dei:EntityCommonStockSharesOutstanding
EXPD,2010-08-06,2010-08-02,212176095,dei:EntityCommonStockSharesOutstanding
EXPD,2010-11-08,2010-11-01,212356370,dei:EntityCommonStockSharesOutstanding
EXPD,2011-02-28,2011-02-18,212197775,dei:EntityCommonStockSharesOutstanding
EXPD,2011-05-09,2011-05-02,212370229,dei:EntityCommonStockSharesOutstanding
EXPD,2011-08-05,2011-06-30,212085663,dei:EntityCommonStockSharesOutstanding
EXPD,2011-11-07,2011-11-01,212029613,dei:EntityCommonStockSharesOutstanding
EXPD,2012-02-28,2012-02-21,212077956,dei:EntityCommonStockSharesOutstanding
EXPD,2012-05-07,2012-05-02,212405452,dei:EntityCommonStockSharesOutstanding
EXPD,2012-08-08,2012-08-03,210542529,dei:EntityCommonStockSharesOutstanding
EXPD,2012-11-07,2012-11-01,208981760,dei:EntityCommonStockSharesOutstanding
EXPD,2013-02-27,2013-02-21,206497492,dei:EntityCommonStockSharesOutstanding
EXPD,2013-05-03,2013-05-01,206609606,dei:EntityCommonStockSharesOutstanding
EXPD,2013-08-08,2013-08-05,206402005,dei:EntityCommonStockSharesOutstanding
EXPD,2013-11-07,2013-11-05,205580335,dei:EntityCommonStockSharesOutstanding
EXPD,2014-02-27,2014-02-21,202649005,dei:EntityCommonStockSharesOutstanding
EXPD,2014-05-08,2014-05-05,197374388,dei:EntityCommonStockSharesOutstanding
EXPD,2014-08-07,2014-08-04,195108033,dei:EntityCommonStockSharesOutstanding
EXPD,2014-11-06,2014-11-03,193030610,dei:EntityCommonStockSharesOutstanding
EXPD,2015-02-26,2015-02-23,191752027,dei:EntityCommonStockSharesOutstanding
EXPD,2015-05-07,2015-05-05,191274205,dei:EntityCommonStockSharesOutstanding
EXPD,2015-08-06,2015-08-03,189159975,dei:EntityCommonStockSharesOutstanding
EXPD,2015-11-05,2015-11-02,186413350,dei:EntityCommonStockSharesOutstanding
EXPD,2016-02-25,2016-02-22,182101972,dei:EntityCommonStockSharesOutstanding
EXPD,2016-05-04,2016-05-02,182059031,dei:EntityCommonStockSharesOutstanding
EXPD,2016-08-04,2016-08-01,181052055,dei:EntityCommonStockSharesOutstanding
EXPD,2016-11-08,2016-11-03,180374649,dei:EntityCommonStockSharesOutstanding
EXPD,2017-02-23,2017-02-20,180120731,dei:EntityCommonStockSharesOutstanding
EXPD,2017-05-04,2017-05-01,180164709,dei:EntityCommonStockSharesOutstanding
EXPD,2017-08-08,2017-08-04,180738046,dei:EntityCommonStockSharesOutstanding
EXPD,2017-11-07,2017-11-03,177702850,dei:EntityCommonStockSharesOutstanding
EXPD,2018-02-23,2018-02-20,176541563,dei:EntityCommonStockSharesOutstanding
EXPD,2018-05-09,2018-05-04,174680101,dei:EntityCommonStockSharesOutstanding
EXPD,2018-08-08,2018-08-06,174335501,dei:EntityCommonStockSharesOutstanding
EXPD,2018-11-07,2018-11-05,172590076,dei:EntityCommonStockSharesOutstanding
EXPD,2019-02-22,2019-02-19,171669558,dei:EntityCommonStockSharesOutstanding
EXPD,2019-05-08,2019-05-06,171995902,dei:EntityCommonStockSharesOutstanding
EXPD,2019-08-07,2019-08-05,170720139,dei:EntityCommonStockSharesOutstanding
EXPD,2019-11-06,2019-11-04,170301245,dei:EntityCommonStockSharesOutstanding
EXPD,2020-02-21,2020-02-18,169764263,dei:EntityCommonStockSharesOutstanding
EXPD,2020-05-07,2020-05-04,166426186,dei:EntityCommonStockSharesOutstanding
EXPD,2020-08-06,2020-08-03,167659204,dei:EntityCommonStockSharesOutstanding
EXPD,2020-11-04,2020-11-02,169265692,dei:EntityCommonStockSharesOutstanding
EXPD,2021-02-19,2021-02-16,169370882,dei:EntityCommonStockSharesOutstanding
EXPD,2021-05-06,2021-05-03,168885812,dei:EntityCommonStockSharesOutstanding
EXPD,2021-08-05,2021-08-02,169891158,dei:EntityCommonStockSharesOutstanding
EXPD,2021-11-04,2021-11-01,169403822,dei:EntityCommonStockSharesOutstanding
EXPD,2022-03-15,2022-03-08,167398064,dei:EntityCommonStockSharesOutstanding
EXPD,2022-05-09,2022-05-05,167753884,dei:EntityCommonStockSharesOutstanding
EXPD,2022-08-04,2022-08-01,163595482,dei:EntityCommonStockSharesOutstanding
EXPD,2022-11-08,2022-11-04,159136384,dei:EntityCommonStockSharesOutstanding
EXPD,2023-03-01,2023-02-24,154398044,dei:EntityCommonStockSharesOutstanding
EXPD,2023-05-04,2023-04-28,152792181,dei:EntityCommonStockSharesOutstanding
EXPD,2023-08-08,2023-08-03,147897176,dei:EntityCommonStockSharesOutstanding
EXPD,2023-11-08,2023-11-03,145389371,dei:EntityCommonStockSharesOutstanding
EXPD,2024-02-23,2024-02-16,143899291,dei:EntityCommonStockSharesOutstanding
EXPD,2024-05-09,2024-05-03,141252246,dei:EntityCommonStockSharesOutstanding
EXPD,2024-08-08,2024-08-05,141127864,dei:EntityCommonStockSharesOutstanding
EXPD,2024-11-05,2024-11-01,139975871,dei:EntityCommonStockSharesOutstanding
EXPD,2025-02-21,2025-02-18,138032017,dei:EntityCommonStockSharesOutstanding
EXPD,2025-05-08,2025-05-05,136948055,dei:EntityCommonStockSharesOutstanding
EXPD,2025-08-07,2025-08-04,135718520,dei:EntityCommonStockSharesOutstanding
EXPD,2025-11-06,2025-11-03,134020931,dei:EntityCommonStockSharesOutstanding
EXPD,2026-02-25,2026-02-19,133503678,dei:EntityCommonStockSharesOutstanding
EXPD,2026-05-06,2026-05-01,130791133,dei:EntityCommonStockSharesOutstanding
EXPE,2019-11-07,2019-07-12,136832712,us-gaap:CommonStockSharesOutstanding
EXPE,2021-11-05,2021-09-30,283998000,us-gaap:CommonStockSharesOutstanding
EXPE,2022-02-11,2021-12-31,150125000,us-gaap:CommonStockSharesOutstanding
EXPE,2022-05-03,2022-03-31,151554000,us-gaap:CommonStockSharesOutstanding
EXPE,2022-08-05,2022-06-30,152024000,us-gaap:CommonStockSharesOutstanding
EXPE,2022-11-04,2022-09-30,150966000,us-gaap:CommonStockSharesOutstanding
EXPE,2023-02-10,2022-12-31,147757000,us-gaap:CommonStockSharesOutstanding
EXPE,2023-05-05,2023-03-31,144084000,us-gaap:CommonStockSharesOutstanding
EXPE,2023-08-03,2023-06-30,138885000,us-gaap:CommonStockSharesOutstanding
EXPE,2023-11-03,2023-09-30,134331000,us-gaap:CommonStockSharesOutstanding
EXPE,2024-02-09,2023-12-31,131522000,us-gaap:CommonStockSharesOutstanding
EXPE,2024-05-03,2024-03-31,128007000,us-gaap:CommonStockSharesOutstanding
EXPE,2024-08-09,2024-06-30,125281000,us-gaap:CommonStockSharesOutstanding
EXPE,2024-11-08,2024-09-30,123316000,us-gaap:CommonStockSharesOutstanding
EXPE,2025-02-07,2024-12-31,123271000,us-gaap:CommonStockSharesOutstanding
EXPE,2025-05-09,2025-03-31,122220000,us-gaap:CommonStockSharesOutstanding
EXPE,2025-08-08,2025-06-30,118969000,us-gaap:CommonStockSharesOutstanding
EXPE,2025-11-07,2025-09-30,117514000,us-gaap:CommonStockSharesOutstanding
EXPE,2026-02-13,2025-12-31,116975000,us-gaap:CommonStockSharesOutstanding
EXPE,2026-05-08,2026-03-31,114476000,us-gaap:CommonStockSharesOutstanding
FANG,2012-12-14,2012-11-16,36986532,dei:EntityCommonStockSharesOutstanding
FANG,2013-03-01,2013-02-22,36986532,dei:EntityCommonStockSharesOutstanding
FANG,2013-05-09,2013-04-30,36986532,dei:EntityCommonStockSharesOutstanding
FANG,2013-08-08,2013-07-24,42161532,dei:EntityCommonStockSharesOutstanding
FANG,2013-11-05,2013-10-28,47067116,dei:EntityCommonStockSharesOutstanding
FANG,2014-02-19,2014-02-03,47106216,dei:EntityCommonStockSharesOutstanding
FANG,2014-05-09,2014-04-25,50789385,dei:EntityCommonStockSharesOutstanding
FANG,2014-08-07,2014-07-29,56632635,dei:EntityCommonStockSharesOutstanding
FANG,2014-11-06,2014-10-29,56752819,dei:EntityCommonStockSharesOutstanding
FANG,2015-02-20,2015-02-19,58900083,dei:EntityCommonStockSharesOutstanding
FANG,2015-05-07,2015-05-05,59009236,dei:EntityCommonStockSharesOutstanding
FANG,2015-08-10,2015-08-05,63678945,dei:EntityCommonStockSharesOutstanding
FANG,2015-11-06,2015-11-03,66703004,dei:EntityCommonStockSharesOutstanding
FANG,2016-02-19,2016-02-16,71397041,dei:EntityCommonStockSharesOutstanding
FANG,2016-05-05,2016-04-29,71702583,dei:EntityCommonStockSharesOutstanding
FANG,2016-08-09,2016-08-03,78034652,dei:EntityCommonStockSharesOutstanding
FANG,2016-11-08,2016-11-03,78066147,dei:EntityCommonStockSharesOutstanding
FANG,2017-02-15,2017-02-13,90143934,dei:EntityCommonStockSharesOutstanding
FANG,2017-05-04,2017-04-28,98128043,dei:EntityCommonStockSharesOutstanding
FANG,2017-08-02,2017-07-28,98132793,dei:EntityCommonStockSharesOutstanding
FANG,2017-11-07,2017-11-01,98167289,dei:EntityCommonStockSharesOutstanding
FANG,2018-02-15,2018-02-07,98167289,dei:EntityCommonStockSharesOutstanding
FANG,2018-05-10,2018-05-04,98611408,dei:EntityCommonStockSharesOutstanding
FANG,2018-08-09,2018-08-03,98621440,dei:EntityCommonStockSharesOutstanding
FANG,2018-11-07,2018-11-02,101257911,dei:EntityCommonStockSharesOutstanding
FANG,2019-02-25,2019-02-15,164381522,dei:EntityCommonStockSharesOutstanding
FANG,2019-05-10,2019-05-03,164672205,dei:EntityCommonStockSharesOutstanding
FANG,2019-08-09,2019-08-02,163043443,dei:EntityCommonStockSharesOutstanding
FANG,2019-11-06,2019-11-01,160444608,dei:EntityCommonStockSharesOutstanding
FANG,2020-02-27,2020-02-14,158284486,dei:EntityCommonStockSharesOutstanding
FANG,2020-05-08,2020-05-01,157815843,dei:EntityCommonStockSharesOutstanding
FANG,2020-08-10,2020-07-31,157824088,dei:EntityCommonStockSharesOutstanding
FANG,2020-11-05,2020-10-30,157972650,dei:EntityCommonStockSharesOutstanding
FANG,2021-02-25,2021-02-19,158015647,dei:EntityCommonStockSharesOutstanding
FANG,2021-05-07,2021-04-30,180997368,dei:EntityCommonStockSharesOutstanding
FANG,2021-08-05,2021-07-30,181053648,dei:EntityCommonStockSharesOutstanding
FANG,2021-11-04,2021-10-29,181174549,dei:EntityCommonStockSharesOutstanding
FANG,2022-02-24,2022-02-18,177414969,dei:EntityCommonStockSharesOutstanding
FANG,2022-05-05,2022-04-29,177492631,dei:EntityCommonStockSharesOutstanding
FANG,2022-08-03,2022-07-29,173441061,dei:EntityCommonStockSharesOutstanding
FANG,2022-11-08,2022-11-04,175998577,dei:EntityCommonStockSharesOutstanding
FANG,2023-02-23,2023-02-17,183590330,dei:EntityCommonStockSharesOutstanding
FANG,2023-05-03,2023-04-28,181093498,dei:EntityCommonStockSharesOutstanding
FANG,2023-08-03,2023-07-28,178818422,dei:EntityCommonStockSharesOutstanding
FANG,2023-11-08,2023-11-03,178984911,dei:EntityCommonStockSharesOutstanding
FANG,2024-02-22,2024-02-16,178446583,dei:EntityCommonStockSharesOutstanding
FANG,2024-05-02,2024-04-26,178343733,dei:EntityCommonStockSharesOutstanding
FANG,2024-08-07,2024-08-02,178394452,dei:EntityCommonStockSharesOutstanding
FANG,2024-11-07,2024-11-01,291989194,dei:EntityCommonStockSharesOutstanding
FANG,2025-02-26,2025-02-21,289440898,dei:EntityCommonStockSharesOutstanding
FANG,2025-05-07,2025-05-02,292167960,dei:EntityCommonStockSharesOutstanding
FANG,2025-08-06,2025-08-01,289486120,dei:EntityCommonStockSharesOutstanding
FANG,2025-11-05,2025-10-31,286525614,dei:EntityCommonStockSharesOutstanding
FANG,2026-02-25,2026-02-20,282078989,dei:EntityCommonStockSharesOutstanding
FANG,2026-05-06,2026-05-01,281313297,dei:EntityCommonStockSharesOutstanding
FAST,2009-07-24,2009-07-20,148530712,dei:EntityCommonStockSharesOutstanding
FAST,2009-10-23,2009-10-20,148330712,dei:EntityCommonStockSharesOutstanding
FAST,2010-02-09,2010-02-05,147430712,dei:EntityCommonStockSharesOutstanding
FAST,2010-04-27,2010-04-23,147430712,dei:EntityCommonStockSharesOutstanding
FAST,2010-07-23,2010-07-21,147430712,dei:EntityCommonStockSharesOutstanding
FAST,2010-10-21,2010-10-19,147430712,dei:EntityCommonStockSharesOutstanding
FAST,2011-02-09,2011-02-04,147430712,dei:EntityCommonStockSharesOutstanding
FAST,2011-04-21,2011-04-19,147430712,dei:EntityCommonStockSharesOutstanding
FAST,2011-07-21,2011-07-11,295121324,dei:EntityCommonStockSharesOutstanding
FAST,2011-10-26,2011-10-11,295203874,dei:EntityCommonStockSharesOutstanding
FAST,2012-02-09,2012-02-01,295278974,dei:EntityCommonStockSharesOutstanding
FAST,2012-04-20,2012-04-10,296071374,dei:EntityCommonStockSharesOutstanding
FAST,2012-07-20,2012-07-10,296153949,dei:EntityCommonStockSharesOutstanding
FAST,2012-10-18,2012-10-09,296321832,dei:EntityCommonStockSharesOutstanding
FAST,2013-02-07,2013-02-01,296635127,dei:EntityCommonStockSharesOutstanding
FAST,2013-04-15,2013-04-09,296686927,dei:EntityCommonStockSharesOutstanding
FAST,2013-07-15,2013-07-09,296868369,dei:EntityCommonStockSharesOutstanding
FAST,2013-10-15,2013-10-08,296742069,dei:EntityCommonStockSharesOutstanding
FAST,2014-02-06,2014-01-24,296772269,dei:EntityCommonStockSharesOutstanding
FAST,2014-04-16,2014-04-10,296639119,dei:EntityCommonStockSharesOutstanding
FAST,2014-07-16,2014-07-10,296770069,dei:EntityCommonStockSharesOutstanding
FAST,2014-10-15,2014-10-09,296440794,dei:EntityCommonStockSharesOutstanding
FAST,2015-02-05,2015-01-23,295880219,dei:EntityCommonStockSharesOutstanding
FAST,2015-04-17,2015-04-13,293955044,dei:EntityCommonStockSharesOutstanding
FAST,2015-07-17,2015-07-13,290165109,dei:EntityCommonStockSharesOutstanding
FAST,2015-10-16,2015-10-12,289695174,dei:EntityCommonStockSharesOutstanding
FAST,2016-02-05,2016-01-22,288403782,dei:EntityCommonStockSharesOutstanding
FAST,2016-04-15,2016-04-11,288883249,dei:EntityCommonStockSharesOutstanding
FAST,2016-07-15,2016-07-11,288965949,dei:EntityCommonStockSharesOutstanding
FAST,2016-10-14,2016-10-10,289032074,dei:EntityCommonStockSharesOutstanding
FAST,2017-02-06,2017-01-20,289247424,dei:EntityCommonStockSharesOutstanding
FAST,2017-04-17,2017-04-11,289263924,dei:EntityCommonStockSharesOutstanding
FAST,2017-07-17,2017-07-11,287978174,dei:EntityCommonStockSharesOutstanding
FAST,2017-10-16,2017-10-10,287390374,dei:EntityCommonStockSharesOutstanding
FAST,2018-02-05,2018-01-19,287603912,dei:EntityCommonStockSharesOutstanding
FAST,2018-04-16,2018-04-10,287688839,dei:EntityCommonStockSharesOutstanding
FAST,2018-07-16,2018-07-10,286948535,dei:EntityCommonStockSharesOutstanding
FAST,2018-10-16,2018-10-09,287056618,dei:EntityCommonStockSharesOutstanding
FAST,2019-02-06,2019-01-18,285931529,dei:EntityCommonStockSharesOutstanding
FAST,2019-04-16,2019-04-10,286314823,dei:EntityCommonStockSharesOutstanding
FAST,2019-07-16,2019-07-10,573430436,dei:EntityCommonStockSharesOutstanding
FAST,2019-10-16,2019-10-10,573527178,dei:EntityCommonStockSharesOutstanding
FAST,2020-02-06,2020-01-22,574226297,dei:EntityCommonStockSharesOutstanding
FAST,2020-04-17,2020-04-13,572818887,dei:EntityCommonStockSharesOutstanding
FAST,2020-07-17,2020-07-13,573626327,dei:EntityCommonStockSharesOutstanding
FAST,2020-10-16,2020-10-12,574053293,dei:EntityCommonStockSharesOutstanding
FAST,2021-02-08,2021-01-22,574317276,dei:EntityCommonStockSharesOutstanding
FAST,2021-04-16,2021-04-12,574462527,dei:EntityCommonStockSharesOutstanding
FAST,2021-07-16,2021-07-12,574739393,dei:EntityCommonStockSharesOutstanding
FAST,2021-10-15,2021-10-11,575163354,dei:EntityCommonStockSharesOutstanding
FAST,2022-02-07,2022-01-21,575550072,dei:EntityCommonStockSharesOutstanding
FAST,2022-04-18,2022-04-12,575606032,dei:EntityCommonStockSharesOutstanding
FAST,2022-07-18,2022-07-12,574678797,dei:EntityCommonStockSharesOutstanding
FAST,2022-10-18,2022-10-12,572759880,dei:EntityCommonStockSharesOutstanding
FAST,2023-02-07,2023-01-20,570833585,dei:EntityCommonStockSharesOutstanding
FAST,2023-04-18,2023-04-12,571042439,dei:EntityCommonStockSharesOutstanding
FAST,2023-07-18,2023-07-12,571333004,dei:EntityCommonStockSharesOutstanding
FAST,2023-10-17,2023-10-11,571413165,dei:EntityCommonStockSharesOutstanding
FAST,2024-02-06,2024-01-19,572232755,dei:EntityCommonStockSharesOutstanding
FAST,2024-04-16,2024-04-10,572547449,dei:EntityCommonStockSharesOutstanding
FAST,2024-07-17,2024-07-11,572646104,dei:EntityCommonStockSharesOutstanding
FAST,2024-10-16,2024-10-10,572886495,dei:EntityCommonStockSharesOutstanding
FAST,2025-02-06,2025-01-21,573419704,dei:EntityCommonStockSharesOutstanding
FAST,2025-04-16,2025-04-10,573620638,dei:EntityCommonStockSharesOutstanding
FAST,2025-07-17,2025-07-11,1147636617,dei:EntityCommonStockSharesOutstanding
FAST,2025-10-16,2025-10-10,1148035721,dei:EntityCommonStockSharesOutstanding
FAST,2026-02-05,2026-01-21,1148179210,dei:EntityCommonStockSharesOutstanding
FAST,2026-04-16,2026-04-10,1148035061,dei:EntityCommonStockSharesOutstanding
FER,2025-02-28,2024-12-31,721806552,dei:EntityCommonStockSharesOutstanding
FER,2026-02-25,2025-12-31,720626181,dei:EntityCommonStockSharesOutstanding
FISV,2009-08-06,2009-08-04,154379489,dei:EntityCommonStockSharesOutstanding
FISV,2009-11-06,2009-11-03,153897994,dei:EntityCommonStockSharesOutstanding
FISV,2010-02-26,2010-02-24,152320404,dei:EntityCommonStockSharesOutstanding
FISV,2010-05-06,2010-05-04,152610235,dei:EntityCommonStockSharesOutstanding
FISV,2010-08-05,2010-08-02,150104161,dei:EntityCommonStockSharesOutstanding
FISV,2010-11-05,2010-11-02,148720374,dei:EntityCommonStockSharesOutstanding
FISV,2011-02-24,2011-02-18,146077101,dei:EntityCommonStockSharesOutstanding
FISV,2011-05-04,2011-04-29,143611172,dei:EntityCommonStockSharesOutstanding
FISV,2011-08-02,2011-07-29,141552439,dei:EntityCommonStockSharesOutstanding
FISV,2011-11-02,2011-10-28,140859018,dei:EntityCommonStockSharesOutstanding
FISV,2012-02-24,2012-02-17,138588647,dei:EntityCommonStockSharesOutstanding
FISV,2012-05-02,2012-04-27,136482654,dei:EntityCommonStockSharesOutstanding
FISV,2012-07-31,2012-07-26,135669589,dei:EntityCommonStockSharesOutstanding
FISV,2012-10-31,2012-10-25,133472676,dei:EntityCommonStockSharesOutstanding
FISV,2013-02-22,2013-02-15,133503529,dei:EntityCommonStockSharesOutstanding
FISV,2013-05-01,2013-04-25,133162609,dei:EntityCommonStockSharesOutstanding
FISV,2013-07-31,2013-07-25,130090406,dei:EntityCommonStockSharesOutstanding
FISV,2013-10-30,2013-10-24,128969152,dei:EntityCommonStockSharesOutstanding
FISV,2014-02-20,2014-02-14,254486523,dei:EntityCommonStockSharesOutstanding
FISV,2014-04-30,2014-04-24,249228029,dei:EntityCommonStockSharesOutstanding
FISV,2014-07-30,2014-07-24,249219225,dei:EntityCommonStockSharesOutstanding
FISV,2014-10-29,2014-10-23,243966081,dei:EntityCommonStockSharesOutstanding
FISV,2015-02-20,2015-02-13,238692815,dei:EntityCommonStockSharesOutstanding
FISV,2015-05-06,2015-04-30,236788515,dei:EntityCommonStockSharesOutstanding
FISV,2015-07-30,2015-07-23,234577658,dei:EntityCommonStockSharesOutstanding
FISV,2015-10-28,2015-10-22,228538696,dei:EntityCommonStockSharesOutstanding
FISV,2016-02-19,2016-02-12,222937301,dei:EntityCommonStockSharesOutstanding
FISV,2016-05-06,2016-04-30,222329901,dei:EntityCommonStockSharesOutstanding
FISV,2016-08-03,2016-07-31,219815160,dei:EntityCommonStockSharesOutstanding
FISV,2016-10-27,2016-10-21,217057326,dei:EntityCommonStockSharesOutstanding
FISV,2017-02-23,2017-02-16,214563950,dei:EntityCommonStockSharesOutstanding
FISV,2017-04-27,2017-04-21,212377981,dei:EntityCommonStockSharesOutstanding
FISV,2017-08-02,2017-07-28,210465540,dei:EntityCommonStockSharesOutstanding
FISV,2017-11-01,2017-10-26,208399394,dei:EntityCommonStockSharesOutstanding
FISV,2018-02-22,2018-02-16,206607864,dei:EntityCommonStockSharesOutstanding
FISV,2018-05-02,2018-04-26,409436764,dei:EntityCommonStockSharesOutstanding
FISV,2018-08-01,2018-07-24,404927094,dei:EntityCommonStockSharesOutstanding
FISV,2018-11-01,2018-10-26,398470777,dei:EntityCommonStockSharesOutstanding
FISV,2019-02-21,2019-02-15,391586971,dei:EntityCommonStockSharesOutstanding
FISV,2019-05-01,2019-04-25,392439838,dei:EntityCommonStockSharesOutstanding
FISV,2019-07-26,2019-07-22,392972846,dei:EntityCommonStockSharesOutstanding
FISV,2019-11-07,2019-10-31,679895001,dei:EntityCommonStockSharesOutstanding
FISV,2020-02-27,2020-02-21,679098783,dei:EntityCommonStockSharesOutstanding
FISV,2020-05-08,2020-04-30,669484281,dei:EntityCommonStockSharesOutstanding
FISV,2020-08-06,2020-07-31,669649953,dei:EntityCommonStockSharesOutstanding
FISV,2020-10-28,2020-10-23,670437918,dei:EntityCommonStockSharesOutstanding
FISV,2021-02-26,2021-02-19,669459877,dei:EntityCommonStockSharesOutstanding
FISV,2021-04-28,2021-04-23,666769382,dei:EntityCommonStockSharesOutstanding
FISV,2021-07-28,2021-07-23,662204715,dei:EntityCommonStockSharesOutstanding
FISV,2021-10-28,2021-10-22,660231928,dei:EntityCommonStockSharesOutstanding
FISV,2022-02-24,2022-02-18,652196905,dei:EntityCommonStockSharesOutstanding
FISV,2022-04-28,2022-04-22,646394065,dei:EntityCommonStockSharesOutstanding
FISV,2022-07-27,2022-07-22,639584348,dei:EntityCommonStockSharesOutstanding
FISV,2022-10-28,2022-10-21,635028076,dei:EntityCommonStockSharesOutstanding
FISV,2023-02-23,2023-02-17,628126357,dei:EntityCommonStockSharesOutstanding
FISV,2023-04-26,2023-04-21,617309915,dei:EntityCommonStockSharesOutstanding
FISV,2023-07-27,2023-07-21,609614903,dei:EntityCommonStockSharesOutstanding
FISV,2023-10-25,2023-10-20,600185716,dei:EntityCommonStockSharesOutstanding
FISV,2024-02-22,2024-02-16,590402536,dei:EntityCommonStockSharesOutstanding
FISV,2024-04-24,2024-04-19,585101873,dei:EntityCommonStockSharesOutstanding
FISV,2024-07-25,2024-07-19,575725190,dei:EntityCommonStockSharesOutstanding
FISV,2024-10-23,2024-10-18,568918735,dei:EntityCommonStockSharesOutstanding
FISV,2025-02-20,2025-02-14,561288944,dei:EntityCommonStockSharesOutstanding
FISV,2025-04-25,2025-04-18,554433824,dei:EntityCommonStockSharesOutstanding
FISV,2025-07-24,2025-07-18,543593180,dei:EntityCommonStockSharesOutstanding
FISV,2025-10-30,2025-10-24,537851887,dei:EntityCommonStockSharesOutstanding
FISV,2026-02-19,2026-02-13,534777512,dei:EntityCommonStockSharesOutstanding
FISV,2026-05-06,2026-05-01,533253986,dei:EntityCommonStockSharesOutstanding
FOXA,2019-03-18,2019-03-18,1,dei:EntityCommonStockSharesOutstanding
FTNT,2011-08-04,2011-07-29,153102345,dei:EntityCommonStockSharesOutstanding
FTNT,2011-11-04,2011-10-28,154027282,dei:EntityCommonStockSharesOutstanding
FTNT,2012-03-28,2012-02-17,156363007,dei:EntityCommonStockSharesOutstanding
FTNT,2012-05-07,2012-04-27,157322947,dei:EntityCommonStockSharesOutstanding
FTNT,2012-08-08,2012-07-31,158222830,dei:EntityCommonStockSharesOutstanding
FTNT,2012-10-30,2012-10-23,159938847,dei:EntityCommonStockSharesOutstanding
FTNT,2013-02-27,2013-02-20,161607952,dei:EntityCommonStockSharesOutstanding
FTNT,2013-05-08,2013-04-30,162225326,dei:EntityCommonStockSharesOutstanding
FTNT,2013-08-06,2013-07-31,162586517,dei:EntityCommonStockSharesOutstanding
FTNT,2013-11-05,2013-10-29,163460178,dei:EntityCommonStockSharesOutstanding
FTNT,2014-03-03,2014-02-18,162853313000,dei:EntityCommonStockSharesOutstanding
FTNT,2014-05-07,2014-04-30,163069548000,dei:EntityCommonStockSharesOutstanding
FTNT,2014-08-05,2014-07-31,163772825,dei:EntityCommonStockSharesOutstanding
FTNT,2014-11-06,2014-10-31,164855943,dei:EntityCommonStockSharesOutstanding
FTNT,2015-03-02,2015-02-20,168865460,dei:EntityCommonStockSharesOutstanding
FTNT,2015-05-01,2015-04-24,169563012,dei:EntityCommonStockSharesOutstanding
FTNT,2015-08-04,2015-07-31,171151438,dei:EntityCommonStockSharesOutstanding
FTNT,2015-11-09,2015-10-30,172264048,dei:EntityCommonStockSharesOutstanding
FTNT,2016-02-26,2016-02-19,171603611,dei:EntityCommonStockSharesOutstanding
FTNT,2016-05-06,2016-04-29,171671224,dei:EntityCommonStockSharesOutstanding
FTNT,2016-08-05,2016-07-29,172687823,dei:EntityCommonStockSharesOutstanding
FTNT,2016-11-08,2016-10-31,173039498,dei:EntityCommonStockSharesOutstanding
FTNT,2017-03-01,2017-02-17,175320023,dei:EntityCommonStockSharesOutstanding
FTNT,2017-05-03,2017-04-28,175760937,dei:EntityCommonStockSharesOutstanding
FTNT,2017-08-02,2017-07-27,175835328,dei:EntityCommonStockSharesOutstanding
FTNT,2017-11-02,2017-10-27,173900211,dei:EntityCommonStockSharesOutstanding
FTNT,2018-02-26,2018-02-16,168024163,dei:EntityCommonStockSharesOutstanding
FTNT,2018-05-08,2018-04-30,168097115,dei:EntityCommonStockSharesOutstanding
FTNT,2018-08-07,2018-07-31,169136958,dei:EntityCommonStockSharesOutstanding
FTNT,2018-11-07,2018-10-31,170370205,dei:EntityCommonStockSharesOutstanding
FTNT,2019-02-27,2019-02-22,170633671,dei:EntityCommonStockSharesOutstanding
FTNT,2019-05-08,2019-04-30,170760612,dei:EntityCommonStockSharesOutstanding
FTNT,2019-08-01,2019-07-26,170991437,dei:EntityCommonStockSharesOutstanding
FTNT,2019-10-31,2019-10-23,171033736,dei:EntityCommonStockSharesOutstanding
FTNT,2020-02-26,2020-02-21,172514722,dei:EntityCommonStockSharesOutstanding
FTNT,2020-05-07,2020-05-01,161648540,dei:EntityCommonStockSharesOutstanding
FTNT,2020-08-06,2020-07-31,161831584,dei:EntityCommonStockSharesOutstanding
FTNT,2020-11-06,2020-10-30,162332075,dei:EntityCommonStockSharesOutstanding
FTNT,2021-02-19,2021-02-12,163190919,dei:EntityCommonStockSharesOutstanding
FTNT,2021-05-03,2021-04-30,163317652,dei:EntityCommonStockSharesOutstanding
FTNT,2021-08-02,2021-07-30,163320200,dei:EntityCommonStockSharesOutstanding
FTNT,2021-11-08,2021-11-05,163499790,dei:EntityCommonStockSharesOutstanding
FTNT,2022-02-25,2022-02-18,160815446,dei:EntityCommonStockSharesOutstanding
FTNT,2022-05-06,2022-05-03,160527127,dei:EntityCommonStockSharesOutstanding
FTNT,2022-08-05,2022-07-29,788520766,dei:EntityCommonStockSharesOutstanding
FTNT,2022-11-07,2022-11-04,781236011,dei:EntityCommonStockSharesOutstanding
FTNT,2023-02-24,2023-02-17,784066289,dei:EntityCommonStockSharesOutstanding
FTNT,2023-05-08,2023-05-05,785196153,dei:EntityCommonStockSharesOutstanding
FTNT,2023-08-07,2023-08-04,785336937,dei:EntityCommonStockSharesOutstanding
FTNT,2023-11-07,2023-11-03,767909603,dei:EntityCommonStockSharesOutstanding
FTNT,2024-02-26,2024-02-22,763030948,dei:EntityCommonStockSharesOutstanding
FTNT,2024-05-06,2024-05-03,763938008,dei:EntityCommonStockSharesOutstanding
FTNT,2024-08-08,2024-08-02,764907985,dei:EntityCommonStockSharesOutstanding
FTNT,2024-11-08,2024-11-07,766452698,dei:EntityCommonStockSharesOutstanding
FTNT,2025-02-21,2025-02-18,768974062,dei:EntityCommonStockSharesOutstanding
FTNT,2025-05-08,2025-05-07,765416456,dei:EntityCommonStockSharesOutstanding
FTNT,2025-08-08,2025-08-05,766266033,dei:EntityCommonStockSharesOutstanding
FTNT,2025-11-07,2025-11-04,743648102,dei:EntityCommonStockSharesOutstanding
FTNT,2026-02-25,2026-02-20,739923583,dei:EntityCommonStockSharesOutstanding
FTNT,2026-05-08,2026-05-04,732648391,dei:EntityCommonStockSharesOutstanding
GEHC,2023-02-15,2023-01-31,453926139,dei:EntityCommonStockSharesOutstanding
GEHC,2023-04-25,2023-04-18,454677236,dei:EntityCommonStockSharesOutstanding
GEHC,2023-07-25,2023-07-18,454838213,dei:EntityCommonStockSharesOutstanding
GEHC,2023-10-31,2023-10-24,455242974,dei:EntityCommonStockSharesOutstanding
GEHC,2024-02-06,2024-01-30,455357229,dei:EntityCommonStockSharesOutstanding
GEHC,2024-04-30,2024-04-23,456465369,dei:EntityCommonStockSharesOutstanding
GEHC,2024-07-31,2024-07-24,456662253,dei:EntityCommonStockSharesOutstanding
GEHC,2024-10-30,2024-10-23,456872979,dei:EntityCommonStockSharesOutstanding
GEHC,2025-02-13,2025-02-06,457298310,dei:EntityCommonStockSharesOutstanding
GEHC,2025-04-30,2025-04-23,457884998,dei:EntityCommonStockSharesOutstanding
GEHC,2025-07-30,2025-07-23,456562037,dei:EntityCommonStockSharesOutstanding
GEHC,2025-10-29,2025-10-22,455521592,dei:EntityCommonStockSharesOutstanding
GEHC,2026-02-04,2026-01-28,455749767,dei:EntityCommonStockSharesOutstanding
GEHC,2026-04-29,2026-04-22,454891786,dei:EntityCommonStockSharesOutstanding
GFS,2022-03-31,2021-12-31,531845744,dei:EntityCommonStockSharesOutstanding
GFS,2023-04-14,2022-12-31,547754986,dei:EntityCommonStockSharesOutstanding
GFS,2024-04-29,2023-12-31,553548190,dei:EntityCommonStockSharesOutstanding
GFS,2025-03-20,2024-12-31,552912823,dei:EntityCommonStockSharesOutstanding
GFS,2026-02-27,2025-12-31,555888455,dei:EntityCommonStockSharesOutstanding
GILD,2009-08-05,2009-07-31,904261310,dei:EntityCommonStockSharesOutstanding
GILD,2009-11-05,2009-10-30,899925051,dei:EntityCommonStockSharesOutstanding
GILD,2010-03-01,2010-02-19,903378986,dei:EntityCommonStockSharesOutstanding
GILD,2010-05-10,2010-04-30,889915070,dei:EntityCommonStockSharesOutstanding
GILD,2010-08-09,2010-07-31,838632586,dei:EntityCommonStockSharesOutstanding
GILD,2010-11-08,2010-10-29,811867667,dei:EntityCommonStockSharesOutstanding
GILD,2011-02-28,2011-02-18,795264644,dei:EntityCommonStockSharesOutstanding
GILD,2011-05-09,2011-04-29,787054365,dei:EntityCommonStockSharesOutstanding
GILD,2011-08-05,2011-07-29,771455146,dei:EntityCommonStockSharesOutstanding
GILD,2011-11-04,2011-10-28,751139232,dei:EntityCommonStockSharesOutstanding
GILD,2012-02-23,2012-02-10,757315361,dei:EntityCommonStockSharesOutstanding
GILD,2012-05-04,2012-04-27,757321824,dei:EntityCommonStockSharesOutstanding
GILD,2012-08-01,2012-07-20,756568507,dei:EntityCommonStockSharesOutstanding
GILD,2012-11-06,2012-10-26,757648151,dei:EntityCommonStockSharesOutstanding
GILD,2013-02-27,2013-02-15,1522392518,dei:EntityCommonStockSharesOutstanding
GILD,2013-05-08,2013-04-26,1525355825,dei:EntityCommonStockSharesOutstanding
GILD,2013-08-01,2013-07-19,1530626021,dei:EntityCommonStockSharesOutstanding
GILD,2013-10-31,2013-10-18,1533349106,dei:EntityCommonStockSharesOutstanding
GILD,2014-02-25,2014-02-14,1538252914,dei:EntityCommonStockSharesOutstanding
GILD,2014-05-07,2014-04-25,1535682107,dei:EntityCommonStockSharesOutstanding
GILD,2014-08-04,2014-07-25,1511670456,dei:EntityCommonStockSharesOutstanding
GILD,2014-11-05,2014-10-31,1508664333,dei:EntityCommonStockSharesOutstanding
GILD,2015-02-25,2015-02-13,1489401683,dei:EntityCommonStockSharesOutstanding
GILD,2015-05-08,2015-04-30,1469605980,dei:EntityCommonStockSharesOutstanding
GILD,2015-08-05,2015-07-31,1467605502,dei:EntityCommonStockSharesOutstanding
GILD,2015-11-04,2015-10-30,1441180186,dei:EntityCommonStockSharesOutstanding
GILD,2016-02-24,2016-02-12,1366845691,dei:EntityCommonStockSharesOutstanding
GILD,2016-05-06,2016-04-29,1331821506,dei:EntityCommonStockSharesOutstanding
GILD,2016-08-05,2016-07-31,1319658489,dei:EntityCommonStockSharesOutstanding
GILD,2016-11-07,2016-10-31,1317456071,dei:EntityCommonStockSharesOutstanding
GILD,2017-02-27,2017-02-16,1307066900,dei:EntityCommonStockSharesOutstanding
GILD,2017-05-10,2017-04-28,1306728398,dei:EntityCommonStockSharesOutstanding
GILD,2017-08-07,2017-07-31,1305926217,dei:EntityCommonStockSharesOutstanding
GILD,2017-11-07,2017-10-31,1306268996,dei:EntityCommonStockSharesOutstanding
GILD,2018-02-27,2018-02-15,1309967781,dei:EntityCommonStockSharesOutstanding
GILD,2018-05-09,2018-04-30,1300260832,dei:EntityCommonStockSharesOutstanding
GILD,2018-08-06,2018-07-30,1296340593,dei:EntityCommonStockSharesOutstanding
GILD,2018-11-06,2018-10-30,1293619612,dei:EntityCommonStockSharesOutstanding
GILD,2019-02-26,2019-02-15,1275510558,dei:EntityCommonStockSharesOutstanding
GILD,2019-05-08,2019-04-30,1271554672,dei:EntityCommonStockSharesOutstanding
GILD,2019-08-06,2019-07-30,1266455481,dei:EntityCommonStockSharesOutstanding
GILD,2019-11-05,2019-10-29,1265145612,dei:EntityCommonStockSharesOutstanding
GILD,2020-02-25,2020-02-18,1263636656,dei:EntityCommonStockSharesOutstanding
GILD,2020-05-06,2020-04-30,1254373400,dei:EntityCommonStockSharesOutstanding
GILD,2020-08-06,2020-07-31,1253724370,dei:EntityCommonStockSharesOutstanding
GILD,2020-11-04,2020-10-30,1253528149,dei:EntityCommonStockSharesOutstanding
GILD,2021-02-25,2021-02-18,1256593156,dei:EntityCommonStockSharesOutstanding
GILD,2021-05-06,2021-04-30,1254178166,dei:EntityCommonStockSharesOutstanding
GILD,2021-08-05,2021-07-30,1253809440,dei:EntityCommonStockSharesOutstanding
GILD,2021-11-03,2021-10-29,1254383522,dei:EntityCommonStockSharesOutstanding
GILD,2022-02-23,2022-02-18,1253886724,dei:EntityCommonStockSharesOutstanding
GILD,2022-05-04,2022-04-29,1254313448,dei:EntityCommonStockSharesOutstanding
GILD,2022-08-08,2022-07-29,1253367394,dei:EntityCommonStockSharesOutstanding
GILD,2022-11-02,2022-10-31,1254243845,dei:EntityCommonStockSharesOutstanding
GILD,2023-02-22,2023-02-17,1247105154,dei:EntityCommonStockSharesOutstanding
GILD,2023-05-03,2023-04-28,1247352689,dei:EntityCommonStockSharesOutstanding
GILD,2023-08-04,2023-07-31,1246014353,dei:EntityCommonStockSharesOutstanding
GILD,2023-11-07,2023-10-31,1246041895,dei:EntityCommonStockSharesOutstanding
GILD,2024-02-23,2024-02-16,1245774616,dei:EntityCommonStockSharesOutstanding
GILD,2024-05-08,2024-04-30,1245853209,dei:EntityCommonStockSharesOutstanding
GILD,2024-08-08,2024-07-31,1244992081,dei:EntityCommonStockSharesOutstanding
GILD,2024-11-12,2024-10-31,1246265857,dei:EntityCommonStockSharesOutstanding
GILD,2025-02-28,2025-02-21,1245346062,dei:EntityCommonStockSharesOutstanding
GILD,2025-05-07,2025-04-30,1243929121,dei:EntityCommonStockSharesOutstanding
GILD,2025-08-07,2025-07-31,1240806916,dei:EntityCommonStockSharesOutstanding
GILD,2025-11-07,2025-10-31,1240679623,dei:EntityCommonStockSharesOutstanding
GILD,2026-02-24,2026-02-13,1241420528,dei:EntityCommonStockSharesOutstanding
GILD,2026-05-07,2026-04-30,1241569874,dei:EntityCommonStockSharesOutstanding
GMCR,2010-08-05,2010-08-02,131946327,dei:EntityCommonStockSharesOutstanding
GMCR,2010-12-09,2010-11-26,132911701,dei:EntityCommonStockSharesOutstanding
GMCR,2011-02-03,2011-01-28,141600550,dei:EntityCommonStockSharesOutstanding
GMCR,2011-05-03,2011-04-28,142036711,dei:EntityCommonStockSharesOutstanding
GMCR,2011-08-03,2011-07-27,153092273,dei:EntityCommonStockSharesOutstanding
GMCR,2011-11-14,2011-11-09,154624238,dei:EntityCommonStockSharesOutstanding
GMCR,2012-02-01,2012-01-26,154854881,dei:EntityCommonStockSharesOutstanding
GMCR,2012-05-02,2012-04-25,155350001,dei:EntityCommonStockSharesOutstanding
GMCR,2012-08-01,2012-07-25,155527442,dei:EntityCommonStockSharesOutstanding
GMCR,2012-11-28,2012-11-20,148451513,dei:EntityCommonStockSharesOutstanding
GMCR,2013-02-06,2013-01-31,148808558,dei:EntityCommonStockSharesOutstanding
GMCR,2013-05-08,2013-05-02,149190870,dei:EntityCommonStockSharesOutstanding
GMCR,2013-08-07,2013-08-01,150739161,dei:EntityCommonStockSharesOutstanding
GMCR,2013-11-20,2013-11-13,149030940,dei:EntityCommonStockSharesOutstanding
GMCR,2014-02-05,2014-01-29,148890944,dei:EntityCommonStockSharesOutstanding
GMCR,2014-05-07,2014-05-01,162736073,dei:EntityCommonStockSharesOutstanding
GMCR,2014-08-06,2014-08-01,162422470,dei:EntityCommonStockSharesOutstanding
GMCR,2014-11-19,2014-11-14,162009539,dei:EntityCommonStockSharesOutstanding
GMCR,2015-02-04,2015-01-30,161675100,dei:EntityCommonStockSharesOutstanding
GMCR,2015-05-06,2015-04-30,153968949,dei:EntityCommonStockSharesOutstanding
GMCR,2015-08-05,2015-07-30,154058161,dei:EntityCommonStockSharesOutstanding
GMCR,2015-11-19,2015-11-13,148926020,dei:EntityCommonStockSharesOutstanding
GMCR,2016-02-01,2016-01-28,149493728,dei:EntityCommonStockSharesOutstanding
GOOGL,2016-02-11,2015-12-31,1367520000,us-gaap:CommonStockSharesOutstanding
GOOGL,2016-05-03,2016-03-31,686792000,us-gaap:CommonStockSharesOutstanding
GOOGL,2016-08-04,2016-06-30,686778000,us-gaap:CommonStockSharesOutstanding
GOOGL,2016-11-03,2016-09-30,689136000,us-gaap:CommonStockSharesOutstanding
GOOGL,2017-02-03,2016-12-31,691293000,us-gaap:CommonStockSharesOutstanding
GOOGL,2017-05-02,2017-03-31,692108000,us-gaap:CommonStockSharesOutstanding
GOOGL,2017-07-25,2017-06-30,692876000,us-gaap:CommonStockSharesOutstanding
GOOGL,2017-10-27,2017-09-30,694790000,us-gaap:CommonStockSharesOutstanding
GOOGL,2018-02-06,2017-12-31,694783000,us-gaap:CommonStockSharesOutstanding
GOOGL,2018-04-24,2018-03-31,694945000,us-gaap:CommonStockSharesOutstanding
GOOGL,2018-07-24,2018-06-30,695946000,us-gaap:CommonStockSharesOutstanding
GOOGL,2018-10-26,2018-09-30,695957000,us-gaap:CommonStockSharesOutstanding
GOOGL,2019-02-05,2018-12-31,695556000,us-gaap:CommonStockSharesOutstanding
GOOGL,2019-04-30,2019-03-31,694782000,us-gaap:CommonStockSharesOutstanding
GOOGL,2019-07-26,2019-06-30,694050000,us-gaap:CommonStockSharesOutstanding
GOOGL,2019-10-29,2019-09-30,690906000,us-gaap:CommonStockSharesOutstanding
GOOGL,2020-02-04,2019-12-31,688335000,us-gaap:CommonStockSharesOutstanding
GOOGL,2020-04-29,2020-03-31,683972000,us-gaap:CommonStockSharesOutstanding
GOOGL,2020-07-31,2020-06-30,681215000,us-gaap:CommonStockSharesOutstanding
GOOGL,2020-10-30,2020-09-30,677724000,us-gaap:CommonStockSharesOutstanding
GOOGL,2021-02-03,2020-12-31,675222000,us-gaap:CommonStockSharesOutstanding
GOOGL,2021-04-28,2021-03-31,671094000,us-gaap:CommonStockSharesOutstanding
GOOGL,2021-07-28,2021-06-30,667637000,us-gaap:CommonStockSharesOutstanding
GOOGL,2021-10-27,2021-09-30,664682000,us-gaap:CommonStockSharesOutstanding
GOOGL,2022-02-02,2021-12-31,662121000,us-gaap:CommonStockSharesOutstanding
GOOGL,2022-04-27,2022-03-31,658763000,us-gaap:CommonStockSharesOutstanding
GOOGL,2022-07-27,2022-06-30,26320000000,us-gaap:CommonStockSharesOutstanding
GOOGL,2022-10-26,2022-09-30,12971000000,us-gaap:CommonStockSharesOutstanding
GOOGL,2023-02-03,2022-12-31,12849000000,us-gaap:CommonStockSharesOutstanding
GOOGL,2023-04-26,2023-03-31,12722000000,us-gaap:CommonStockSharesOutstanding
GOOGL,2023-07-26,2023-06-30,12629000000,us-gaap:CommonStockSharesOutstanding
GOOGL,2023-10-25,2023-09-30,12541000000,us-gaap:CommonStockSharesOutstanding
GOOGL,2024-01-31,2023-12-31,12460000000,us-gaap:CommonStockSharesOutstanding
GOOGL,2024-04-26,2024-03-31,12381000000,us-gaap:CommonStockSharesOutstanding
GOOGL,2024-07-24,2024-06-30,12322000000,us-gaap:CommonStockSharesOutstanding
GOOGL,2024-10-30,2024-09-30,12264000000,us-gaap:CommonStockSharesOutstanding
GOOGL,2025-02-05,2024-12-31,12211000000,us-gaap:CommonStockSharesOutstanding
GOOGL,2025-04-25,2025-03-31,12155000000,us-gaap:CommonStockSharesOutstanding
GOOGL,2025-07-24,2025-06-30,12104000000,us-gaap:CommonStockSharesOutstanding
GOOGL,2025-10-30,2025-09-30,12077000000,us-gaap:CommonStockSharesOutstanding
GOOGL,2026-02-05,2025-12-31,12088000000,us-gaap:CommonStockSharesOutstanding
GOOGL,2026-04-30,2026-03-31,12116000000,us-gaap:CommonStockSharesOutstanding
GRMN,2009-09-01,2009-07-31,200512323,dei:EntityCommonStockSharesOutstanding
GRMN,2009-11-04,2009-10-30,200669045,dei:EntityCommonStockSharesOutstanding
GRMN,2010-02-24,2010-02-22,200344095,dei:EntityCommonStockSharesOutstanding
GRMN,2010-05-05,2010-05-01,199171926,dei:EntityCommonStockSharesOutstanding
GRMN,2010-08-04,2010-08-02,194596361,dei:EntityCommonStockSharesOutstanding
GRMN,2010-11-03,2010-10-29,193429075,dei:EntityCommonStockSharesOutstanding
GRMN,2011-02-23,2011-02-17,208077418,dei:EntityCommonStockSharesOutstanding
GRMN,2011-05-04,2011-05-02,208077418,dei:EntityCommonStockSharesOutstanding
GRMN,2011-08-30,2011-08-01,208077418,dei:EntityCommonStockSharesOutstanding
GRMN,2011-11-02,2011-10-31,208077418,dei:EntityCommonStockSharesOutstanding
GRMN,2012-02-29,2012-02-23,208077418,dei:EntityCommonStockSharesOutstanding
GRMN,2012-05-09,2012-05-07,208077418,dei:EntityCommonStockSharesOutstanding
GRMN,2012-08-08,2012-08-06,208077418,dei:EntityCommonStockSharesOutstanding
GRMN,2012-11-07,2012-11-05,208077418,dei:EntityCommonStockSharesOutstanding
GRMN,2013-02-27,2013-02-25,208077418,dei:EntityCommonStockSharesOutstanding
GRMN,2013-05-08,2013-05-06,208077418,dei:EntityCommonStockSharesOutstanding
GRMN,2013-08-07,2013-08-05,208077418,dei:EntityCommonStockSharesOutstanding
GRMN,2013-10-30,2013-10-28,208077418,dei:EntityCommonStockSharesOutstanding
GRMN,2014-02-19,2014-02-13,208077418,dei:EntityCommonStockSharesOutstanding
GRMN,2014-04-30,2014-04-28,208077418,dei:EntityCommonStockSharesOutstanding
GRMN,2014-07-30,2014-07-28,208077418,dei:EntityCommonStockSharesOutstanding
GRMN,2014-10-29,2014-10-27,208077418,dei:EntityCommonStockSharesOutstanding
GRMN,2015-02-18,2015-02-13,208077418,dei:EntityCommonStockSharesOutstanding
GRMN,2015-04-29,2015-04-27,208077418,dei:EntityCommonStockSharesOutstanding
GRMN,2015-07-29,2015-07-27,208077418,dei:EntityCommonStockSharesOutstanding
GRMN,2015-10-28,2015-10-26,208077418,dei:EntityCommonStockSharesOutstanding
GRMN,2016-02-17,2016-02-12,208077418,dei:EntityCommonStockSharesOutstanding
GRMN,2016-04-27,2016-04-25,208077418000,dei:EntityCommonStockSharesOutstanding
GRMN,2016-07-27,2016-07-25,208077418000,dei:EntityCommonStockSharesOutstanding
GRMN,2016-10-26,2016-10-24,198077418000,dei:EntityCommonStockSharesOutstanding
GRMN,2017-02-22,2017-02-17,198077418,dei:EntityCommonStockSharesOutstanding
GRMN,2017-05-03,2017-05-01,198077418,dei:EntityCommonStockSharesOutstanding
GRMN,2017-08-02,2017-07-31,198077418,dei:EntityCommonStockSharesOutstanding
GRMN,2017-11-01,2017-10-30,198077418,dei:EntityCommonStockSharesOutstanding
GRMN,2018-02-21,2018-02-16,198077418,dei:EntityCommonStockSharesOutstanding
GRMN,2018-05-02,2018-04-30,198077418,dei:EntityCommonStockSharesOutstanding
GRMN,2018-08-01,2018-07-30,198077418000,dei:EntityCommonStockSharesOutstanding
GRMN,2018-10-31,2018-10-29,198077418000,dei:EntityCommonStockSharesOutstanding
GRMN,2019-02-20,2019-02-15,198077418,dei:EntityCommonStockSharesOutstanding
GRMN,2019-05-01,2019-04-29,198077418,dei:EntityCommonStockSharesOutstanding
GRMN,2019-07-31,2019-07-29,198077418,dei:EntityCommonStockSharesOutstanding
GRMN,2019-10-30,2019-10-28,198077418,dei:EntityCommonStockSharesOutstanding
GRMN,2020-02-19,2020-02-14,190687357,dei:EntityCommonStockSharesOutstanding
GRMN,2020-04-29,2020-04-24,191017846,dei:EntityCommonStockSharesOutstanding
GRMN,2020-07-29,2020-07-24,191237445,dei:EntityCommonStockSharesOutstanding
GRMN,2020-10-28,2020-10-23,191237445,dei:EntityCommonStockSharesOutstanding
GRMN,2021-02-17,2021-02-12,191571374,dei:EntityCommonStockSharesOutstanding
GRMN,2021-04-28,2021-04-23,192144655,dei:EntityCommonStockSharesOutstanding
GRMN,2021-07-28,2021-07-23,192321863,dei:EntityCommonStockSharesOutstanding
GRMN,2021-10-27,2021-10-22,192322049,dei:EntityCommonStockSharesOutstanding
GRMN,2022-02-16,2022-02-11,192787080,dei:EntityCommonStockSharesOutstanding
GRMN,2022-04-27,2022-04-22,193125036,dei:EntityCommonStockSharesOutstanding
GRMN,2022-07-27,2022-07-22,192855133,dei:EntityCommonStockSharesOutstanding
GRMN,2022-10-26,2022-10-21,191663933,dei:EntityCommonStockSharesOutstanding
GRMN,2023-02-22,2023-02-17,191359482,dei:EntityCommonStockSharesOutstanding
GRMN,2023-05-03,2023-04-28,191290486,dei:EntityCommonStockSharesOutstanding
GRMN,2023-08-02,2023-07-28,191451558,dei:EntityCommonStockSharesOutstanding
GRMN,2023-11-01,2023-10-27,191331077,dei:EntityCommonStockSharesOutstanding
GRMN,2024-02-21,2024-02-16,191777417,dei:EntityCommonStockSharesOutstanding
GRMN,2024-05-01,2024-04-26,192077718,dei:EntityCommonStockSharesOutstanding
GRMN,2024-07-31,2024-07-26,192213829,dei:EntityCommonStockSharesOutstanding
GRMN,2024-10-30,2024-10-25,192024969,dei:EntityCommonStockSharesOutstanding
GRMN,2025-02-19,2025-02-14,192403775,dei:EntityCommonStockSharesOutstanding
GRMN,2025-04-30,2025-04-25,192541456,dei:EntityCommonStockSharesOutstanding
GRMN,2025-07-30,2025-07-25,192493945,dei:EntityCommonStockSharesOutstanding
GRMN,2025-10-29,2025-10-24,192334806,dei:EntityCommonStockSharesOutstanding
GRMN,2026-02-18,2026-02-13,192480830,dei:EntityCommonStockSharesOutstanding
GRMN,2026-04-29,2026-04-24,192856206,dei:EntityCommonStockSharesOutstanding
HAS,2010-07-30,2010-07-20,139824768,dei:EntityCommonStockSharesOutstanding
HAS,2010-11-04,2010-10-15,136195062,dei:EntityCommonStockSharesOutstanding
HAS,2011-02-23,2011-02-07,137040353,dei:EntityCommonStockSharesOutstanding
HAS,2011-05-04,2011-04-15,136238227,dei:EntityCommonStockSharesOutstanding
HAS,2011-07-29,2011-07-18,134367967,dei:EntityCommonStockSharesOutstanding
HAS,2011-11-02,2011-10-17,128984649,dei:EntityCommonStockSharesOutstanding
HAS,2012-02-22,2012-02-06,128642089,dei:EntityCommonStockSharesOutstanding
HAS,2012-05-10,2012-04-20,129673478,dei:EntityCommonStockSharesOutstanding
HAS,2012-08-03,2012-07-23,103229255,dei:EntityCommonStockSharesOutstanding
HAS,2012-11-07,2012-10-22,129926567,dei:EntityCommonStockSharesOutstanding
HAS,2013-02-27,2013-02-07,128744301,dei:EntityCommonStockSharesOutstanding
HAS,2013-05-08,2013-04-22,129373783,dei:EntityCommonStockSharesOutstanding
HAS,2013-07-31,2013-07-19,129726055,dei:EntityCommonStockSharesOutstanding
HAS,2013-11-05,2013-10-21,129754586,dei:EntityCommonStockSharesOutstanding
HAS,2014-02-26,2014-02-10,130944461,dei:EntityCommonStockSharesOutstanding
HAS,2014-05-06,2014-04-18,129811566,dei:EntityCommonStockSharesOutstanding
HAS,2014-07-31,2014-07-21,127482935,dei:EntityCommonStockSharesOutstanding
HAS,2014-11-05,2014-10-20,125682285,dei:EntityCommonStockSharesOutstanding
HAS,2015-02-26,2015-02-10,124311655,dei:EntityCommonStockSharesOutstanding
HAS,2015-05-06,2015-04-20,124479312,dei:EntityCommonStockSharesOutstanding
HAS,2015-07-30,2015-07-20,124902730,dei:EntityCommonStockSharesOutstanding
HAS,2015-11-04,2015-10-19,124623554,dei:EntityCommonStockSharesOutstanding
HAS,2016-02-24,2016-02-08,124795430,dei:EntityCommonStockSharesOutstanding
HAS,2016-05-05,2016-04-18,124702080,dei:EntityCommonStockSharesOutstanding
HAS,2016-07-26,2016-07-18,125407912,dei:EntityCommonStockSharesOutstanding
HAS,2016-11-02,2016-10-17,124787571,dei:EntityCommonStockSharesOutstanding
HAS,2017-02-22,2017-02-06,124297758,dei:EntityCommonStockSharesOutstanding
HAS,2017-05-10,2017-04-24,125003385,dei:EntityCommonStockSharesOutstanding
HAS,2017-08-02,2017-04-24,125081081,dei:EntityCommonStockSharesOutstanding
HAS,2017-11-08,2017-10-23,124555586,dei:EntityCommonStockSharesOutstanding
HAS,2018-02-26,2018-02-07,124177681,dei:EntityCommonStockSharesOutstanding
HAS,2018-05-02,2018-04-23,124937746,dei:EntityCommonStockSharesOutstanding
HAS,2018-08-01,2018-07-23,126938974,dei:EntityCommonStockSharesOutstanding
HAS,2018-11-01,2018-10-22,126507478,dei:EntityCommonStockSharesOutstanding
HAS,2019-02-26,2019-02-08,125842470,dei:EntityCommonStockSharesOutstanding
HAS,2019-05-01,2019-03-31,125854116,dei:EntityCommonStockSharesOutstanding
HAS,2019-07-31,2019-07-23,126200837,dei:EntityCommonStockSharesOutstanding
HAS,2019-10-22,2019-10-18,126253142,dei:EntityCommonStockSharesOutstanding
HAS,2020-02-27,2020-02-11,136876923,dei:EntityCommonStockSharesOutstanding
HAS,2020-05-07,2020-04-29,137011347,dei:EntityCommonStockSharesOutstanding
HAS,2020-07-30,2020-07-27,137022714,dei:EntityCommonStockSharesOutstanding
HAS,2020-11-04,2020-10-26,137030619,dei:EntityCommonStockSharesOutstanding
HAS,2021-02-24,2021-02-08,137351697,dei:EntityCommonStockSharesOutstanding
HAS,2021-04-29,2021-04-27,137568617,dei:EntityCommonStockSharesOutstanding
HAS,2021-07-28,2021-07-26,137683075,dei:EntityCommonStockSharesOutstanding
HAS,2021-10-27,2021-10-26,137946906,dei:EntityCommonStockSharesOutstanding
HAS,2022-02-23,2022-02-07,138959768,dei:EntityCommonStockSharesOutstanding
HAS,2022-04-27,2022-04-19,139442407,dei:EntityCommonStockSharesOutstanding
HAS,2022-07-26,2022-07-19,138091266,dei:EntityCommonStockSharesOutstanding
HAS,2022-10-26,2022-10-18,138113722,dei:EntityCommonStockSharesOutstanding
HAS,2023-02-22,2023-02-16,138219857,dei:EntityCommonStockSharesOutstanding
HAS,2023-05-03,2023-04-27,138608781,dei:EntityCommonStockSharesOutstanding
HAS,2023-08-04,2023-08-03,138740874,dei:EntityCommonStockSharesOutstanding
HAS,2023-11-01,2023-10-26,138764146,dei:EntityCommonStockSharesOutstanding
HAS,2024-02-28,2024-02-13,138791480,dei:EntityCommonStockSharesOutstanding
HAS,2024-05-01,2024-04-25,139215964,dei:EntityCommonStockSharesOutstanding
HAS,2024-07-31,2024-07-26,139407124,dei:EntityCommonStockSharesOutstanding
HAS,2024-10-31,2024-10-28,139501418,dei:EntityCommonStockSharesOutstanding
HAS,2025-02-27,2025-02-14,139531311,dei:EntityCommonStockSharesOutstanding
HAS,2025-05-06,2025-04-24,140129383,dei:EntityCommonStockSharesOutstanding
HAS,2025-07-31,2025-07-21,140232540,dei:EntityCommonStockSharesOutstanding
HAS,2025-11-05,2025-10-31,140337023,dei:EntityCommonStockSharesOutstanding
HAS,2026-02-25,2026-02-13,140685758,dei:EntityCommonStockSharesOutstanding
HAS,2026-05-13,2026-05-01,141490692,dei:EntityCommonStockSharesOutstanding
HOLX,2009-08-06,2009-08-03,256632632,dei:EntityCommonStockSharesOutstanding
HOLX,2009-11-24,2009-11-18,257963830,dei:EntityCommonStockSharesOutstanding
HOLX,2010-02-04,2010-02-01,258458793,dei:EntityCommonStockSharesOutstanding
HOLX,2010-05-06,2010-05-03,259087850,dei:EntityCommonStockSharesOutstanding
HOLX,2010-08-05,2010-08-02,259151104,dei:EntityCommonStockSharesOutstanding
HOLX,2010-11-24,2010-11-17,259890069,dei:EntityCommonStockSharesOutstanding
HOLX,2011-02-03,2011-01-28,260812309,dei:EntityCommonStockSharesOutstanding
HOLX,2011-05-05,2011-04-28,261528539,dei:EntityCommonStockSharesOutstanding
HOLX,2011-08-04,2011-07-28,262137104,dei:EntityCommonStockSharesOutstanding
HOLX,2011-11-23,2011-11-16,263116399,dei:EntityCommonStockSharesOutstanding
HOLX,2012-02-02,2012-01-26,263777305,dei:EntityCommonStockSharesOutstanding
HOLX,2012-05-03,2012-04-25,264576839,dei:EntityCommonStockSharesOutstanding
HOLX,2012-08-02,2012-07-26,264694835,dei:EntityCommonStockSharesOutstanding
HOLX,2012-11-28,2012-11-20,266770196,dei:EntityCommonStockSharesOutstanding
HOLX,2013-02-07,2013-01-30,267696863,dei:EntityCommonStockSharesOutstanding
HOLX,2013-05-09,2013-05-02,269305920,dei:EntityCommonStockSharesOutstanding
HOLX,2013-08-07,2013-08-01,270441506,dei:EntityCommonStockSharesOutstanding
HOLX,2013-11-26,2013-11-18,273128747,dei:EntityCommonStockSharesOutstanding
HOLX,2014-02-06,2014-01-29,274388977,dei:EntityCommonStockSharesOutstanding
HOLX,2014-05-02,2014-04-28,276320003,dei:EntityCommonStockSharesOutstanding
HOLX,2014-07-31,2014-07-28,277759686,dei:EntityCommonStockSharesOutstanding
HOLX,2014-11-20,2014-11-14,278664059,dei:EntityCommonStockSharesOutstanding
HOLX,2015-01-29,2015-01-23,279950539,dei:EntityCommonStockSharesOutstanding
HOLX,2015-04-30,2015-04-24,280969986,dei:EntityCommonStockSharesOutstanding
HOLX,2015-07-29,2015-07-24,281802585,dei:EntityCommonStockSharesOutstanding
HOLX,2015-11-19,2015-11-13,282905150,dei:EntityCommonStockSharesOutstanding
HOLX,2016-01-27,2016-01-22,283818060,dei:EntityCommonStockSharesOutstanding
HOLX,2016-04-27,2016-04-22,278829786,dei:EntityCommonStockSharesOutstanding
HOLX,2016-07-27,2016-07-22,277422856,dei:EntityCommonStockSharesOutstanding
HOLX,2016-11-17,2016-11-11,278215876,dei:EntityCommonStockSharesOutstanding
HOLX,2017-02-03,2017-01-27,279296249,dei:EntityCommonStockSharesOutstanding
HOLX,2017-05-10,2017-05-05,280010877,dei:EntityCommonStockSharesOutstanding
HOLX,2017-08-02,2017-07-31,280473469,dei:EntityCommonStockSharesOutstanding
HOLX,2017-11-21,2017-11-14,275683548,dei:EntityCommonStockSharesOutstanding
HOLX,2018-02-08,2018-02-05,276529054,dei:EntityCommonStockSharesOutstanding
HOLX,2018-05-02,2018-04-27,273010940,dei:EntityCommonStockSharesOutstanding
HOLX,2018-07-31,2018-07-26,272122768,dei:EntityCommonStockSharesOutstanding
HOLX,2018-11-20,2018-11-15,289212857,dei:EntityCommonStockSharesOutstanding
HOLX,2019-01-30,2018-12-29,291314767,dei:EntityCommonStockSharesOutstanding
HOLX,2019-05-01,2019-03-30,268050138,dei:EntityCommonStockSharesOutstanding
HOLX,2019-07-31,2019-07-25,267306101,dei:EntityCommonStockSharesOutstanding
HOLX,2019-11-27,2019-11-21,268145411,dei:EntityCommonStockSharesOutstanding
HOLX,2020-01-29,2020-01-23,263302012,dei:EntityCommonStockSharesOutstanding
HOLX,2020-04-29,2020-04-23,258205678,dei:EntityCommonStockSharesOutstanding
HOLX,2020-07-29,2020-07-23,258985242,dei:EntityCommonStockSharesOutstanding
HOLX,2020-11-17,2020-11-12,257009683,dei:EntityCommonStockSharesOutstanding
HOLX,2021-01-27,2021-01-21,257661792,dei:EntityCommonStockSharesOutstanding
HOLX,2021-04-28,2021-04-22,256233027,dei:EntityCommonStockSharesOutstanding
HOLX,2021-07-28,2021-07-22,253487389,dei:EntityCommonStockSharesOutstanding
HOLX,2021-11-16,2021-11-11,251420529,dei:EntityCommonStockSharesOutstanding
HOLX,2022-02-02,2022-01-27,249984116,dei:EntityCommonStockSharesOutstanding
HOLX,2022-04-27,2022-04-21,249380946,dei:EntityCommonStockSharesOutstanding
HOLX,2022-07-27,2022-07-21,249653133,dei:EntityCommonStockSharesOutstanding
HOLX,2022-11-15,2022-11-10,245833759,dei:EntityCommonStockSharesOutstanding
HOLX,2023-02-01,2023-01-26,246554026,dei:EntityCommonStockSharesOutstanding
HOLX,2023-05-02,2023-04-25,246118192,dei:EntityCommonStockSharesOutstanding
HOLX,2023-08-01,2023-07-25,244942081,dei:EntityCommonStockSharesOutstanding
HOLX,2023-11-21,2023-11-14,240002802,dei:EntityCommonStockSharesOutstanding
HOLX,2024-02-02,2024-01-25,234731521,dei:EntityCommonStockSharesOutstanding
HOLX,2024-05-03,2024-04-25,233376948,dei:EntityCommonStockSharesOutstanding
HOLX,2024-07-30,2024-07-25,232271906,dei:EntityCommonStockSharesOutstanding
HOLX,2024-11-27,2024-11-21,226941217,dei:EntityCommonStockSharesOutstanding
HOLX,2025-02-06,2025-01-31,224389612,dei:EntityCommonStockSharesOutstanding
HOLX,2025-05-02,2025-04-25,222845246,dei:EntityCommonStockSharesOutstanding
HOLX,2025-07-31,2025-07-25,222419282,dei:EntityCommonStockSharesOutstanding
HOLX,2025-11-18,2025-11-13,222905228,dei:EntityCommonStockSharesOutstanding
HOLX,2026-01-22,2026-01-16,223244905,dei:EntityCommonStockSharesOutstanding
HOLX,2026-01-29,2026-01-23,223244905,dei:EntityCommonStockSharesOutstanding
HON,2009-08-03,2009-06-30,752054121,dei:EntityCommonStockSharesOutstanding
HON,2009-10-23,2009-09-30,763044336,dei:EntityCommonStockSharesOutstanding
HON,2010-02-12,2010-01-31,764552212,dei:EntityCommonStockSharesOutstanding
HON,2010-04-23,2010-03-31,766182091,dei:EntityCommonStockSharesOutstanding
HON,2010-08-05,2010-06-30,772209603,dei:EntityCommonStockSharesOutstanding
HON,2010-10-22,2010-09-30,780172636,dei:EntityCommonStockSharesOutstanding
HON,2011-02-11,2010-12-31,784122288,dei:EntityCommonStockSharesOutstanding
HON,2011-04-21,2011-03-31,787008455,dei:EntityCommonStockSharesOutstanding
HON,2011-07-22,2011-06-30,782425252,dei:EntityCommonStockSharesOutstanding
HON,2011-10-21,2011-09-30,773497365,dei:EntityCommonStockSharesOutstanding
HON,2012-02-17,2012-01-31,775363731,dei:EntityCommonStockSharesOutstanding
HON,2012-04-20,2012-03-31,779180571,dei:EntityCommonStockSharesOutstanding
HON,2012-07-18,2012-06-30,780568568,dei:EntityCommonStockSharesOutstanding
HON,2012-10-19,2012-09-30,783372166,dei:EntityCommonStockSharesOutstanding
HON,2013-02-15,2013-01-25,783787893,dei:EntityCommonStockSharesOutstanding
HON,2013-04-19,2013-03-31,786783943,dei:EntityCommonStockSharesOutstanding
HON,2013-07-19,2013-06-30,784843143,dei:EntityCommonStockSharesOutstanding
HON,2013-10-18,2013-09-30,784672734,dei:EntityCommonStockSharesOutstanding
HON,2014-02-14,2014-01-25,784131620,dei:EntityCommonStockSharesOutstanding
HON,2014-04-17,2014-03-31,783120221,dei:EntityCommonStockSharesOutstanding
HON,2014-07-18,2014-06-30,782543677,dei:EntityCommonStockSharesOutstanding
HON,2014-10-17,2014-09-30,782810325,dei:EntityCommonStockSharesOutstanding
HON,2015-02-13,2015-01-23,782663047,dei:EntityCommonStockSharesOutstanding
HON,2015-04-17,2015-03-31,781707489,dei:EntityCommonStockSharesOutstanding
HON,2015-07-17,2015-06-30,781762407,dei:EntityCommonStockSharesOutstanding
HON,2015-10-16,2015-09-30,770691419,dei:EntityCommonStockSharesOutstanding
HON,2016-02-12,2016-01-29,769322910,dei:EntityCommonStockSharesOutstanding
HON,2016-04-22,2016-03-31,762115463,dei:EntityCommonStockSharesOutstanding
HON,2016-07-22,2016-06-30,760874673,dei:EntityCommonStockSharesOutstanding
HON,2016-10-21,2016-09-30,762124709,dei:EntityCommonStockSharesOutstanding
HON,2017-02-10,2017-01-27,761194241,dei:EntityCommonStockSharesOutstanding
HON,2017-04-21,2017-03-31,762338156,dei:EntityCommonStockSharesOutstanding
HON,2017-07-21,2017-06-30,760569169,dei:EntityCommonStockSharesOutstanding
HON,2017-10-20,2017-09-30,761822773,dei:EntityCommonStockSharesOutstanding
HON,2018-02-09,2018-01-26,752002033,dei:EntityCommonStockSharesOutstanding
HON,2018-04-20,2018-03-31,746929832,dei:EntityCommonStockSharesOutstanding
HON,2018-07-20,2018-06-30,742610527,dei:EntityCommonStockSharesOutstanding
HON,2018-10-19,2018-09-30,740288303,dei:EntityCommonStockSharesOutstanding
HON,2019-02-08,2019-01-25,729085890,dei:EntityCommonStockSharesOutstanding
HON,2019-04-18,2019-03-31,727742035,dei:EntityCommonStockSharesOutstanding
HON,2019-07-18,2019-06-30,719508043,dei:EntityCommonStockSharesOutstanding
HON,2019-10-17,2019-09-30,714533499,dei:EntityCommonStockSharesOutstanding
HON,2020-02-14,2020-01-25,712599803,dei:EntityCommonStockSharesOutstanding
HON,2020-05-01,2020-03-31,701847786,dei:EntityCommonStockSharesOutstanding
HON,2020-07-24,2020-06-30,701783165,dei:EntityCommonStockSharesOutstanding
HON,2020-10-30,2020-09-30,701685768,dei:EntityCommonStockSharesOutstanding
HON,2021-02-12,2021-01-29,695501159,dei:EntityCommonStockSharesOutstanding
HON,2021-04-23,2021-03-31,694555603,dei:EntityCommonStockSharesOutstanding
HON,2021-07-23,2021-06-30,690399265,dei:EntityCommonStockSharesOutstanding
HON,2021-10-22,2021-09-30,688422975,dei:EntityCommonStockSharesOutstanding
HON,2022-02-11,2022-01-28,685818771,dei:EntityCommonStockSharesOutstanding
HON,2022-04-29,2022-03-31,680732930,dei:EntityCommonStockSharesOutstanding
HON,2022-07-28,2022-06-30,673692317,dei:EntityCommonStockSharesOutstanding
HON,2022-10-27,2022-09-30,672322232,dei:EntityCommonStockSharesOutstanding
HON,2023-02-10,2023-01-27,668140252,dei:EntityCommonStockSharesOutstanding
HON,2023-04-27,2023-03-31,665676749,dei:EntityCommonStockSharesOutstanding
HON,2023-07-27,2023-06-30,663961433,dei:EntityCommonStockSharesOutstanding
HON,2023-10-26,2023-09-30,659250644,dei:EntityCommonStockSharesOutstanding
HON,2024-02-16,2024-01-26,652181812,dei:EntityCommonStockSharesOutstanding
HON,2024-04-25,2024-03-31,651185513,dei:EntityCommonStockSharesOutstanding
HON,2024-07-25,2024-06-30,649671200,dei:EntityCommonStockSharesOutstanding
HON,2024-10-24,2024-09-30,650247380,dei:EntityCommonStockSharesOutstanding
HON,2025-02-14,2025-01-24,649918551,dei:EntityCommonStockSharesOutstanding
HON,2025-04-29,2025-03-31,642682909,dei:EntityCommonStockSharesOutstanding
HON,2025-07-24,2025-06-30,634896562,dei:EntityCommonStockSharesOutstanding
HON,2025-10-23,2025-09-30,634887208,dei:EntityCommonStockSharesOutstanding
HON,2026-02-17,2026-01-23,635675701,dei:EntityCommonStockSharesOutstanding
HON,2026-04-23,2026-03-31,633653119,dei:EntityCommonStockSharesOutstanding
HSIC,2010-08-02,2010-07-23,91516274,dei:EntityCommonStockSharesOutstanding
HSIC,2010-10-29,2010-10-22,92273142,dei:EntityCommonStockSharesOutstanding
HSIC,2011-02-22,2011-02-11,91897104,dei:EntityCommonStockSharesOutstanding
HSIC,2011-05-03,2011-04-25,92251522,dei:EntityCommonStockSharesOutstanding
HSIC,2011-08-02,2011-07-22,92415293,dei:EntityCommonStockSharesOutstanding
HSIC,2011-11-01,2011-10-21,90360895,dei:EntityCommonStockSharesOutstanding
HSIC,2012-02-15,2012-02-06,89775409,dei:EntityCommonStockSharesOutstanding
HSIC,2012-05-08,2012-04-25,89864987,dei:EntityCommonStockSharesOutstanding
HSIC,2012-08-02,2012-07-23,88529318,dei:EntityCommonStockSharesOutstanding
HSIC,2012-11-07,2012-10-29,87994041,dei:EntityCommonStockSharesOutstanding
HSIC,2013-02-13,2013-02-04,87573322,dei:EntityCommonStockSharesOutstanding
HSIC,2013-05-07,2013-04-26,87132889,dei:EntityCommonStockSharesOutstanding
HSIC,2013-08-06,2013-07-26,86491195,dei:EntityCommonStockSharesOutstanding
HSIC,2013-11-05,2013-10-25,85854069,dei:EntityCommonStockSharesOutstanding
HSIC,2014-02-11,2014-02-03,85440027,dei:EntityCommonStockSharesOutstanding
HSIC,2014-05-06,2014-04-28,85364454,dei:EntityCommonStockSharesOutstanding
HSIC,2014-08-04,2014-07-28,84832600,dei:EntityCommonStockSharesOutstanding
HSIC,2014-11-06,2014-10-29,84214715,dei:EntityCommonStockSharesOutstanding
HSIC,2015-02-11,2015-02-02,83801860,dei:EntityCommonStockSharesOutstanding
HSIC,2015-05-04,2015-04-27,83619111,dei:EntityCommonStockSharesOutstanding
HSIC,2015-07-29,2015-07-24,83396962,dei:EntityCommonStockSharesOutstanding
HSIC,2015-11-04,2015-10-26,82925764,dei:EntityCommonStockSharesOutstanding
HSIC,2016-02-10,2016-02-05,81942080,dei:EntityCommonStockSharesOutstanding
HSIC,2016-05-03,2016-04-28,82066386,dei:EntityCommonStockSharesOutstanding
HSIC,2016-08-04,2016-07-27,81796216,dei:EntityCommonStockSharesOutstanding
HSIC,2016-11-02,2016-10-24,80490951,dei:EntityCommonStockSharesOutstanding
HSIC,2017-02-21,2017-02-16,79196697,dei:EntityCommonStockSharesOutstanding
HSIC,2017-05-09,2017-05-03,79329460,dei:EntityCommonStockSharesOutstanding
HSIC,2017-08-08,2017-08-02,79055985,dei:EntityCommonStockSharesOutstanding
HSIC,2017-11-06,2017-10-31,156954392,dei:EntityCommonStockSharesOutstanding
HSIC,2018-02-21,2018-02-15,153694200,dei:EntityCommonStockSharesOutstanding
HSIC,2018-05-08,2018-05-02,154025003,dei:EntityCommonStockSharesOutstanding
HSIC,2018-08-06,2018-07-30,153111471,dei:EntityCommonStockSharesOutstanding
HSIC,2018-11-06,2018-10-29,152437680,dei:EntityCommonStockSharesOutstanding
HSIC,2019-02-20,2019-02-12,151403703,dei:EntityCommonStockSharesOutstanding
HSIC,2019-05-07,2019-04-29,149074485,dei:EntityCommonStockSharesOutstanding
HSIC,2019-08-06,2019-07-29,148259226,dei:EntityCommonStockSharesOutstanding
HSIC,2019-11-05,2019-10-28,146740149,dei:EntityCommonStockSharesOutstanding
HSIC,2020-02-20,2020-02-14,143390505,dei:EntityCommonStockSharesOutstanding
HSIC,2020-05-05,2020-04-27,142756052,dei:EntityCommonStockSharesOutstanding
HSIC,2020-08-04,2020-07-27,142767758,dei:EntityCommonStockSharesOutstanding
HSIC,2020-11-02,2020-10-26,142776158,dei:EntityCommonStockSharesOutstanding
HSIC,2021-02-17,2021-02-08,142464090,dei:EntityCommonStockSharesOutstanding
HSIC,2021-05-04,2021-04-26,140696094,dei:EntityCommonStockSharesOutstanding
HSIC,2021-08-03,2021-07-26,139693210,dei:EntityCommonStockSharesOutstanding
HSIC,2021-11-02,2021-10-25,138674412,dei:EntityCommonStockSharesOutstanding
HSIC,2022-02-15,2022-02-07,137172800,dei:EntityCommonStockSharesOutstanding
HSIC,2022-05-03,2022-04-25,138050781,dei:EntityCommonStockSharesOutstanding
HSIC,2022-08-02,2022-07-25,136114744,dei:EntityCommonStockSharesOutstanding
HSIC,2022-11-01,2022-10-24,135547575,dei:EntityCommonStockSharesOutstanding
HSIC,2023-02-21,2023-02-07,131283515,dei:EntityCommonStockSharesOutstanding
HSIC,2023-05-09,2023-05-01,131003202,dei:EntityCommonStockSharesOutstanding
HSIC,2023-08-07,2023-07-31,130584592,dei:EntityCommonStockSharesOutstanding
HSIC,2023-11-28,2023-11-13,129938341,dei:EntityCommonStockSharesOutstanding
HSIC,2024-02-28,2024-02-20,128505719,dei:EntityCommonStockSharesOutstanding
HSIC,2024-05-07,2024-04-29,128050943,dei:EntityCommonStockSharesOutstanding
HSIC,2024-08-06,2024-07-29,126707799,dei:EntityCommonStockSharesOutstanding
HSIC,2024-11-05,2024-10-28,124681294,dei:EntityCommonStockSharesOutstanding
HSIC,2025-02-25,2025-02-18,124176781,dei:EntityCommonStockSharesOutstanding
HSIC,2025-05-05,2025-04-28,121719546,dei:EntityCommonStockSharesOutstanding
HSIC,2025-08-05,2025-07-28,121268398,dei:EntityCommonStockSharesOutstanding
HSIC,2025-11-04,2025-10-27,117724807,dei:EntityCommonStockSharesOutstanding
HSIC,2026-02-24,2026-02-17,114704121,dei:EntityCommonStockSharesOutstanding
HSIC,2026-05-05,2026-04-27,113916757,dei:EntityCommonStockSharesOutstanding
IDXX,2010-07-23,2010-07-19,57705856,dei:EntityCommonStockSharesOutstanding
IDXX,2010-10-22,2010-10-18,57503819,dei:EntityCommonStockSharesOutstanding
IDXX,2011-02-22,2011-02-11,57335339,dei:EntityCommonStockSharesOutstanding
IDXX,2011-04-21,2011-04-18,57344180,dei:EntityCommonStockSharesOutstanding
IDXX,2011-07-22,2011-07-15,56844037,dei:EntityCommonStockSharesOutstanding
IDXX,2011-10-21,2011-10-14,56148671,dei:EntityCommonStockSharesOutstanding
IDXX,2012-02-17,2012-02-10,55054045,dei:EntityCommonStockSharesOutstanding
IDXX,2012-04-20,2012-04-10,55037413,dei:EntityCommonStockSharesOutstanding
IDXX,2012-07-20,2012-07-10,56866885,dei:EntityCommonStockSharesOutstanding
IDXX,2012-10-19,2012-10-09,54672689,dei:EntityCommonStockSharesOutstanding
IDXX,2013-02-19,2013-02-08,54579344,dei:EntityCommonStockSharesOutstanding
IDXX,2013-04-23,2013-04-12,54102977,dei:EntityCommonStockSharesOutstanding
IDXX,2013-07-23,2013-07-12,52543085,dei:EntityCommonStockSharesOutstanding
IDXX,2013-10-22,2013-10-11,51894238,dei:EntityCommonStockSharesOutstanding
IDXX,2014-02-18,2014-02-07,51599863,dei:EntityCommonStockSharesOutstanding
IDXX,2014-04-25,2014-04-16,51304867,dei:EntityCommonStockSharesOutstanding
IDXX,2014-07-25,2014-07-16,50270039,dei:EntityCommonStockSharesOutstanding
IDXX,2014-10-24,2014-10-15,47682364,dei:EntityCommonStockSharesOutstanding
IDXX,2015-02-17,2015-02-06,47125601,dei:EntityCommonStockSharesOutstanding
IDXX,2015-04-28,2015-04-17,46795634,dei:EntityCommonStockSharesOutstanding
IDXX,2015-07-30,2015-07-20,92005024,dei:EntityCommonStockSharesOutstanding
IDXX,2015-10-28,2015-10-19,90963542,dei:EntityCommonStockSharesOutstanding
IDXX,2016-02-17,2016-02-05,89638022,dei:EntityCommonStockSharesOutstanding
IDXX,2016-04-29,2016-04-20,89531171,dei:EntityCommonStockSharesOutstanding
IDXX,2016-08-02,2016-07-20,89540618,dei:EntityCommonStockSharesOutstanding
IDXX,2016-11-01,2016-10-25,89658209,dei:EntityCommonStockSharesOutstanding
IDXX,2017-02-17,2017-02-06,88005221,dei:EntityCommonStockSharesOutstanding
IDXX,2017-04-28,2017-04-25,88123451,dei:EntityCommonStockSharesOutstanding
IDXX,2017-08-01,2017-07-25,87275817,dei:EntityCommonStockSharesOutstanding
IDXX,2017-10-31,2017-10-24,87218713,dei:EntityCommonStockSharesOutstanding
IDXX,2018-02-16,2018-02-06,87122794,dei:EntityCommonStockSharesOutstanding
IDXX,2018-05-04,2018-04-27,86863215,dei:EntityCommonStockSharesOutstanding
IDXX,2018-08-01,2018-07-25,86590964,dei:EntityCommonStockSharesOutstanding
IDXX,2018-11-01,2018-10-29,86233649,dei:EntityCommonStockSharesOutstanding
IDXX,2019-02-15,2019-02-12,86006526,dei:EntityCommonStockSharesOutstanding
IDXX,2019-05-01,2019-04-26,86006332,dei:EntityCommonStockSharesOutstanding
IDXX,2019-08-01,2019-07-29,86090077,dei:EntityCommonStockSharesOutstanding
IDXX,2019-10-31,2019-10-28,85782572,dei:EntityCommonStockSharesOutstanding
IDXX,2020-02-14,2020-02-10,85329642,dei:EntityCommonStockSharesOutstanding
IDXX,2020-04-30,2020-04-27,84932969,dei:EntityCommonStockSharesOutstanding
IDXX,2020-07-31,2020-07-27,85054677,dei:EntityCommonStockSharesOutstanding
IDXX,2020-10-29,2020-10-26,85299893,dei:EntityCommonStockSharesOutstanding
IDXX,2021-02-12,2021-02-09,85426080,dei:EntityCommonStockSharesOutstanding
IDXX,2021-05-04,2021-04-29,85280654,dei:EntityCommonStockSharesOutstanding
IDXX,2021-07-30,2021-07-26,85075932,dei:EntityCommonStockSharesOutstanding
IDXX,2021-11-02,2021-10-27,84793608,dei:EntityCommonStockSharesOutstanding
IDXX,2022-02-16,2022-02-02,84249085,dei:EntityCommonStockSharesOutstanding
IDXX,2022-05-04,2022-04-29,84007233,dei:EntityCommonStockSharesOutstanding
IDXX,2022-08-02,2022-07-27,83253705,dei:EntityCommonStockSharesOutstanding
IDXX,2022-11-01,2022-10-28,82816957,dei:EntityCommonStockSharesOutstanding
IDXX,2023-02-16,2023-02-10,82903371,dei:EntityCommonStockSharesOutstanding
IDXX,2023-05-02,2023-04-25,83004936,dei:EntityCommonStockSharesOutstanding
IDXX,2023-08-01,2023-07-27,83012408,dei:EntityCommonStockSharesOutstanding
IDXX,2023-11-01,2023-10-27,83051702,dei:EntityCommonStockSharesOutstanding
IDXX,2024-02-22,2024-02-12,83089381,dei:EntityCommonStockSharesOutstanding
IDXX,2024-05-01,2024-04-26,82587328,dei:EntityCommonStockSharesOutstanding
IDXX,2024-08-06,2024-08-01,82305898,dei:EntityCommonStockSharesOutstanding
IDXX,2024-10-31,2024-10-28,81884664,dei:EntityCommonStockSharesOutstanding
IDXX,2025-02-21,2025-02-12,81328233,dei:EntityCommonStockSharesOutstanding
IDXX,2025-05-01,2025-04-28,80421917,dei:EntityCommonStockSharesOutstanding
IDXX,2025-08-04,2025-07-29,80004694,dei:EntityCommonStockSharesOutstanding
IDXX,2025-11-03,2025-10-29,79851330,dei:EntityCommonStockSharesOutstanding
IDXX,2026-02-20,2026-02-13,79624034,dei:EntityCommonStockSharesOutstanding
IDXX,2026-05-05,2026-04-30,78882997,dei:EntityCommonStockSharesOutstanding
ILMN,2010-08-04,2010-07-15,124285833,dei:EntityCommonStockSharesOutstanding
ILMN,2010-11-05,2010-10-15,125043975,dei:EntityCommonStockSharesOutstanding
ILMN,2011-02-28,2011-02-04,127626004,dei:EntityCommonStockSharesOutstanding
ILMN,2011-05-04,2011-04-15,123132000,dei:EntityCommonStockSharesOutstanding
ILMN,2011-08-10,2011-07-15,124339763,dei:EntityCommonStockSharesOutstanding
ILMN,2011-11-04,2011-10-15,121439286,dei:EntityCommonStockSharesOutstanding
ILMN,2012-02-24,2012-01-31,122327021,dei:EntityCommonStockSharesOutstanding
ILMN,2012-05-03,2012-04-13,123448010,dei:EntityCommonStockSharesOutstanding
ILMN,2012-07-30,2012-07-13,122989910,dei:EntityCommonStockSharesOutstanding
ILMN,2012-10-29,2012-10-12,123383865,dei:EntityCommonStockSharesOutstanding
ILMN,2013-02-15,2013-01-31,124040754,dei:EntityCommonStockSharesOutstanding
ILMN,2013-05-01,2013-04-12,124378537,dei:EntityCommonStockSharesOutstanding
ILMN,2013-07-29,2013-07-10,125120781,dei:EntityCommonStockSharesOutstanding
ILMN,2013-11-06,2013-10-09,126396050,dei:EntityCommonStockSharesOutstanding
ILMN,2014-02-18,2014-01-31,128200000,dei:EntityCommonStockSharesOutstanding
ILMN,2014-05-07,2014-04-11,128400000,dei:EntityCommonStockSharesOutstanding
ILMN,2014-08-01,2014-07-10,139400000,dei:EntityCommonStockSharesOutstanding
ILMN,2014-10-29,2014-10-08,142000000,dei:EntityCommonStockSharesOutstanding
ILMN,2015-02-18,2015-01-30,143800000,dei:EntityCommonStockSharesOutstanding
ILMN,2015-05-01,2015-04-10,144100000,dei:EntityCommonStockSharesOutstanding
ILMN,2015-07-31,2015-07-09,144700000,dei:EntityCommonStockSharesOutstanding
ILMN,2015-11-02,2015-10-08,146400000,dei:EntityCommonStockSharesOutstanding
ILMN,2016-03-02,2016-02-19,147000000,dei:EntityCommonStockSharesOutstanding
ILMN,2016-05-09,2016-04-29,147200000,dei:EntityCommonStockSharesOutstanding
ILMN,2016-08-02,2016-07-22,146600000,dei:EntityCommonStockSharesOutstanding
ILMN,2016-11-08,2016-10-21,146900000,dei:EntityCommonStockSharesOutstanding
ILMN,2017-02-14,2017-02-03,146300000,dei:EntityCommonStockSharesOutstanding
ILMN,2017-05-05,2017-04-21,146000000,dei:EntityCommonStockSharesOutstanding
ILMN,2017-08-03,2017-07-28,146000000,dei:EntityCommonStockSharesOutstanding
ILMN,2017-10-25,2017-10-20,146000000,dei:EntityCommonStockSharesOutstanding
ILMN,2018-02-13,2018-02-09,147000000,dei:EntityCommonStockSharesOutstanding
ILMN,2018-04-25,2018-04-20,147000000,dei:EntityCommonStockSharesOutstanding
ILMN,2018-07-31,2018-07-27,147000000,dei:EntityCommonStockSharesOutstanding
ILMN,2018-10-24,2018-10-19,147000000,dei:EntityCommonStockSharesOutstanding
ILMN,2019-02-12,2019-02-08,147000000,dei:EntityCommonStockSharesOutstanding
ILMN,2019-04-26,2019-04-18,147000000,dei:EntityCommonStockSharesOutstanding
ILMN,2019-07-31,2019-07-26,147000000,dei:EntityCommonStockSharesOutstanding
ILMN,2019-10-25,2019-10-18,147000000,dei:EntityCommonStockSharesOutstanding
ILMN,2020-02-11,2020-02-07,147000000,dei:EntityCommonStockSharesOutstanding
ILMN,2020-05-01,2020-04-24,147000000,dei:EntityCommonStockSharesOutstanding
ILMN,2020-08-07,2020-07-31,146000000,dei:EntityCommonStockSharesOutstanding
ILMN,2020-10-30,2020-10-23,146000000,dei:EntityCommonStockSharesOutstanding
ILMN,2021-02-17,2021-02-12,145900000,dei:EntityCommonStockSharesOutstanding
ILMN,2021-04-28,2021-04-23,146000000,dei:EntityCommonStockSharesOutstanding
ILMN,2021-08-06,2021-07-30,146700000,dei:EntityCommonStockSharesOutstanding
ILMN,2021-11-05,2021-10-29,156300000,dei:EntityCommonStockSharesOutstanding
ILMN,2022-02-18,2022-02-11,157000000,dei:EntityCommonStockSharesOutstanding
ILMN,2022-05-05,2022-04-29,157100000,dei:EntityCommonStockSharesOutstanding
ILMN,2022-08-11,2022-08-05,157300000,dei:EntityCommonStockSharesOutstanding
ILMN,2022-11-04,2022-10-28,157300000,dei:EntityCommonStockSharesOutstanding
ILMN,2023-02-17,2023-02-10,158000000,dei:EntityCommonStockSharesOutstanding
ILMN,2023-05-05,2023-04-28,158100000,dei:EntityCommonStockSharesOutstanding
ILMN,2023-08-10,2023-08-04,158300000,dei:EntityCommonStockSharesOutstanding
ILMN,2023-11-13,2023-11-06,158800000,dei:EntityCommonStockSharesOutstanding
ILMN,2024-02-16,2024-02-09,158900000,dei:EntityCommonStockSharesOutstanding
ILMN,2024-05-03,2024-04-26,159300000,dei:EntityCommonStockSharesOutstanding
ILMN,2024-08-07,2024-08-02,159300000,dei:EntityCommonStockSharesOutstanding
ILMN,2024-11-06,2024-11-01,158600000,dei:EntityCommonStockSharesOutstanding
ILMN,2025-02-12,2025-02-07,158400000,dei:EntityCommonStockSharesOutstanding
ILMN,2025-05-09,2025-05-02,158300000,dei:EntityCommonStockSharesOutstanding
ILMN,2025-08-01,2025-07-25,153700000,dei:EntityCommonStockSharesOutstanding
ILMN,2025-10-31,2025-10-24,152800000,dei:EntityCommonStockSharesOutstanding
ILMN,2026-02-12,2026-02-06,152900000,dei:EntityCommonStockSharesOutstanding
ILMN,2026-05-04,2026-04-24,151300000,dei:EntityCommonStockSharesOutstanding
INCY,2011-05-03,2011-04-29,124585982,dei:EntityCommonStockSharesOutstanding
INCY,2011-07-28,2011-07-25,126239670,dei:EntityCommonStockSharesOutstanding
INCY,2011-10-27,2011-10-20,126305547,dei:EntityCommonStockSharesOutstanding
INCY,2012-02-22,2012-02-21,127333906,dei:EntityCommonStockSharesOutstanding
INCY,2012-04-26,2012-04-19,128095360,dei:EntityCommonStockSharesOutstanding
INCY,2012-08-03,2012-07-31,130779830,dei:EntityCommonStockSharesOutstanding
INCY,2012-11-01,2012-10-25,131207611,dei:EntityCommonStockSharesOutstanding
INCY,2013-02-21,2013-02-21,133896893,dei:EntityCommonStockSharesOutstanding
INCY,2013-05-02,2013-04-25,135749206,dei:EntityCommonStockSharesOutstanding
INCY,2013-08-01,2013-07-25,153061917,dei:EntityCommonStockSharesOutstanding
INCY,2013-10-31,2013-10-24,161119554,dei:EntityCommonStockSharesOutstanding
INCY,2014-02-21,2014-02-19,165536632,dei:EntityCommonStockSharesOutstanding
INCY,2014-05-01,2014-04-24,167627959,dei:EntityCommonStockSharesOutstanding
INCY,2014-07-31,2014-07-24,168411943,dei:EntityCommonStockSharesOutstanding
INCY,2014-10-30,2014-10-23,168941857,dei:EntityCommonStockSharesOutstanding
INCY,2015-02-17,2015-02-09,171765591,dei:EntityCommonStockSharesOutstanding
INCY,2015-04-30,2015-04-23,179042841,dei:EntityCommonStockSharesOutstanding
INCY,2015-08-04,2015-07-29,180482542,dei:EntityCommonStockSharesOutstanding
INCY,2015-11-03,2015-10-23,186001815,dei:EntityCommonStockSharesOutstanding
INCY,2016-02-12,2016-02-05,187199761,dei:EntityCommonStockSharesOutstanding
INCY,2016-05-09,2016-05-03,187619384,dei:EntityCommonStockSharesOutstanding
INCY,2016-08-09,2016-08-02,188002918,dei:EntityCommonStockSharesOutstanding
INCY,2016-11-01,2016-10-25,188385146,dei:EntityCommonStockSharesOutstanding
INCY,2017-02-14,2017-02-07,189408381,dei:EntityCommonStockSharesOutstanding
INCY,2017-05-04,2017-04-27,204774409,dei:EntityCommonStockSharesOutstanding
INCY,2017-08-01,2017-07-25,205704731,dei:EntityCommonStockSharesOutstanding
INCY,2017-10-31,2017-10-25,211037309,dei:EntityCommonStockSharesOutstanding
INCY,2018-02-15,2018-02-08,211663861,dei:EntityCommonStockSharesOutstanding
INCY,2018-05-01,2018-04-24,211969163,dei:EntityCommonStockSharesOutstanding
INCY,2018-07-31,2018-07-24,212577449,dei:EntityCommonStockSharesOutstanding
INCY,2018-10-30,2018-10-23,212808148,dei:EntityCommonStockSharesOutstanding
INCY,2019-02-14,2019-02-07,214048325,dei:EntityCommonStockSharesOutstanding
INCY,2019-04-30,2019-04-23,214438549,dei:EntityCommonStockSharesOutstanding
INCY,2019-07-30,2019-07-23,215066629,dei:EntityCommonStockSharesOutstanding
INCY,2019-10-29,2019-10-22,215397290,dei:EntityCommonStockSharesOutstanding
INCY,2020-02-13,2020-02-06,216775534,dei:EntityCommonStockSharesOutstanding
INCY,2020-05-05,2020-04-28,217373454,dei:EntityCommonStockSharesOutstanding
INCY,2020-08-04,2020-07-28,218699085,dei:EntityCommonStockSharesOutstanding
INCY,2020-11-05,2020-10-29,218996090,dei:EntityCommonStockSharesOutstanding
INCY,2021-02-09,2021-02-02,219843497,dei:EntityCommonStockSharesOutstanding
INCY,2021-05-04,2021-04-27,219923477,dei:EntityCommonStockSharesOutstanding
INCY,2021-08-03,2021-07-27,220835269,dei:EntityCommonStockSharesOutstanding
INCY,2021-11-02,2021-10-26,220890618,dei:EntityCommonStockSharesOutstanding
INCY,2022-02-08,2022-02-01,221325189,dei:EntityCommonStockSharesOutstanding
INCY,2022-05-03,2022-04-26,221505011,dei:EntityCommonStockSharesOutstanding
INCY,2022-08-02,2022-07-26,222430635,dei:EntityCommonStockSharesOutstanding
INCY,2022-11-01,2022-10-25,222475468,dei:EntityCommonStockSharesOutstanding
INCY,2023-02-07,2023-01-31,222965018,dei:EntityCommonStockSharesOutstanding
INCY,2023-05-02,2023-04-25,223088306,dei:EntityCommonStockSharesOutstanding
INCY,2023-08-01,2023-07-25,224087695,dei:EntityCommonStockSharesOutstanding
INCY,2023-10-31,2023-10-24,224109238,dei:EntityCommonStockSharesOutstanding
INCY,2024-02-13,2024-02-06,224526128,dei:EntityCommonStockSharesOutstanding
INCY,2024-04-30,2024-04-23,224540751,dei:EntityCommonStockSharesOutstanding
INCY,2024-07-30,2024-07-23,192598027,dei:EntityCommonStockSharesOutstanding
INCY,2024-10-29,2024-10-22,192650249,dei:EntityCommonStockSharesOutstanding
INCY,2025-02-10,2025-02-03,193524350,dei:EntityCommonStockSharesOutstanding
INCY,2025-04-29,2025-04-22,193569934,dei:EntityCommonStockSharesOutstanding
INCY,2025-07-29,2025-07-22,195276145,dei:EntityCommonStockSharesOutstanding
INCY,2025-10-28,2025-10-21,196322703,dei:EntityCommonStockSharesOutstanding
INCY,2026-02-10,2026-02-03,199014486,dei:EntityCommonStockSharesOutstanding
INCY,2026-04-28,2026-04-21,199782155,dei:EntityCommonStockSharesOutstanding
INSM,2011-08-08,2011-08-05,24833301,dei:EntityCommonStockSharesOutstanding
INSM,2011-11-09,2011-11-08,24833301,dei:EntityCommonStockSharesOutstanding
INSM,2012-03-13,2012-03-09,24863771,dei:EntityCommonStockSharesOutstanding
INSM,2012-05-08,2012-05-04,24874852,dei:EntityCommonStockSharesOutstanding
INSM,2012-08-07,2012-08-03,24874852,dei:EntityCommonStockSharesOutstanding
INSM,2012-11-07,2012-11-02,31352554,dei:EntityCommonStockSharesOutstanding
INSM,2013-03-18,2013-02-28,31563278,dei:EntityCommonStockSharesOutstanding
INSM,2013-05-07,2013-04-30,31795357,dei:EntityCommonStockSharesOutstanding
INSM,2013-08-06,2013-07-31,39012357,dei:EntityCommonStockSharesOutstanding
INSM,2013-11-05,2013-10-31,39109854,dei:EntityCommonStockSharesOutstanding
INSM,2014-03-06,2014-02-27,39263837,dei:EntityCommonStockSharesOutstanding
INSM,2014-05-08,2014-04-30,39272501,dei:EntityCommonStockSharesOutstanding
INSM,2014-08-06,2014-07-31,39283016,dei:EntityCommonStockSharesOutstanding
INSM,2014-11-06,2014-10-31,49664996,dei:EntityCommonStockSharesOutstanding
INSM,2015-02-27,2015-02-02,49994137,dei:EntityCommonStockSharesOutstanding
INSM,2015-05-07,2015-04-30,61501770,dei:EntityCommonStockSharesOutstanding
INSM,2015-08-06,2015-07-31,61760265,dei:EntityCommonStockSharesOutstanding
INSM,2015-11-06,2015-10-31,61803749,dei:EntityCommonStockSharesOutstanding
INSM,2016-02-25,2016-02-01,61857549,dei:EntityCommonStockSharesOutstanding
INSM,2016-05-05,2016-05-01,61877905,dei:EntityCommonStockSharesOutstanding
INSM,2016-08-04,2016-08-01,61877905,dei:EntityCommonStockSharesOutstanding
INSM,2016-11-03,2016-10-31,61877905,dei:EntityCommonStockSharesOutstanding
INSM,2017-02-23,2017-02-01,62023451,dei:EntityCommonStockSharesOutstanding
INSM,2017-05-03,2017-04-28,62090141,dei:EntityCommonStockSharesOutstanding
INSM,2017-08-03,2017-07-31,62377916,dei:EntityCommonStockSharesOutstanding
INSM,2017-11-02,2017-10-31,76591009,dei:EntityCommonStockSharesOutstanding
INSM,2018-02-23,2018-02-01,76617946,dei:EntityCommonStockSharesOutstanding
INSM,2018-05-02,2018-04-30,76623136,dei:EntityCommonStockSharesOutstanding
INSM,2018-08-02,2018-07-31,77040858,dei:EntityCommonStockSharesOutstanding
INSM,2018-10-30,2018-10-26,77090229,dei:EntityCommonStockSharesOutstanding
INSM,2019-02-22,2019-02-15,77538562,dei:EntityCommonStockSharesOutstanding
INSM,2019-05-07,2019-05-02,77666309,dei:EntityCommonStockSharesOutstanding
INSM,2019-08-01,2019-07-29,89207638,dei:EntityCommonStockSharesOutstanding
INSM,2019-10-30,2019-10-28,89343718,dei:EntityCommonStockSharesOutstanding
INSM,2020-02-25,2020-02-21,89775696,dei:EntityCommonStockSharesOutstanding
INSM,2020-04-30,2020-04-27,89878296,dei:EntityCommonStockSharesOutstanding
INSM,2020-08-06,2020-08-03,101480980,dei:EntityCommonStockSharesOutstanding
INSM,2020-10-29,2020-10-26,101867707,dei:EntityCommonStockSharesOutstanding
INSM,2021-02-25,2021-02-22,103043347,dei:EntityCommonStockSharesOutstanding
INSM,2021-05-06,2021-05-03,103492007,dei:EntityCommonStockSharesOutstanding
INSM,2021-08-05,2021-08-02,115246666,dei:EntityCommonStockSharesOutstanding
INSM,2021-10-28,2021-10-25,118372133,dei:EntityCommonStockSharesOutstanding
INSM,2022-02-17,2022-02-14,118904589,dei:EntityCommonStockSharesOutstanding
INSM,2022-05-05,2022-05-02,119517209,dei:EntityCommonStockSharesOutstanding
INSM,2022-08-04,2022-08-01,119975265,dei:EntityCommonStockSharesOutstanding
INSM,2022-10-27,2022-10-24,135476809,dei:EntityCommonStockSharesOutstanding
INSM,2023-02-23,2023-02-20,136405367,dei:EntityCommonStockSharesOutstanding
INSM,2023-05-04,2023-05-01,136432799,dei:EntityCommonStockSharesOutstanding
INSM,2023-08-03,2023-07-31,143800000,dei:EntityCommonStockSharesOutstanding
INSM,2023-10-26,2023-10-23,143062065,dei:EntityCommonStockSharesOutstanding
INSM,2024-02-22,2024-02-19,148491583,dei:EntityCommonStockSharesOutstanding
INSM,2024-05-09,2024-05-06,148604548,dei:EntityCommonStockSharesOutstanding
INSM,2024-08-08,2024-08-02,171849103,dei:EntityCommonStockSharesOutstanding
INSM,2024-10-31,2024-10-25,178902721,dei:EntityCommonStockSharesOutstanding
INSM,2025-02-20,2025-02-14,180999350,dei:EntityCommonStockSharesOutstanding
INSM,2025-05-08,2025-05-02,182138923,dei:EntityCommonStockSharesOutstanding
INSM,2025-08-07,2025-08-01,211374786,dei:EntityCommonStockSharesOutstanding
INSM,2025-10-30,2025-10-24,213273469,dei:EntityCommonStockSharesOutstanding
INSM,2026-02-19,2026-02-13,215551896,dei:EntityCommonStockSharesOutstanding
INSM,2026-05-07,2026-05-01,216752451,dei:EntityCommonStockSharesOutstanding
INTC,2009-08-03,2009-07-24,5598000000,dei:EntityCommonStockSharesOutstanding
INTC,2009-11-02,2009-10-23,5522000000,dei:EntityCommonStockSharesOutstanding
INTC,2010-02-22,2010-02-05,5524000000,dei:EntityCommonStockSharesOutstanding
INTC,2010-05-03,2010-04-23,5564000000,dei:EntityCommonStockSharesOutstanding
INTC,2010-07-30,2010-07-23,5568000000,dei:EntityCommonStockSharesOutstanding
INTC,2010-11-02,2010-10-22,5578000000,dei:EntityCommonStockSharesOutstanding
INTC,2011-02-18,2011-02-04,5488000000,dei:EntityCommonStockSharesOutstanding
INTC,2011-05-09,2011-04-29,5302000000,dei:EntityCommonStockSharesOutstanding
INTC,2011-08-08,2011-07-29,5251000000,dei:EntityCommonStockSharesOutstanding
INTC,2011-11-04,2011-10-28,5092000000,dei:EntityCommonStockSharesOutstanding
INTC,2012-02-23,2012-02-10,4996000000,dei:EntityCommonStockSharesOutstanding
INTC,2012-05-04,2012-04-27,5031000000,dei:EntityCommonStockSharesOutstanding
INTC,2012-08-01,2012-07-27,5003000000,dei:EntityCommonStockSharesOutstanding
INTC,2012-10-31,2012-10-19,4976000000,dei:EntityCommonStockSharesOutstanding
INTC,2013-02-19,2013-02-08,4946000000,dei:EntityCommonStockSharesOutstanding
INTC,2013-04-29,2013-04-19,4971000000,dei:EntityCommonStockSharesOutstanding
INTC,2013-07-29,2013-07-19,4982000000,dei:EntityCommonStockSharesOutstanding
INTC,2013-10-28,2013-10-18,4971000000,dei:EntityCommonStockSharesOutstanding
INTC,2014-02-14,2014-02-07,4972000000,dei:EntityCommonStockSharesOutstanding
INTC,2014-04-25,2014-04-18,4978000000,dei:EntityCommonStockSharesOutstanding
INTC,2014-07-25,2014-07-18,4951000000,dei:EntityCommonStockSharesOutstanding
INTC,2014-10-29,2014-10-17,4835000000,dei:EntityCommonStockSharesOutstanding
INTC,2015-02-13,2015-02-06,4736000000,dei:EntityCommonStockSharesOutstanding
INTC,2015-04-27,2015-04-17,4744000000,dei:EntityCommonStockSharesOutstanding
INTC,2015-07-27,2015-07-17,4754000000,dei:EntityCommonStockSharesOutstanding
INTC,2015-10-28,2015-10-16,4719000000,dei:EntityCommonStockSharesOutstanding
INTC,2016-02-12,2016-02-05,4724000000,dei:EntityCommonStockSharesOutstanding
INTC,2016-05-02,2016-04-22,4722000000,dei:EntityCommonStockSharesOutstanding
INTC,2016-08-01,2016-07-22,4731000000,dei:EntityCommonStockSharesOutstanding
INTC,2016-10-31,2016-10-01,4739000000,dei:EntityCommonStockSharesOutstanding
INTC,2017-02-17,2017-02-07,4728000000,dei:EntityCommonStockSharesOutstanding
INTC,2017-04-27,2017-04-01,4709000000,dei:EntityCommonStockSharesOutstanding
INTC,2017-07-27,2017-07-01,4699000000,dei:EntityCommonStockSharesOutstanding
INTC,2017-10-26,2017-09-30,4680000000,dei:EntityCommonStockSharesOutstanding
INTC,2018-02-16,2018-02-07,4668000000,dei:EntityCommonStockSharesOutstanding
INTC,2018-04-27,2018-03-31,4660000000,dei:EntityCommonStockSharesOutstanding
INTC,2018-07-27,2018-06-30,4611000000,dei:EntityCommonStockSharesOutstanding
INTC,2018-10-26,2018-09-29,4564000000,dei:EntityCommonStockSharesOutstanding
INTC,2019-02-01,2019-01-26,4497000000,dei:EntityCommonStockSharesOutstanding
INTC,2019-04-26,2019-03-30,4477000000,dei:EntityCommonStockSharesOutstanding
INTC,2019-07-26,2019-06-29,4430000000,dei:EntityCommonStockSharesOutstanding
INTC,2019-10-25,2019-09-28,4350000000,dei:EntityCommonStockSharesOutstanding
INTC,2020-01-24,2020-01-17,4277000000,dei:EntityCommonStockSharesOutstanding
INTC,2020-04-24,2020-03-28,4234000000,dei:EntityCommonStockSharesOutstanding
INTC,2020-07-24,2020-06-27,4253000000,dei:EntityCommonStockSharesOutstanding
INTC,2020-10-23,2020-09-26,4098000000,dei:EntityCommonStockSharesOutstanding
INTC,2021-01-22,2021-01-15,4063000000,dei:EntityCommonStockSharesOutstanding
INTC,2021-04-23,2021-03-27,4038000000,dei:EntityCommonStockSharesOutstanding
INTC,2021-07-23,2021-06-26,4057000000,dei:EntityCommonStockSharesOutstanding
INTC,2021-10-22,2021-09-25,4067000000,dei:EntityCommonStockSharesOutstanding
INTC,2022-01-27,2022-01-21,4072000000,dei:EntityCommonStockSharesOutstanding
INTC,2022-04-29,2022-04-02,4089000000,dei:EntityCommonStockSharesOutstanding
INTC,2022-07-29,2022-07-02,4106000000,dei:EntityCommonStockSharesOutstanding
INTC,2022-10-28,2022-10-01,4127000000,dei:EntityCommonStockSharesOutstanding
INTC,2023-01-27,2023-01-20,4137000000,dei:EntityCommonStockSharesOutstanding
INTC,2023-04-28,2023-04-21,4171000000,dei:EntityCommonStockSharesOutstanding
INTC,2023-07-28,2023-07-21,4188000000,dei:EntityCommonStockSharesOutstanding
INTC,2023-10-27,2023-10-20,4216000000,dei:EntityCommonStockSharesOutstanding
INTC,2024-01-26,2024-01-19,4228000000,dei:EntityCommonStockSharesOutstanding
INTC,2024-04-26,2024-04-19,4257000000,dei:EntityCommonStockSharesOutstanding
INTC,2024-08-02,2024-07-26,4276000000,dei:EntityCommonStockSharesOutstanding
INTC,2024-11-01,2024-10-25,4313000000,dei:EntityCommonStockSharesOutstanding
INTC,2025-01-31,2025-01-24,4330000000,dei:EntityCommonStockSharesOutstanding
INTC,2025-04-25,2025-04-18,4362000000,dei:EntityCommonStockSharesOutstanding
INTC,2025-07-24,2025-07-18,4377000000,dei:EntityCommonStockSharesOutstanding
INTC,2025-11-06,2025-10-17,4770000000,dei:EntityCommonStockSharesOutstanding
INTC,2026-01-23,2026-01-16,4995000000,dei:EntityCommonStockSharesOutstanding
INTC,2026-04-24,2026-04-17,5026000000,dei:EntityCommonStockSharesOutstanding
INTU,2009-12-04,2009-11-23,316760854,dei:EntityCommonStockSharesOutstanding
INTU,2010-03-01,2010-02-22,313918834,dei:EntityCommonStockSharesOutstanding
INTU,2010-05-28,2010-05-24,314117010,dei:EntityCommonStockSharesOutstanding
INTU,2010-09-16,2010-08-31,317535557,dei:EntityCommonStockSharesOutstanding
INTU,2010-12-06,2010-11-30,310610837,dei:EntityCommonStockSharesOutstanding
INTU,2011-03-01,2011-02-22,302580717,dei:EntityCommonStockSharesOutstanding
INTU,2011-06-01,2011-05-23,304000417,dei:EntityCommonStockSharesOutstanding
INTU,2011-09-14,2011-08-31,300814069,dei:EntityCommonStockSharesOutstanding
INTU,2011-12-01,2011-11-23,297248622,dei:EntityCommonStockSharesOutstanding
INTU,2012-02-29,2012-02-22,294908350,dei:EntityCommonStockSharesOutstanding
INTU,2012-05-25,2012-05-18,293668960,dei:EntityCommonStockSharesOutstanding
INTU,2012-09-13,2012-08-31,295371402,dei:EntityCommonStockSharesOutstanding
INTU,2012-11-29,2012-11-20,296053798,dei:EntityCommonStockSharesOutstanding
INTU,2013-03-01,2013-02-22,296388841,dei:EntityCommonStockSharesOutstanding
INTU,2013-05-30,2013-05-23,296925259,dei:EntityCommonStockSharesOutstanding
INTU,2013-09-13,2013-08-30,282712839,dei:EntityCommonStockSharesOutstanding
INTU,2013-11-22,2013-11-18,284852965,dei:EntityCommonStockSharesOutstanding
INTU,2014-02-21,2014-02-17,283313817,dei:EntityCommonStockSharesOutstanding
INTU,2014-05-21,2014-05-14,283886921,dei:EntityCommonStockSharesOutstanding
INTU,2014-09-12,2014-08-29,285540169,dei:EntityCommonStockSharesOutstanding
INTU,2014-11-21,2014-11-14,285496420,dei:EntityCommonStockSharesOutstanding
INTU,2015-02-19,2015-02-17,276726077,dei:EntityCommonStockSharesOutstanding
INTU,2015-05-22,2015-05-18,275668858,dei:EntityCommonStockSharesOutstanding
INTU,2015-09-01,2015-08-24,277306606,dei:EntityCommonStockSharesOutstanding
INTU,2015-11-20,2015-11-16,264004330,dei:EntityCommonStockSharesOutstanding
INTU,2016-02-25,2016-02-19,256821224,dei:EntityCommonStockSharesOutstanding
INTU,2016-05-24,2016-05-18,255871261,dei:EntityCommonStockSharesOutstanding
INTU,2016-09-01,2016-08-25,257938052,dei:EntityCommonStockSharesOutstanding
INTU,2016-11-18,2016-11-14,256638049,dei:EntityCommonStockSharesOutstanding
INTU,2017-02-23,2017-02-17,255785325,dei:EntityCommonStockSharesOutstanding
INTU,2017-05-23,2017-05-17,256216921,dei:EntityCommonStockSharesOutstanding
INTU,2017-09-01,2017-08-25,254973504,dei:EntityCommonStockSharesOutstanding
INTU,2017-11-20,2017-11-14,255649800,dei:EntityCommonStockSharesOutstanding
INTU,2018-02-22,2018-02-16,256111064,dei:EntityCommonStockSharesOutstanding
INTU,2018-05-22,2018-05-16,256588282,dei:EntityCommonStockSharesOutstanding
INTU,2018-08-31,2018-08-24,258671620,dei:EntityCommonStockSharesOutstanding
INTU,2018-11-20,2018-11-14,259508568,dei:EntityCommonStockSharesOutstanding
INTU,2019-02-22,2019-02-15,259072994,dei:EntityCommonStockSharesOutstanding
INTU,2019-05-23,2019-05-17,259243385,dei:EntityCommonStockSharesOutstanding
INTU,2019-08-30,2019-08-23,260073642,dei:EntityCommonStockSharesOutstanding
INTU,2019-11-21,2019-11-15,260300339,dei:EntityCommonStockSharesOutstanding
INTU,2020-02-24,2020-02-18,260489463,dei:EntityCommonStockSharesOutstanding
INTU,2020-05-21,2020-05-15,260771340,dei:EntityCommonStockSharesOutstanding
INTU,2020-08-31,2020-08-24,261807204,dei:EntityCommonStockSharesOutstanding
INTU,2020-11-19,2020-11-13,262740511,dei:EntityCommonStockSharesOutstanding
INTU,2021-02-23,2021-02-16,273839879,dei:EntityCommonStockSharesOutstanding
INTU,2021-05-25,2021-05-19,273259266,dei:EntityCommonStockSharesOutstanding
INTU,2021-09-08,2021-08-31,273091929,dei:EntityCommonStockSharesOutstanding
INTU,2021-11-18,2021-11-12,283168410,dei:EntityCommonStockSharesOutstanding
INTU,2022-03-02,2022-02-18,282812475,dei:EntityCommonStockSharesOutstanding
INTU,2022-05-24,2022-05-18,282077025,dei:EntityCommonStockSharesOutstanding
INTU,2022-09-02,2022-08-26,281869879,dei:EntityCommonStockSharesOutstanding
INTU,2022-11-29,2022-11-21,280925350,dei:EntityCommonStockSharesOutstanding
INTU,2023-02-23,2023-02-16,280546394,dei:EntityCommonStockSharesOutstanding
INTU,2023-05-23,2023-05-16,280059722,dei:EntityCommonStockSharesOutstanding
INTU,2023-09-01,2023-08-25,280259493,dei:EntityCommonStockSharesOutstanding
INTU,2023-11-28,2023-11-20,279936000,dei:EntityCommonStockSharesOutstanding
INTU,2024-02-22,2024-02-15,279979000,dei:EntityCommonStockSharesOutstanding
INTU,2024-05-23,2024-05-16,279547000,dei:EntityCommonStockSharesOutstanding
INTU,2024-09-04,2024-08-27,280292000,dei:EntityCommonStockSharesOutstanding
INTU,2024-11-21,2024-11-14,280035000,dei:EntityCommonStockSharesOutstanding
INTU,2025-02-25,2025-02-19,279562000,dei:EntityCommonStockSharesOutstanding
INTU,2025-05-22,2025-05-15,278947000,dei:EntityCommonStockSharesOutstanding
INTU,2025-09-03,2025-08-26,278805000,dei:EntityCommonStockSharesOutstanding
INTU,2025-11-20,2025-11-13,278400000,dei:EntityCommonStockSharesOutstanding
INTU,2026-02-26,2026-02-20,276550000,dei:EntityCommonStockSharesOutstanding
INTU,2026-05-20,2026-05-14,273537000,dei:EntityCommonStockSharesOutstanding
ISRG,2009-07-23,2009-07-17,37934659,dei:EntityCommonStockSharesOutstanding
ISRG,2009-10-21,2009-10-15,38191863,dei:EntityCommonStockSharesOutstanding
ISRG,2010-01-29,2010-01-21,38504605,dei:EntityCommonStockSharesOutstanding
ISRG,2010-04-20,2010-04-15,39166066,dei:EntityCommonStockSharesOutstanding
ISRG,2010-07-23,2010-07-12,39352498,dei:EntityCommonStockSharesOutstanding
ISRG,2010-10-20,2010-10-08,39293400,dei:EntityCommonStockSharesOutstanding
ISRG,2011-02-01,2011-01-20,38866512,dei:EntityCommonStockSharesOutstanding
ISRG,2011-04-20,2011-04-15,39287961,dei:EntityCommonStockSharesOutstanding
ISRG,2011-07-20,2011-07-14,39083127,dei:EntityCommonStockSharesOutstanding
ISRG,2011-10-19,2011-10-13,38994233,dei:EntityCommonStockSharesOutstanding
ISRG,2012-02-06,2012-01-20,39346384,dei:EntityCommonStockSharesOutstanding
ISRG,2012-04-19,2012-04-13,39702301,dei:EntityCommonStockSharesOutstanding
ISRG,2012-07-23,2012-07-16,39934128,dei:EntityCommonStockSharesOutstanding
ISRG,2012-10-18,2012-10-10,39763191,dei:EntityCommonStockSharesOutstanding
ISRG,2013-02-04,2013-01-18,40127042,dei:EntityCommonStockSharesOutstanding
ISRG,2013-04-19,2013-04-10,40161022,dei:EntityCommonStockSharesOutstanding
ISRG,2013-07-22,2013-07-10,39709905,dei:EntityCommonStockSharesOutstanding
ISRG,2013-10-18,2013-10-08,38064183,dei:EntityCommonStockSharesOutstanding
ISRG,2014-02-03,2014-01-17,38171349,dei:EntityCommonStockSharesOutstanding
ISRG,2014-04-25,2014-04-14,38403653,dei:EntityCommonStockSharesOutstanding
ISRG,2014-07-24,2014-07-14,35951604,dei:EntityCommonStockSharesOutstanding
ISRG,2014-10-23,2014-10-13,36251945,dei:EntityCommonStockSharesOutstanding
ISRG,2015-02-06,2015-01-16,36599799,dei:EntityCommonStockSharesOutstanding
ISRG,2015-04-22,2015-04-17,36858015,dei:EntityCommonStockSharesOutstanding
ISRG,2015-07-22,2015-07-16,37019120,dei:EntityCommonStockSharesOutstanding
ISRG,2015-10-21,2015-10-15,37365210,dei:EntityCommonStockSharesOutstanding
ISRG,2016-02-02,2016-01-19,37380279,dei:EntityCommonStockSharesOutstanding
ISRG,2016-04-19,2016-04-15,38060364,dei:EntityCommonStockSharesOutstanding
ISRG,2016-07-20,2016-07-15,38493364,dei:EntityCommonStockSharesOutstanding
ISRG,2016-10-19,2016-10-13,38747011,dei:EntityCommonStockSharesOutstanding
ISRG,2017-02-06,2017-01-20,38786979,dei:EntityCommonStockSharesOutstanding
ISRG,2017-04-19,2017-04-14,36840763,dei:EntityCommonStockSharesOutstanding
ISRG,2017-07-21,2017-07-18,37150987,dei:EntityCommonStockSharesOutstanding
ISRG,2017-10-20,2017-10-17,112047836,dei:EntityCommonStockSharesOutstanding
ISRG,2018-02-02,2018-01-19,112298504,dei:EntityCommonStockSharesOutstanding
ISRG,2018-04-18,2018-04-13,113295092,dei:EntityCommonStockSharesOutstanding
ISRG,2018-07-20,2018-07-17,113747594,dei:EntityCommonStockSharesOutstanding
ISRG,2018-10-22,2018-10-16,114200264,dei:EntityCommonStockSharesOutstanding
ISRG,2019-02-04,2019-01-18,114488602,dei:EntityCommonStockSharesOutstanding
ISRG,2019-04-19,2019-04-16,115448658,dei:EntityCommonStockSharesOutstanding
ISRG,2019-07-22,2019-07-16,115253433,dei:EntityCommonStockSharesOutstanding
ISRG,2019-10-18,2019-10-15,115573505,dei:EntityCommonStockSharesOutstanding
ISRG,2020-02-07,2020-01-17,115984044,dei:EntityCommonStockSharesOutstanding
ISRG,2020-04-17,2020-04-14,116617784,dei:EntityCommonStockSharesOutstanding
ISRG,2020-07-23,2020-07-20,117025880,dei:EntityCommonStockSharesOutstanding
ISRG,2020-10-19,2020-10-14,117555484,dei:EntityCommonStockSharesOutstanding
ISRG,2021-02-10,2021-01-15,117718298,dei:EntityCommonStockSharesOutstanding
ISRG,2021-04-21,2021-04-16,118412888,dei:EntityCommonStockSharesOutstanding
ISRG,2021-07-21,2021-07-15,118747607,dei:EntityCommonStockSharesOutstanding
ISRG,2021-10-20,2021-10-14,357236861,dei:EntityCommonStockSharesOutstanding
ISRG,2022-02-03,2022-01-26,357744031,dei:EntityCommonStockSharesOutstanding
ISRG,2022-04-22,2022-04-19,358956511,dei:EntityCommonStockSharesOutstanding
ISRG,2022-07-22,2022-07-19,357111192,dei:EntityCommonStockSharesOutstanding
ISRG,2022-10-21,2022-10-18,353384570,dei:EntityCommonStockSharesOutstanding
ISRG,2023-02-10,2023-02-07,350389679,dei:EntityCommonStockSharesOutstanding
ISRG,2023-04-20,2023-04-17,350398068,dei:EntityCommonStockSharesOutstanding
ISRG,2023-07-24,2023-07-18,351354675,dei:EntityCommonStockSharesOutstanding
ISRG,2023-10-20,2023-10-16,352071592,dei:EntityCommonStockSharesOutstanding
ISRG,2024-01-31,2024-01-25,352325863,dei:EntityCommonStockSharesOutstanding
ISRG,2024-04-19,2024-04-15,354705822,dei:EntityCommonStockSharesOutstanding
ISRG,2024-07-19,2024-07-16,355354176,dei:EntityCommonStockSharesOutstanding
ISRG,2024-10-18,2024-10-15,356179445,dei:EntityCommonStockSharesOutstanding
ISRG,2025-01-31,2025-01-27,356656964,dei:EntityCommonStockSharesOutstanding
ISRG,2025-04-23,2025-04-15,358418255,dei:EntityCommonStockSharesOutstanding
ISRG,2025-07-23,2025-07-17,358476506,dei:EntityCommonStockSharesOutstanding
ISRG,2025-10-22,2025-10-16,354496073,dei:EntityCommonStockSharesOutstanding
ISRG,2026-02-03,2026-01-28,355130237,dei:EntityCommonStockSharesOutstanding
ISRG,2026-04-22,2026-04-15,354162842,dei:EntityCommonStockSharesOutstanding
JBHT,2010-07-30,2010-06-30,123307759,dei:EntityCommonStockSharesOutstanding
JBHT,2010-10-29,2010-09-30,123272249,dei:EntityCommonStockSharesOutstanding
JBHT,2011-02-25,2011-02-15,121349245,dei:EntityCommonStockSharesOutstanding
JBHT,2011-04-29,2011-03-31,120233567,dei:EntityCommonStockSharesOutstanding
JBHT,2011-07-29,2011-06-30,120202602,dei:EntityCommonStockSharesOutstanding
JBHT,2011-10-28,2011-09-30,116730528,dei:EntityCommonStockSharesOutstanding
JBHT,2012-02-24,2012-02-14,117045048,dei:EntityCommonStockSharesOutstanding
JBHT,2012-04-27,2012-03-31,117084853,dei:EntityCommonStockSharesOutstanding
JBHT,2012-07-31,2012-06-30,117549605,dei:EntityCommonStockSharesOutstanding
JBHT,2012-10-26,2012-09-30,118258107,dei:EntityCommonStockSharesOutstanding
JBHT,2013-02-22,2013-02-14,117549810,dei:EntityCommonStockSharesOutstanding
JBHT,2013-04-26,2013-03-31,117583210,dei:EntityCommonStockSharesOutstanding
JBHT,2013-07-30,2013-06-30,117067399,dei:EntityCommonStockSharesOutstanding
JBHT,2013-10-30,2013-09-30,117856402,dei:EntityCommonStockSharesOutstanding
JBHT,2014-02-21,2014-02-18,117247544,dei:EntityCommonStockSharesOutstanding
JBHT,2014-04-25,2014-03-31,117259962,dei:EntityCommonStockSharesOutstanding
JBHT,2014-07-29,2014-06-30,116546855,dei:EntityCommonStockSharesOutstanding
JBHT,2014-10-30,2014-09-30,117154271,dei:EntityCommonStockSharesOutstanding
JBHT,2015-02-24,2015-02-17,116515423,dei:EntityCommonStockSharesOutstanding
JBHT,2015-04-24,2015-03-31,116555820,dei:EntityCommonStockSharesOutstanding
JBHT,2015-07-30,2015-06-30,116250852,dei:EntityCommonStockSharesOutstanding
JBHT,2015-10-23,2015-09-30,114601888,dei:EntityCommonStockSharesOutstanding
JBHT,2016-02-23,2016-02-16,112774244,dei:EntityCommonStockSharesOutstanding
JBHT,2016-04-29,2016-03-31,112654332,dei:EntityCommonStockSharesOutstanding
JBHT,2016-07-28,2016-06-30,112680259,dei:EntityCommonStockSharesOutstanding
JBHT,2016-10-28,2016-09-30,112185072,dei:EntityCommonStockSharesOutstanding
JBHT,2017-02-23,2017-02-14,111310853,dei:EntityCommonStockSharesOutstanding
JBHT,2017-04-28,2017-03-31,109983186,dei:EntityCommonStockSharesOutstanding
JBHT,2017-07-28,2017-06-30,109435453,dei:EntityCommonStockSharesOutstanding
JBHT,2017-10-27,2017-09-30,109751895,dei:EntityCommonStockSharesOutstanding
JBHT,2018-02-23,2018-02-13,109754492,dei:EntityCommonStockSharesOutstanding
JBHT,2018-04-27,2018-03-31,109755618,dei:EntityCommonStockSharesOutstanding
JBHT,2018-07-27,2018-06-30,109344030,dei:EntityCommonStockSharesOutstanding
JBHT,2018-10-29,2018-09-30,109176325,dei:EntityCommonStockSharesOutstanding
JBHT,2019-02-22,2019-02-12,108738788,dei:EntityCommonStockSharesOutstanding
JBHT,2019-04-26,2019-03-31,108738893,dei:EntityCommonStockSharesOutstanding
JBHT,2019-07-26,2019-06-30,106768145,dei:EntityCommonStockSharesOutstanding
JBHT,2019-11-01,2019-09-30,106577902,dei:EntityCommonStockSharesOutstanding
JBHT,2020-03-02,2020-02-18,106258961,dei:EntityCommonStockSharesOutstanding
JBHT,2020-05-01,2020-03-31,105460633,dei:EntityCommonStockSharesOutstanding
JBHT,2020-07-28,2020-06-30,105507223,dei:EntityCommonStockSharesOutstanding
JBHT,2020-10-29,2020-09-30,105678955,dei:EntityCommonStockSharesOutstanding
JBHT,2021-02-23,2021-02-16,83657096,dei:EntityCommonStockSharesOutstanding
JBHT,2021-05-03,2021-03-31,105671006,dei:EntityCommonStockSharesOutstanding
JBHT,2021-08-03,2021-06-30,105196031,dei:EntityCommonStockSharesOutstanding
JBHT,2021-10-28,2021-09-30,105013893,dei:EntityCommonStockSharesOutstanding
JBHT,2022-02-25,2022-02-15,104850002,dei:EntityCommonStockSharesOutstanding
JBHT,2022-05-02,2022-03-31,104783408,dei:EntityCommonStockSharesOutstanding
JBHT,2022-07-29,2022-06-30,103813143,dei:EntityCommonStockSharesOutstanding
JBHT,2022-11-04,2022-09-30,103537423,dei:EntityCommonStockSharesOutstanding
JBHT,2023-02-24,2023-02-21,103770366,dei:EntityCommonStockSharesOutstanding
JBHT,2023-04-28,2023-03-31,103647731,dei:EntityCommonStockSharesOutstanding
JBHT,2023-07-27,2023-06-30,103344606,dei:EntityCommonStockSharesOutstanding
JBHT,2023-10-27,2023-09-30,103142805,dei:EntityCommonStockSharesOutstanding
JBHT,2024-02-23,2024-02-20,103298462,dei:EntityCommonStockSharesOutstanding
JBHT,2024-04-26,2024-03-31,103196573,dei:EntityCommonStockSharesOutstanding
JBHT,2024-07-26,2024-06-30,101986531,dei:EntityCommonStockSharesOutstanding
JBHT,2024-10-25,2024-09-30,100829954,dei:EntityCommonStockSharesOutstanding
JBHT,2025-02-21,2025-02-18,100008209,dei:EntityCommonStockSharesOutstanding
JBHT,2025-04-25,2025-03-31,99194591,dei:EntityCommonStockSharesOutstanding
JBHT,2025-07-24,2025-06-30,96799281,dei:EntityCommonStockSharesOutstanding
JBHT,2025-10-24,2025-09-30,95218346,dei:EntityCommonStockSharesOutstanding
JBHT,2026-02-24,2026-02-17,94604083,dei:EntityCommonStockSharesOutstanding
JBHT,2026-04-24,2026-03-31,94299203,dei:EntityCommonStockSharesOutstanding
JD,2015-04-17,2013-12-31,1463654092,us-gaap:CommonStockSharesOutstanding
KDP,2010-05-06,2010-05-03,245690524,dei:EntityCommonStockSharesOutstanding
KDP,2010-08-23,2010-07-26,238861420,dei:EntityCommonStockSharesOutstanding
KDP,2010-10-27,2010-10-25,227092120,dei:EntityCommonStockSharesOutstanding
KDP,2011-02-22,2011-02-17,223974770,dei:EntityCommonStockSharesOutstanding
KDP,2011-04-27,2011-04-25,221363179,dei:EntityCommonStockSharesOutstanding
KDP,2011-07-27,2011-07-25,216960343,dei:EntityCommonStockSharesOutstanding
KDP,2011-10-26,2011-10-24,214381344,dei:EntityCommonStockSharesOutstanding
KDP,2012-02-22,2012-02-17,212073549,dei:EntityCommonStockSharesOutstanding
KDP,2012-04-25,2012-04-23,211830048,dei:EntityCommonStockSharesOutstanding
KDP,2012-07-26,2012-07-24,210554862,dei:EntityCommonStockSharesOutstanding
KDP,2012-10-24,2012-10-22,208111994,dei:EntityCommonStockSharesOutstanding
KDP,2013-02-21,2013-02-18,203632429,dei:EntityCommonStockSharesOutstanding
KDP,2013-04-24,2013-04-22,204054005,dei:EntityCommonStockSharesOutstanding
KDP,2013-07-24,2013-07-22,203567513,dei:EntityCommonStockSharesOutstanding
KDP,2013-10-24,2013-10-21,200642994,dei:EntityCommonStockSharesOutstanding
KDP,2014-02-20,2014-02-14,197274122,dei:EntityCommonStockSharesOutstanding
KDP,2014-04-23,2014-04-21,196377097,dei:EntityCommonStockSharesOutstanding
KDP,2014-07-24,2014-07-22,195125961,dei:EntityCommonStockSharesOutstanding
KDP,2014-10-23,2014-10-21,194409479,dei:EntityCommonStockSharesOutstanding
KDP,2015-02-19,2015-02-17,192962748,dei:EntityCommonStockSharesOutstanding
KDP,2015-04-23,2015-04-20,191730699,dei:EntityCommonStockSharesOutstanding
KDP,2015-07-23,2015-07-20,190886056,dei:EntityCommonStockSharesOutstanding
KDP,2015-10-22,2015-10-19,188892081,dei:EntityCommonStockSharesOutstanding
KDP,2016-02-23,2016-02-19,187349988,dei:EntityCommonStockSharesOutstanding
KDP,2016-04-27,2016-04-25,185812016,dei:EntityCommonStockSharesOutstanding
KDP,2016-07-27,2016-07-25,185404580,dei:EntityCommonStockSharesOutstanding
KDP,2016-10-27,2016-10-24,183715145,dei:EntityCommonStockSharesOutstanding
KDP,2017-02-14,2017-02-10,183094247,dei:EntityCommonStockSharesOutstanding
KDP,2017-04-26,2017-04-24,183814527,dei:EntityCommonStockSharesOutstanding
KDP,2017-07-27,2017-07-25,181724713,dei:EntityCommonStockSharesOutstanding
KDP,2017-10-25,2017-10-23,180541455,dei:EntityCommonStockSharesOutstanding
KDP,2018-02-14,2018-02-08,179744078,dei:EntityCommonStockSharesOutstanding
KDP,2018-04-25,2018-04-23,180221324,dei:EntityCommonStockSharesOutstanding
KDP,2018-08-07,2018-08-03,1388733463,dei:EntityCommonStockSharesOutstanding
KDP,2018-08-08,2018-08-07,1388733463,dei:EntityCommonStockSharesOutstanding
KDP,2018-11-08,2018-11-06,1389111598,dei:EntityCommonStockSharesOutstanding
KDP,2019-02-28,2019-02-26,1406081521,dei:EntityCommonStockSharesOutstanding
KDP,2019-05-09,2019-05-07,1406689275,dei:EntityCommonStockSharesOutstanding
KDP,2019-08-08,2019-08-06,1406735468,dei:EntityCommonStockSharesOutstanding
KDP,2019-11-07,2019-11-05,1406787332,dei:EntityCommonStockSharesOutstanding
KDP,2020-02-27,2020-02-26,1406986313,dei:EntityCommonStockSharesOutstanding
KDP,2020-04-30,2020-04-28,1407151408,dei:EntityCommonStockSharesOutstanding
KDP,2020-07-30,2020-07-28,1407196228,dei:EntityCommonStockSharesOutstanding
KDP,2020-10-29,2020-10-27,1407253294,dei:EntityCommonStockSharesOutstanding
KDP,2021-02-25,2021-02-23,1407267272,dei:EntityCommonStockSharesOutstanding
KDP,2021-04-29,2021-04-27,1417389722,dei:EntityCommonStockSharesOutstanding
KDP,2021-07-29,2021-07-27,1417476953,dei:EntityCommonStockSharesOutstanding
KDP,2021-10-28,2021-10-26,1417961594,dei:EntityCommonStockSharesOutstanding
KDP,2022-02-24,2022-02-22,1418158363,dei:EntityCommonStockSharesOutstanding
KDP,2022-04-28,2022-04-26,1418546832,dei:EntityCommonStockSharesOutstanding
KDP,2022-07-28,2022-07-26,1416070252,dei:EntityCommonStockSharesOutstanding
KDP,2022-10-27,2022-10-25,1416251307,dei:EntityCommonStockSharesOutstanding
KDP,2023-02-23,2023-02-21,1406447151,dei:EntityCommonStockSharesOutstanding
KDP,2023-04-27,2023-04-25,1403776408,dei:EntityCommonStockSharesOutstanding
KDP,2023-07-27,2023-07-25,1397259384,dei:EntityCommonStockSharesOutstanding
KDP,2023-10-26,2023-10-24,1398336103,dei:EntityCommonStockSharesOutstanding
KDP,2024-02-22,2024-02-20,1387591010,dei:EntityCommonStockSharesOutstanding
KDP,2024-04-25,2024-04-23,1355574275,dei:EntityCommonStockSharesOutstanding
KDP,2024-07-25,2024-07-23,1356086377,dei:EntityCommonStockSharesOutstanding
KDP,2024-10-24,2024-10-22,1356453649,dei:EntityCommonStockSharesOutstanding
KDP,2025-02-25,2025-02-21,1356750877,dei:EntityCommonStockSharesOutstanding
KDP,2025-04-24,2025-04-22,1358178069,dei:EntityCommonStockSharesOutstanding
KDP,2025-07-24,2025-07-22,1358435279,dei:EntityCommonStockSharesOutstanding
KDP,2025-10-28,2025-10-23,1358583125,dei:EntityCommonStockSharesOutstanding
KDP,2026-02-24,2026-02-20,1358666059,dei:EntityCommonStockSharesOutstanding
KDP,2026-04-23,2026-04-21,1360559471,dei:EntityCommonStockSharesOutstanding
KHC,2015-08-10,2015-08-02,1212833289,dei:EntityCommonStockSharesOutstanding
KHC,2015-11-06,2015-11-01,1213455716,dei:EntityCommonStockSharesOutstanding
KHC,2016-03-03,2016-02-28,1215189526,dei:EntityCommonStockSharesOutstanding
KHC,2016-05-05,2016-05-01,1215955228,dei:EntityCommonStockSharesOutstanding
KHC,2016-08-05,2016-07-31,1217650866,dei:EntityCommonStockSharesOutstanding
KHC,2016-11-04,2016-10-30,1217270219,dei:EntityCommonStockSharesOutstanding
KHC,2017-02-23,2017-02-18,1217136057,dei:EntityCommonStockSharesOutstanding
KHC,2017-05-04,2017-04-29,1217633003,dei:EntityCommonStockSharesOutstanding
KHC,2017-08-04,2017-07-29,1218251122,dei:EntityCommonStockSharesOutstanding
KHC,2017-11-07,2017-10-28,1218467836,dei:EntityCommonStockSharesOutstanding
KHC,2018-02-16,2018-02-10,1218801890,dei:EntityCommonStockSharesOutstanding
KHC,2018-05-03,2018-04-28,1219172261,dei:EntityCommonStockSharesOutstanding
KHC,2018-08-03,2018-07-28,1219248231,dei:EntityCommonStockSharesOutstanding
KHC,2018-11-02,2018-10-27,1219434812,dei:EntityCommonStockSharesOutstanding
KHC,2019-06-07,2019-06-05,1219938804,dei:EntityCommonStockSharesOutstanding
KHC,2019-08-13,2019-08-03,1219991425,dei:EntityCommonStockSharesOutstanding
KHC,2019-10-31,2019-10-26,1221160646,dei:EntityCommonStockSharesOutstanding
KHC,2020-02-14,2020-02-08,1221399549,dei:EntityCommonStockSharesOutstanding
KHC,2020-05-01,2020-04-25,1221833078,dei:EntityCommonStockSharesOutstanding
KHC,2020-07-31,2020-07-25,1222578592,dei:EntityCommonStockSharesOutstanding
KHC,2020-10-30,2020-10-24,1222623168,dei:EntityCommonStockSharesOutstanding
KHC,2021-02-17,2021-02-13,1223175747,dei:EntityCommonStockSharesOutstanding
KHC,2021-04-30,2021-04-24,1223147340,dei:EntityCommonStockSharesOutstanding
KHC,2021-08-04,2021-07-31,1223387136,dei:EntityCommonStockSharesOutstanding
KHC,2021-10-28,2021-10-23,1225261485,dei:EntityCommonStockSharesOutstanding
KHC,2022-02-17,2022-02-12,1223740203,dei:EntityCommonStockSharesOutstanding
KHC,2022-04-28,2022-04-23,1223951939,dei:EntityCommonStockSharesOutstanding
KHC,2022-07-28,2022-07-23,1225439747,dei:EntityCommonStockSharesOutstanding
KHC,2022-10-27,2022-10-22,1224930164,dei:EntityCommonStockSharesOutstanding
KHC,2023-02-16,2023-02-11,1225003377,dei:EntityCommonStockSharesOutstanding
KHC,2023-05-03,2023-04-29,1227237484,dei:EntityCommonStockSharesOutstanding
KHC,2023-08-02,2023-07-29,1228294502,dei:EntityCommonStockSharesOutstanding
KHC,2023-11-01,2023-10-28,1226538694,dei:EntityCommonStockSharesOutstanding
KHC,2024-02-15,2024-02-10,1213099787,dei:EntityCommonStockSharesOutstanding
KHC,2024-05-01,2024-04-27,1214298182,dei:EntityCommonStockSharesOutstanding
KHC,2024-07-31,2024-07-27,1209078897,dei:EntityCommonStockSharesOutstanding
KHC,2024-10-30,2024-10-26,1209174894,dei:EntityCommonStockSharesOutstanding
KHC,2025-02-13,2025-02-08,1194989953,dei:EntityCommonStockSharesOutstanding
KHC,2025-04-29,2025-04-26,1183542101,dei:EntityCommonStockSharesOutstanding
KHC,2025-07-30,2025-07-26,1183599215,dei:EntityCommonStockSharesOutstanding
KHC,2025-10-29,2025-10-25,1183655579,dei:EntityCommonStockSharesOutstanding
KHC,2026-02-12,2026-02-07,1183744751,dei:EntityCommonStockSharesOutstanding
KHC,2026-05-06,2026-05-02,1185777638,dei:EntityCommonStockSharesOutstanding
KLAC,2010-11-24,2010-10-13,167064459,dei:EntityCommonStockSharesOutstanding
KLAC,2011-01-28,2011-01-13,167221198,dei:EntityCommonStockSharesOutstanding
KLAC,2011-04-29,2011-04-14,167903024,dei:EntityCommonStockSharesOutstanding
KLAC,2011-08-05,2011-07-21,167000217,dei:EntityCommonStockSharesOutstanding
KLAC,2011-10-28,2011-10-13,166664427,dei:EntityCommonStockSharesOutstanding
KLAC,2012-01-27,2012-01-12,166732846,dei:EntityCommonStockSharesOutstanding
KLAC,2012-04-27,2012-04-12,167327833,dei:EntityCommonStockSharesOutstanding
KLAC,2012-08-06,2012-07-19,166516316,dei:EntityCommonStockSharesOutstanding
KLAC,2012-10-26,2012-10-11,166515564,dei:EntityCommonStockSharesOutstanding
KLAC,2013-01-25,2013-01-10,166144760,dei:EntityCommonStockSharesOutstanding
KLAC,2013-04-26,2013-04-12,165885681,dei:EntityCommonStockSharesOutstanding
KLAC,2013-08-08,2013-07-18,165731911,dei:EntityCommonStockSharesOutstanding
KLAC,2013-10-25,2013-10-11,166649418,dei:EntityCommonStockSharesOutstanding
KLAC,2014-01-24,2014-01-10,166577223,dei:EntityCommonStockSharesOutstanding
KLAC,2014-04-25,2014-04-11,165826885,dei:EntityCommonStockSharesOutstanding
KLAC,2014-08-08,2014-07-17,165368152,dei:EntityCommonStockSharesOutstanding
KLAC,2014-10-24,2014-10-10,164476980,dei:EntityCommonStockSharesOutstanding
KLAC,2015-01-23,2015-01-09,162664930,dei:EntityCommonStockSharesOutstanding
KLAC,2015-04-24,2015-04-10,159921055,dei:EntityCommonStockSharesOutstanding
KLAC,2015-08-07,2015-07-17,157530878,dei:EntityCommonStockSharesOutstanding
KLAC,2015-10-22,2015-10-09,155945694,dei:EntityCommonStockSharesOutstanding
KLAC,2016-01-28,2016-01-15,155664640,dei:EntityCommonStockSharesOutstanding
KLAC,2016-04-26,2016-04-15,155708389,dei:EntityCommonStockSharesOutstanding
KLAC,2016-08-05,2016-07-15,155995003,dei:EntityCommonStockSharesOutstanding
KLAC,2016-10-20,2016-10-10,156318732,dei:EntityCommonStockSharesOutstanding
KLAC,2017-01-27,2017-01-17,156729320,dei:EntityCommonStockSharesOutstanding
KLAC,2017-04-28,2017-04-14,156762623,dei:EntityCommonStockSharesOutstanding
KLAC,2017-08-04,2017-07-14,156840420,dei:EntityCommonStockSharesOutstanding
KLAC,2017-10-27,2017-10-13,156707903,dei:EntityCommonStockSharesOutstanding
KLAC,2018-01-26,2018-01-12,156620125,dei:EntityCommonStockSharesOutstanding
KLAC,2018-04-27,2018-04-13,155872083,dei:EntityCommonStockSharesOutstanding
KLAC,2018-08-06,2018-07-13,156126508,dei:EntityCommonStockSharesOutstanding
KLAC,2018-10-31,2018-10-19,153075310,dei:EntityCommonStockSharesOutstanding
KLAC,2019-01-29,2019-01-18,151363988,dei:EntityCommonStockSharesOutstanding
KLAC,2019-05-08,2019-04-19,161620262,dei:EntityCommonStockSharesOutstanding
KLAC,2019-08-16,2019-07-19,159255950,dei:EntityCommonStockSharesOutstanding
KLAC,2019-10-31,2019-10-18,157794495,dei:EntityCommonStockSharesOutstanding
KLAC,2020-02-05,2020-01-17,156772198,dei:EntityCommonStockSharesOutstanding
KLAC,2020-05-06,2020-04-20,155048894,dei:EntityCommonStockSharesOutstanding
KLAC,2020-08-10,2020-07-20,155461444,dei:EntityCommonStockSharesOutstanding
KLAC,2020-10-30,2020-10-19,154459817,dei:EntityCommonStockSharesOutstanding
KLAC,2021-02-04,2021-01-15,154074651,dei:EntityCommonStockSharesOutstanding
KLAC,2021-04-30,2021-04-19,153281783,dei:EntityCommonStockSharesOutstanding
KLAC,2021-08-06,2021-07-19,152737157,dei:EntityCommonStockSharesOutstanding
KLAC,2021-10-28,2021-10-18,151622165,dei:EntityCommonStockSharesOutstanding
KLAC,2022-01-28,2022-01-14,150715343,dei:EntityCommonStockSharesOutstanding
KLAC,2022-04-29,2022-04-18,149235049,dei:EntityCommonStockSharesOutstanding
KLAC,2022-08-05,2022-07-18,141803776,dei:EntityCommonStockSharesOutstanding
KLAC,2022-10-28,2022-10-17,141718327,dei:EntityCommonStockSharesOutstanding
KLAC,2023-01-27,2023-01-17,138479764,dei:EntityCommonStockSharesOutstanding
KLAC,2023-04-28,2023-04-17,137198902,dei:EntityCommonStockSharesOutstanding
KLAC,2023-08-04,2023-07-17,136720074,dei:EntityCommonStockSharesOutstanding
KLAC,2023-10-27,2023-10-16,135932316,dei:EntityCommonStockSharesOutstanding
KLAC,2024-01-26,2024-01-16,135233651,dei:EntityCommonStockSharesOutstanding
KLAC,2024-04-26,2024-04-15,134639951,dei:EntityCommonStockSharesOutstanding
KLAC,2024-08-05,2024-07-22,134425022,dei:EntityCommonStockSharesOutstanding
KLAC,2024-10-31,2024-10-21,133759778,dei:EntityCommonStockSharesOutstanding
KLAC,2025-01-31,2025-01-21,132886746,dei:EntityCommonStockSharesOutstanding
KLAC,2025-05-01,2025-04-21,132241430,dei:EntityCommonStockSharesOutstanding
KLAC,2025-08-08,2025-07-21,131961370,dei:EntityCommonStockSharesOutstanding
KLAC,2025-10-31,2025-10-27,131392338,dei:EntityCommonStockSharesOutstanding
KLAC,2026-01-30,2026-01-26,131076611,dei:EntityCommonStockSharesOutstanding
KLAC,2026-04-30,2026-04-27,130627521,dei:EntityCommonStockSharesOutstanding
KRFT,2012-12-07,2012-11-30,592541999,dei:EntityCommonStockSharesOutstanding
KRFT,2013-03-21,2013-02-23,593372593,dei:EntityCommonStockSharesOutstanding
KRFT,2013-05-03,2013-04-27,594470696,dei:EntityCommonStockSharesOutstanding
KRFT,2013-08-02,2013-07-27,595561660,dei:EntityCommonStockSharesOutstanding
KRFT,2013-10-31,2013-10-26,595872395,dei:EntityCommonStockSharesOutstanding
KRFT,2014-02-21,2014-01-25,596311563,dei:EntityCommonStockSharesOutstanding
KRFT,2014-05-02,2014-04-26,595302265,dei:EntityCommonStockSharesOutstanding
KRFT,2014-07-31,2014-07-26,593970992,dei:EntityCommonStockSharesOutstanding
KRFT,2014-10-30,2014-10-25,588823771,dei:EntityCommonStockSharesOutstanding
KRFT,2015-02-19,2015-02-10,587988695,dei:EntityCommonStockSharesOutstanding
KRFT,2015-04-28,2015-04-25,591940002,dei:EntityCommonStockSharesOutstanding
LBTYA,2014-11-05,2014-09-30,2992672608,us-gaap:WeightedAverageNumberOfSharesOutstandingBasic
LBTYA,2018-08-08,2018-06-30,3312579709,us-gaap:WeightedAverageNumberOfSharesOutstandingBasic
LBTYA,2019-02-27,2018-12-31,2516361526,us-gaap:WeightedAverageNumberOfSharesOutstandingBasic
LBTYA,2019-08-08,2019-06-30,1474190995,us-gaap:WeightedAverageNumberOfSharesOutstandingBasic
LBTYA,2019-11-06,2019-09-30,3025905311,us-gaap:WeightedAverageNumberOfSharesOutstandingBasic
LBTYA,2020-05-06,2020-03-31,1372563729,us-gaap:WeightedAverageNumberOfSharesOutstandingBasic
LBTYA,2020-08-03,2020-06-30,1230510630,us-gaap:WeightedAverageNumberOfSharesOutstandingBasic
LBTYA,2020-11-04,2020-09-30,1199801306,us-gaap:WeightedAverageNumberOfSharesOutstandingBasic
LBTYA,2021-05-05,2021-03-31,575114550,us-gaap:WeightedAverageNumberOfSharesOutstandingBasic
LBTYA,2021-07-29,2021-06-30,1123085264,us-gaap:WeightedAverageNumberOfSharesOutstandingBasic
LBTYA,2021-11-03,2021-09-30,1113268618,us-gaap:WeightedAverageNumberOfSharesOutstandingBasic
LBTYA,2022-02-17,2021-12-31,1863573680,us-gaap:WeightedAverageNumberOfSharesOutstandingBasic
LBTYA,2022-05-10,2022-03-31,520320152,us-gaap:WeightedAverageNumberOfSharesOutstandingBasic
LBTYA,2022-07-28,2022-06-30,1012217820,us-gaap:WeightedAverageNumberOfSharesOutstandingBasic
LBTYA,2022-11-01,2022-09-30,976653547,us-gaap:WeightedAverageNumberOfSharesOutstandingBasic
LBTYA,2023-02-22,2022-12-31,489555582,us-gaap:WeightedAverageNumberOfSharesOutstandingBasic
LBTYA,2023-05-09,2023-03-31,454394944,us-gaap:WeightedAverageNumberOfSharesOutstandingBasic
LBTYA,2023-07-24,2023-06-30,889833243,us-gaap:WeightedAverageNumberOfSharesOutstandingBasic
LBTYA,2023-10-31,2023-09-30,853270238,us-gaap:WeightedAverageNumberOfSharesOutstandingBasic
LBTYA,2024-02-15,2023-12-31,425679037,us-gaap:WeightedAverageNumberOfSharesOutstandingBasic
LBTYA,2024-05-01,2024-03-31,377747016,us-gaap:WeightedAverageNumberOfSharesOutstandingBasic
LBTYA,2024-07-25,2024-06-30,745674772,us-gaap:WeightedAverageNumberOfSharesOutstandingBasic
LBTYA,2024-10-29,2024-09-30,733830686,us-gaap:WeightedAverageNumberOfSharesOutstandingBasic
LBTYA,2025-02-18,2024-12-31,366731510,us-gaap:WeightedAverageNumberOfSharesOutstandingBasic
LBTYA,2025-05-02,2025-03-31,348407676,us-gaap:WeightedAverageNumberOfSharesOutstandingBasic
LBTYA,2025-08-01,2025-06-30,691733062,us-gaap:WeightedAverageNumberOfSharesOutstandingBasic
LBTYA,2025-10-30,2025-09-30,684081336,us-gaap:WeightedAverageNumberOfSharesOutstandingBasic
LBTYA,2026-02-18,2025-12-31,342267353,us-gaap:WeightedAverageNumberOfSharesOutstandingBasic
LBTYA,2026-05-01,2026-03-31,334996069,us-gaap:WeightedAverageNumberOfSharesOutstandingBasic
LCID,2021-08-16,2021-08-13,1618621534,dei:EntityCommonStockSharesOutstanding
LCID,2021-11-15,2021-11-09,1646366945,dei:EntityCommonStockSharesOutstanding
LCID,2022-02-28,2022-02-22,1653257009,dei:EntityCommonStockSharesOutstanding
LCID,2022-05-05,2022-04-29,1667840573,dei:EntityCommonStockSharesOutstanding
LCID,2022-08-03,2022-07-28,1672806695,dei:EntityCommonStockSharesOutstanding
LCID,2022-11-08,2022-11-02,1680431090,dei:EntityCommonStockSharesOutstanding
LCID,2023-02-28,2023-02-22,1830450459,dei:EntityCommonStockSharesOutstanding
LCID,2023-05-08,2023-05-02,1834247969,dei:EntityCommonStockSharesOutstanding
LCID,2023-08-07,2023-08-01,2282650261,dei:EntityCommonStockSharesOutstanding
LCID,2023-11-07,2023-11-01,2289429227,dei:EntityCommonStockSharesOutstanding
LCID,2024-02-27,2024-02-21,2300047548,dei:EntityCommonStockSharesOutstanding
LCID,2024-05-06,2024-04-30,2307150085,dei:EntityCommonStockSharesOutstanding
LCID,2024-08-05,2024-07-30,2318876700,dei:EntityCommonStockSharesOutstanding
LCID,2024-11-07,2024-11-01,3011686560,dei:EntityCommonStockSharesOutstanding
LCID,2025-02-25,2025-02-19,3031499851,dei:EntityCommonStockSharesOutstanding
LCID,2025-05-06,2025-04-30,3050262035,dei:EntityCommonStockSharesOutstanding
LCID,2025-08-05,2025-07-30,3072494911,dei:EntityCommonStockSharesOutstanding
LCID,2025-11-05,2025-10-30,324168457,dei:EntityCommonStockSharesOutstanding
LCID,2026-02-24,2026-02-18,327684243,dei:EntityCommonStockSharesOutstanding
LCID,2026-05-05,2026-04-29,390256808,dei:EntityCommonStockSharesOutstanding
LILA,2019-11-05,2019-09-30,705646199,us-gaap:WeightedAverageNumberOfSharesOutstandingBasic
LILA,2020-02-19,2019-12-31,544428333,us-gaap:WeightedAverageNumberOfSharesOutstandingBasic
LILA,2020-11-04,2020-09-30,737359018,us-gaap:WeightedAverageNumberOfSharesOutstandingBasic
LILA,2021-03-01,2020-12-31,602389479,us-gaap:WeightedAverageNumberOfSharesOutstandingBasic
LILA,2021-05-05,2021-03-31,232410514,us-gaap:WeightedAverageNumberOfSharesOutstandingBasic
LILA,2021-08-04,2021-06-30,652251917,us-gaap:WeightedAverageNumberOfSharesOutstandingBasic
LILA,2021-11-02,2021-09-30,465861211,us-gaap:WeightedAverageNumberOfSharesOutstandingBasic
LILA,2022-02-23,2021-12-31,612514307,us-gaap:WeightedAverageNumberOfSharesOutstandingBasic
LILA,2022-05-04,2022-03-31,228274215,us-gaap:WeightedAverageNumberOfSharesOutstandingBasic
LILA,2022-08-03,2022-06-30,451434525,us-gaap:WeightedAverageNumberOfSharesOutstandingBasic
LILA,2022-11-08,2022-09-30,444600817,us-gaap:WeightedAverageNumberOfSharesOutstandingBasic
LILA,2023-02-22,2022-12-31,650700000,us-gaap:WeightedAverageNumberOfSharesOutstandingBasic
LILA,2023-05-08,2023-03-31,444000000,us-gaap:WeightedAverageNumberOfSharesOutstandingBasic
LILA,2023-08-08,2023-06-30,877800000,us-gaap:WeightedAverageNumberOfSharesOutstandingBasic
LILA,2023-11-09,2023-09-30,863500000,us-gaap:WeightedAverageNumberOfSharesOutstandingBasic
LILA,2024-02-22,2023-12-31,210000000,us-gaap:WeightedAverageNumberOfSharesOutstandingBasic
LILA,2024-05-07,2024-03-31,203600000,us-gaap:WeightedAverageNumberOfSharesOutstandingBasic
LILA,2024-08-06,2024-06-30,397300000,us-gaap:WeightedAverageNumberOfSharesOutstandingBasic
LILA,2024-11-06,2024-09-30,395400000,us-gaap:WeightedAverageNumberOfSharesOutstandingBasic
LILA,2025-02-19,2024-12-31,198400000,us-gaap:WeightedAverageNumberOfSharesOutstandingBasic
LILA,2025-05-07,2025-03-31,197500000,us-gaap:WeightedAverageNumberOfSharesOutstandingBasic
LILA,2025-08-07,2025-06-30,398600000,us-gaap:WeightedAverageNumberOfSharesOutstandingBasic
LILA,2025-11-05,2025-09-30,399400000,us-gaap:WeightedAverageNumberOfSharesOutstandingBasic
LILA,2026-02-18,2025-12-31,199500000,us-gaap:WeightedAverageNumberOfSharesOutstandingBasic
LILA,2026-05-07,2026-03-31,200300000,us-gaap:WeightedAverageNumberOfSharesOutstandingBasic
LIN,2017-10-30,2017-09-30,25000,dei:EntityCommonStockSharesOutstanding
LIN,2018-03-23,2018-03-23,25000,dei:EntityCommonStockSharesOutstanding
LIN,2018-11-09,2018-09-30,551054569,dei:EntityCommonStockSharesOutstanding
LIN,2019-03-18,2019-02-28,544910125,dei:EntityCommonStockSharesOutstanding
LIN,2019-05-10,2019-04-30,542766214,dei:EntityCommonStockSharesOutstanding
LIN,2019-08-09,2019-07-31,540591490,dei:EntityCommonStockSharesOutstanding
LIN,2019-11-12,2019-10-31,537175977,dei:EntityCommonStockSharesOutstanding
LIN,2020-03-02,2020-01-31,532959736,dei:EntityCommonStockSharesOutstanding
LIN,2020-05-07,2020-04-30,525185319,dei:EntityCommonStockSharesOutstanding
LIN,2020-07-31,2020-06-30,525360032,dei:EntityCommonStockSharesOutstanding
LIN,2020-11-05,2020-09-30,524856691,dei:EntityCommonStockSharesOutstanding
LIN,2021-03-01,2021-01-31,522836425,dei:EntityCommonStockSharesOutstanding
LIN,2021-05-06,2021-03-31,520208493,dei:EntityCommonStockSharesOutstanding
LIN,2021-07-30,2021-06-30,516411320,dei:EntityCommonStockSharesOutstanding
LIN,2021-10-29,2021-09-30,512554731,dei:EntityCommonStockSharesOutstanding
LIN,2022-02-28,2022-01-31,507744577,dei:EntityCommonStockSharesOutstanding
LIN,2022-05-02,2022-03-31,503281693,dei:EntityCommonStockSharesOutstanding
LIN,2022-07-28,2022-06-30,498365588,dei:EntityCommonStockSharesOutstanding
LIN,2022-10-27,2022-09-30,494379532,dei:EntityCommonStockSharesOutstanding
LIN,2023-02-28,2023-01-31,492160806,dei:EntityCommonStockSharesOutstanding
LIN,2023-04-27,2023-03-31,490251988,dei:EntityCommonStockSharesOutstanding
LIN,2023-07-27,2023-06-30,487945864,dei:EntityCommonStockSharesOutstanding
LIN,2023-10-26,2023-09-30,484890486,dei:EntityCommonStockSharesOutstanding
LIN,2024-02-28,2024-01-31,481576472,dei:EntityCommonStockSharesOutstanding
LIN,2024-05-02,2024-03-31,480676281,dei:EntityCommonStockSharesOutstanding
LIN,2024-08-02,2024-06-30,477502737,dei:EntityCommonStockSharesOutstanding
LIN,2024-10-31,2024-09-30,476157903,dei:EntityCommonStockSharesOutstanding
LIN,2025-02-26,2025-01-31,472911618,dei:EntityCommonStockSharesOutstanding
LIN,2025-05-01,2025-03-31,471294205,dei:EntityCommonStockSharesOutstanding
LIN,2025-08-01,2025-06-30,468909532,dei:EntityCommonStockSharesOutstanding
LIN,2025-10-31,2025-09-30,466948930,dei:EntityCommonStockSharesOutstanding
LIN,2026-02-25,2026-01-31,463394156,dei:EntityCommonStockSharesOutstanding
LIN,2026-05-01,2026-03-31,462599539,dei:EntityCommonStockSharesOutstanding
LITE,2015-09-25,2015-08-22,58917552,dei:EntityCommonStockSharesOutstanding
LITE,2015-11-17,2015-10-24,58975368,dei:EntityCommonStockSharesOutstanding
LITE,2016-02-04,2016-01-23,59089050,dei:EntityCommonStockSharesOutstanding
LITE,2016-05-04,2016-04-30,59280367,dei:EntityCommonStockSharesOutstanding
LITE,2016-09-02,2016-08-26,60082117,dei:EntityCommonStockSharesOutstanding
LITE,2016-10-27,2016-10-21,60132313,dei:EntityCommonStockSharesOutstanding
LITE,2017-02-07,2017-02-02,60956077,dei:EntityCommonStockSharesOutstanding
LITE,2017-05-04,2017-04-28,61149950,dei:EntityCommonStockSharesOutstanding
LITE,2017-08-29,2017-08-18,61515528,dei:EntityCommonStockSharesOutstanding
LITE,2017-11-01,2017-10-26,62000000,dei:EntityCommonStockSharesOutstanding
LITE,2018-02-06,2018-01-31,62400000,dei:EntityCommonStockSharesOutstanding
LITE,2018-05-02,2018-04-27,62600000,dei:EntityCommonStockSharesOutstanding
LITE,2018-08-28,2018-08-23,63300000,dei:EntityCommonStockSharesOutstanding
LITE,2018-11-01,2018-10-26,63400000,dei:EntityCommonStockSharesOutstanding
LITE,2019-02-07,2019-01-28,76100000,dei:EntityCommonStockSharesOutstanding
LITE,2019-05-07,2019-05-01,76400000,dei:EntityCommonStockSharesOutstanding
LITE,2019-08-27,2019-08-20,76900000,dei:EntityCommonStockSharesOutstanding
LITE,2019-10-31,2019-10-25,77200000,dei:EntityCommonStockSharesOutstanding
LITE,2020-02-04,2020-01-27,74700000,dei:EntityCommonStockSharesOutstanding
LITE,2020-05-05,2020-04-27,74900000,dei:EntityCommonStockSharesOutstanding
LITE,2020-08-25,2020-08-18,75200000,dei:EntityCommonStockSharesOutstanding
LITE,2020-11-02,2020-10-23,75500000,dei:EntityCommonStockSharesOutstanding
LITE,2021-02-02,2021-01-26,75700000,dei:EntityCommonStockSharesOutstanding
LITE,2021-05-12,2021-04-30,75900000,dei:EntityCommonStockSharesOutstanding
LITE,2021-08-31,2021-08-23,72700000,dei:EntityCommonStockSharesOutstanding
LITE,2021-11-04,2021-10-29,72300000,dei:EntityCommonStockSharesOutstanding
LITE,2022-02-03,2022-01-28,72200000,dei:EntityCommonStockSharesOutstanding
LITE,2022-05-04,2022-04-29,69000000,dei:EntityCommonStockSharesOutstanding
LITE,2022-08-24,2022-08-17,68100000,dei:EntityCommonStockSharesOutstanding
LITE,2022-11-08,2022-11-01,68200000,dei:EntityCommonStockSharesOutstanding
LITE,2023-02-09,2023-02-02,68500000,dei:EntityCommonStockSharesOutstanding
LITE,2023-05-09,2023-05-02,68700000,dei:EntityCommonStockSharesOutstanding
LITE,2023-08-23,2023-08-16,66700000,dei:EntityCommonStockSharesOutstanding
LITE,2023-11-08,2023-11-01,67000000,dei:EntityCommonStockSharesOutstanding
LITE,2024-02-08,2024-02-01,67400000,dei:EntityCommonStockSharesOutstanding
LITE,2024-05-07,2024-04-30,67600000,dei:EntityCommonStockSharesOutstanding
LITE,2024-08-21,2024-08-14,68000000,dei:EntityCommonStockSharesOutstanding
LITE,2024-11-08,2024-10-31,68700000,dei:EntityCommonStockSharesOutstanding
LITE,2025-02-06,2025-01-30,69200000,dei:EntityCommonStockSharesOutstanding
LITE,2025-05-07,2025-04-29,69400000,dei:EntityCommonStockSharesOutstanding
LITE,2025-08-19,2025-08-12,69900000,dei:EntityCommonStockSharesOutstanding
LITE,2025-11-05,2025-10-28,70900000,dei:EntityCommonStockSharesOutstanding
LITE,2026-02-04,2026-01-27,71400000,dei:EntityCommonStockSharesOutstanding
LITE,2026-05-06,2026-04-30,77800000,dei:EntityCommonStockSharesOutstanding
LLTC,2010-11-05,2010-10-22,225404643,dei:EntityCommonStockSharesOutstanding
LLTC,2011-02-11,2011-01-28,225404643,dei:EntityCommonStockSharesOutstanding
LLTC,2011-05-13,2011-04-29,227734114,dei:EntityCommonStockSharesOutstanding
LLTC,2011-08-24,2011-07-29,227909042,dei:EntityCommonStockSharesOutstanding
LLTC,2011-11-03,2011-10-28,227766514,dei:EntityCommonStockSharesOutstanding
LLTC,2012-02-02,2012-01-27,228983286,dei:EntityCommonStockSharesOutstanding
LLTC,2012-05-03,2012-04-27,230207141,dei:EntityCommonStockSharesOutstanding
LLTC,2012-08-29,2012-07-27,230269709,dei:EntityCommonStockSharesOutstanding
LLTC,2012-11-08,2012-10-26,231392537,dei:EntityCommonStockSharesOutstanding
LLTC,2013-02-07,2013-01-25,232565349,dei:EntityCommonStockSharesOutstanding
LLTC,2013-05-09,2013-04-26,233254508,dei:EntityCommonStockSharesOutstanding
LLTC,2013-08-19,2013-07-26,233196150,dei:EntityCommonStockSharesOutstanding
LLTC,2013-11-07,2013-10-25,234162695,dei:EntityCommonStockSharesOutstanding
LLTC,2014-02-07,2014-01-24,235920816,dei:EntityCommonStockSharesOutstanding
LLTC,2014-05-09,2014-04-25,236554625,dei:EntityCommonStockSharesOutstanding
LLTC,2014-08-20,2014-07-25,238511332,dei:EntityCommonStockSharesOutstanding
LLTC,2014-11-06,2014-10-24,238531669,dei:EntityCommonStockSharesOutstanding
LLTC,2015-02-06,2015-01-23,239194328,dei:EntityCommonStockSharesOutstanding
LLTC,2015-05-06,2015-04-24,239467432,dei:EntityCommonStockSharesOutstanding
LLTC,2015-08-19,2015-07-24,239757722,dei:EntityCommonStockSharesOutstanding
LLTC,2015-11-05,2015-10-23,239145059,dei:EntityCommonStockSharesOutstanding
LLTC,2016-02-11,2016-01-29,239345853,dei:EntityCommonStockSharesOutstanding
LLTC,2016-05-05,2016-04-29,239098194,dei:EntityCommonStockSharesOutstanding
LLTC,2016-08-25,2016-07-29,239721247,dei:EntityCommonStockSharesOutstanding
LLTC,2016-11-09,2016-10-28,240357860,dei:EntityCommonStockSharesOutstanding
LLTC,2017-01-31,2017-01-27,240775705,dei:EntityCommonStockSharesOutstanding
LMCA,2013-05-09,2013-03-31,240000000,us-gaap:WeightedAverageNumberOfSharesOutstandingBasic
LMCA,2013-08-06,2013-06-30,238000000,us-gaap:WeightedAverageNumberOfSharesOutstandingBasic
LMCA,2013-11-05,2013-09-30,238000000,us-gaap:WeightedAverageNumberOfSharesOutstandingBasic
LMCA,2014-02-28,2013-12-31,323000000,us-gaap:WeightedAverageNumberOfSharesOutstandingBasic
LMCA,2014-05-08,2014-03-31,113000000,us-gaap:WeightedAverageNumberOfSharesOutstandingBasic
LMCA,2014-08-05,2014-06-30,698000000,us-gaap:WeightedAverageNumberOfSharesOutstandingBasic
LMCA,2014-11-05,2014-09-30,698000000,us-gaap:WeightedAverageNumberOfSharesOutstandingBasic
LMCA,2015-02-26,2014-12-31,1058000000,us-gaap:WeightedAverageNumberOfSharesOutstandingBasic
LMCA,2015-05-08,2015-03-31,682000000,us-gaap:WeightedAverageNumberOfSharesOutstandingBasic
LMCA,2015-08-05,2015-06-30,679000000,us-gaap:WeightedAverageNumberOfSharesOutstandingBasic
LMCA,2015-11-05,2015-09-30,673000000,us-gaap:WeightedAverageNumberOfSharesOutstandingBasic
LMCA,2016-02-26,2015-12-31,338000000,us-gaap:WeightedAverageNumberOfSharesOutstandingBasic
LMCA,2016-05-09,2016-03-31,335000000,us-gaap:WeightedAverageNumberOfSharesOutstandingBasic
LMCK,2013-05-09,2013-03-31,240000000,us-gaap:WeightedAverageNumberOfSharesOutstandingBasic
LMCK,2013-08-06,2013-06-30,238000000,us-gaap:WeightedAverageNumberOfSharesOutstandingBasic
LMCK,2013-11-05,2013-09-30,238000000,us-gaap:WeightedAverageNumberOfSharesOutstandingBasic
LMCK,2014-02-28,2013-12-31,323000000,us-gaap:WeightedAverageNumberOfSharesOutstandingBasic
LMCK,2014-05-08,2014-03-31,113000000,us-gaap:WeightedAverageNumberOfSharesOutstandingBasic
LMCK,2014-08-05,2014-06-30,698000000,us-gaap:WeightedAverageNumberOfSharesOutstandingBasic
LMCK,2014-11-05,2014-09-30,698000000,us-gaap:WeightedAverageNumberOfSharesOutstandingBasic
LMCK,2015-02-26,2014-12-31,1058000000,us-gaap:WeightedAverageNumberOfSharesOutstandingBasic
LMCK,2015-05-08,2015-03-31,682000000,us-gaap:WeightedAverageNumberOfSharesOutstandingBasic
LMCK,2015-08-05,2015-06-30,679000000,us-gaap:WeightedAverageNumberOfSharesOutstandingBasic
LMCK,2015-11-05,2015-09-30,673000000,us-gaap:WeightedAverageNumberOfSharesOutstandingBasic
LMCK,2016-02-26,2015-12-31,338000000,us-gaap:WeightedAverageNumberOfSharesOutstandingBasic
LMCK,2016-05-09,2016-03-31,335000000,us-gaap:WeightedAverageNumberOfSharesOutstandingBasic
LRCX,2010-11-03,2010-10-29,122978708,dei:EntityCommonStockSharesOutstanding
LRCX,2011-02-03,2011-01-28,123549931,dei:EntityCommonStockSharesOutstanding
LRCX,2011-05-03,2011-04-29,124490743,dei:EntityCommonStockSharesOutstanding
LRCX,2011-08-19,2011-08-12,123785429,dei:EntityCommonStockSharesOutstanding
LRCX,2011-11-03,2011-10-28,119550124,dei:EntityCommonStockSharesOutstanding
LRCX,2012-02-03,2012-01-30,119883889,dei:EntityCommonStockSharesOutstanding
LRCX,2012-05-03,2012-04-27,120264497,dei:EntityCommonStockSharesOutstanding
LRCX,2012-08-22,2012-08-14,182306362,dei:EntityCommonStockSharesOutstanding
LRCX,2012-11-01,2012-10-26,171342079,dei:EntityCommonStockSharesOutstanding
LRCX,2013-01-31,2013-01-25,162346938,dei:EntityCommonStockSharesOutstanding
LRCX,2013-05-09,2013-05-03,162717165,dei:EntityCommonStockSharesOutstanding
LRCX,2013-08-27,2013-08-20,163149977,dei:EntityCommonStockSharesOutstanding
LRCX,2013-11-07,2013-11-01,162391905,dei:EntityCommonStockSharesOutstanding
LRCX,2014-02-06,2014-01-31,162312544,dei:EntityCommonStockSharesOutstanding
LRCX,2014-05-08,2014-05-02,162130379,dei:EntityCommonStockSharesOutstanding
LRCX,2014-08-26,2014-08-20,162075237,dei:EntityCommonStockSharesOutstanding
LRCX,2014-11-03,2014-10-28,158960476,dei:EntityCommonStockSharesOutstanding
LRCX,2015-02-03,2015-01-28,159316108,dei:EntityCommonStockSharesOutstanding
LRCX,2015-04-30,2015-04-27,158325352,dei:EntityCommonStockSharesOutstanding
LRCX,2015-08-13,2015-08-05,158186976,dei:EntityCommonStockSharesOutstanding
LRCX,2015-11-03,2015-10-23,158392493,dei:EntityCommonStockSharesOutstanding
LRCX,2016-02-03,2016-01-29,158893928,dei:EntityCommonStockSharesOutstanding
LRCX,2016-04-25,2016-04-21,159597645,dei:EntityCommonStockSharesOutstanding
LRCX,2016-08-17,2016-08-10,160260009,dei:EntityCommonStockSharesOutstanding
LRCX,2016-10-25,2016-10-20,162829959,dei:EntityCommonStockSharesOutstanding
LRCX,2017-01-30,2017-01-26,162843881,dei:EntityCommonStockSharesOutstanding
LRCX,2017-04-24,2017-04-20,161311880,dei:EntityCommonStockSharesOutstanding
LRCX,2017-08-15,2017-08-10,162454686,dei:EntityCommonStockSharesOutstanding
LRCX,2017-10-23,2017-10-19,161946248,dei:EntityCommonStockSharesOutstanding
LRCX,2018-01-30,2018-01-25,162952484,dei:EntityCommonStockSharesOutstanding
LRCX,2018-04-24,2018-04-19,164045205,dei:EntityCommonStockSharesOutstanding
LRCX,2018-08-14,2018-08-09,157579984,dei:EntityCommonStockSharesOutstanding
LRCX,2018-10-23,2018-10-22,155182806,dei:EntityCommonStockSharesOutstanding
LRCX,2019-01-30,2019-01-28,152593454,dei:EntityCommonStockSharesOutstanding
LRCX,2019-04-30,2019-04-26,149926529,dei:EntityCommonStockSharesOutstanding
LRCX,2019-08-20,2019-08-15,144532998,dei:EntityCommonStockSharesOutstanding
LRCX,2019-10-29,2019-10-25,145078888,dei:EntityCommonStockSharesOutstanding
LRCX,2020-02-04,2020-01-31,145548470,dei:EntityCommonStockSharesOutstanding
LRCX,2020-04-28,2020-04-24,145162229,dei:EntityCommonStockSharesOutstanding
LRCX,2020-08-18,2020-08-13,145625225,dei:EntityCommonStockSharesOutstanding
LRCX,2020-10-27,2020-10-23,144009220,dei:EntityCommonStockSharesOutstanding
LRCX,2021-02-02,2021-01-29,142908315,dei:EntityCommonStockSharesOutstanding
LRCX,2021-04-28,2021-04-26,142619346,dei:EntityCommonStockSharesOutstanding
LRCX,2021-08-17,2021-08-12,141953681,dei:EntityCommonStockSharesOutstanding
LRCX,2021-10-26,2021-10-22,140798697,dei:EntityCommonStockSharesOutstanding
LRCX,2022-02-01,2022-01-28,139500143,dei:EntityCommonStockSharesOutstanding
LRCX,2022-04-26,2022-04-22,138715027,dei:EntityCommonStockSharesOutstanding
LRCX,2022-08-24,2022-08-22,136987792,dei:EntityCommonStockSharesOutstanding
LRCX,2022-10-24,2022-10-20,136379336,dei:EntityCommonStockSharesOutstanding
LRCX,2023-01-30,2023-01-26,134936209,dei:EntityCommonStockSharesOutstanding
LRCX,2023-04-24,2023-04-20,134340474,dei:EntityCommonStockSharesOutstanding
LRCX,2023-08-15,2023-08-10,132511701,dei:EntityCommonStockSharesOutstanding
LRCX,2023-10-23,2023-10-19,131792000,dei:EntityCommonStockSharesOutstanding
LRCX,2024-01-29,2024-01-25,131103000,dei:EntityCommonStockSharesOutstanding
LRCX,2024-04-29,2024-04-25,130741000,dei:EntityCommonStockSharesOutstanding
LRCX,2024-08-29,2024-08-22,129876000,dei:EntityCommonStockSharesOutstanding
LRCX,2024-10-28,2024-10-24,1286685000,dei:EntityCommonStockSharesOutstanding
LRCX,2025-01-31,2025-01-29,1283662000,dei:EntityCommonStockSharesOutstanding
LRCX,2025-04-25,2025-04-23,1279118000,dei:EntityCommonStockSharesOutstanding
LRCX,2025-08-11,2025-08-07,1265621000,dei:EntityCommonStockSharesOutstanding
LRCX,2025-10-24,2025-10-22,1256030000,dei:EntityCommonStockSharesOutstanding
LRCX,2026-01-29,2026-01-27,1248771000,dei:EntityCommonStockSharesOutstanding
LRCX,2026-04-23,2026-04-21,1250571000,dei:EntityCommonStockSharesOutstanding
LULU,2010-09-10,2010-09-07,57781740,dei:EntityCommonStockSharesOutstanding
LULU,2010-12-09,2010-12-06,52840199,dei:EntityCommonStockSharesOutstanding
LULU,2011-03-17,2011-03-14,53563117,dei:EntityCommonStockSharesOutstanding
LULU,2011-06-10,2011-06-06,54057260,dei:EntityCommonStockSharesOutstanding
LULU,2011-09-09,2011-09-06,108803942,dei:EntityCommonStockSharesOutstanding
LULU,2011-12-01,2011-11-28,109359280,dei:EntityCommonStockSharesOutstanding
LULU,2012-03-22,2012-03-19,111054699,dei:EntityCommonStockSharesOutstanding
LULU,2012-06-07,2012-06-04,111547386,dei:EntityCommonStockSharesOutstanding
LULU,2012-09-07,2012-09-04,111633060,dei:EntityCommonStockSharesOutstanding
LULU,2012-12-06,2012-12-03,111777042,dei:EntityCommonStockSharesOutstanding
LULU,2013-03-21,2013-03-18,112401614,dei:EntityCommonStockSharesOutstanding
LULU,2013-06-10,2013-06-05,113517560,dei:EntityCommonStockSharesOutstanding
LULU,2013-09-12,2013-09-09,115006352,dei:EntityCommonStockSharesOutstanding
LULU,2013-12-12,2013-12-09,115223687,dei:EntityCommonStockSharesOutstanding
LULU,2014-03-27,2014-03-24,115411223,dei:EntityCommonStockSharesOutstanding
LULU,2014-06-12,2014-06-09,115523575,dei:EntityCommonStockSharesOutstanding
LULU,2014-09-11,2014-09-08,113413705,dei:EntityCommonStockSharesOutstanding
LULU,2014-12-11,2014-12-08,132159928,dei:EntityCommonStockSharesOutstanding
LULU,2015-03-26,2015-03-23,132131605,dei:EntityCommonStockSharesOutstanding
LULU,2015-06-09,2015-06-04,131612198,dei:EntityCommonStockSharesOutstanding
LULU,2015-09-10,2015-09-04,130710657,dei:EntityCommonStockSharesOutstanding
LULU,2015-12-09,2015-12-03,128749784,dei:EntityCommonStockSharesOutstanding
LULU,2016-03-30,2016-03-24,127494121,dei:EntityCommonStockSharesOutstanding
LULU,2016-06-08,2016-06-03,127174155,dei:EntityCommonStockSharesOutstanding
LULU,2016-09-01,2016-08-29,127262705,dei:EntityCommonStockSharesOutstanding
LULU,2016-12-07,2016-12-02,127295920,dei:EntityCommonStockSharesOutstanding
LULU,2017-03-29,2017-03-23,127272795,dei:EntityCommonStockSharesOutstanding
LULU,2017-06-01,2017-05-29,126929282,dei:EntityCommonStockSharesOutstanding
LULU,2017-08-31,2017-08-28,125601122,dei:EntityCommonStockSharesOutstanding
LULU,2017-12-06,2017-12-01,125599066,dei:EntityCommonStockSharesOutstanding
LULU,2018-03-27,2018-03-21,125679588,dei:EntityCommonStockSharesOutstanding
LULU,2018-05-31,2018-05-28,125914467,dei:EntityCommonStockSharesOutstanding
LULU,2018-08-30,2018-08-27,122594553,dei:EntityCommonStockSharesOutstanding
LULU,2018-12-06,2018-12-03,122627574,dei:EntityCommonStockSharesOutstanding
LULU,2019-03-27,2019-03-21,123280140,dei:EntityCommonStockSharesOutstanding
LULU,2019-06-12,2019-06-07,122894703,dei:EntityCommonStockSharesOutstanding
LULU,2019-09-05,2019-08-30,123140731,dei:EntityCommonStockSharesOutstanding
LULU,2019-12-11,2019-12-06,123334595,dei:EntityCommonStockSharesOutstanding
LULU,2020-03-26,2020-03-20,124115144,dei:EntityCommonStockSharesOutstanding
LULU,2020-06-11,2020-06-05,124814503,dei:EntityCommonStockSharesOutstanding
LULU,2020-09-08,2020-09-01,124920793,dei:EntityCommonStockSharesOutstanding
LULU,2020-12-10,2020-12-04,125122533,dei:EntityCommonStockSharesOutstanding
LULU,2021-03-30,2021-03-24,125164616,dei:EntityCommonStockSharesOutstanding
LULU,2021-06-03,2021-05-28,124952259,dei:EntityCommonStockSharesOutstanding
LULU,2021-09-08,2021-09-01,124610529,dei:EntityCommonStockSharesOutstanding
LULU,2021-12-09,2021-12-02,124090903,dei:EntityCommonStockSharesOutstanding
LULU,2022-03-29,2022-03-23,122710357,dei:EntityCommonStockSharesOutstanding
LULU,2022-06-02,2022-05-27,122439795,dei:EntityCommonStockSharesOutstanding
LULU,2022-09-01,2022-08-26,122303352,dei:EntityCommonStockSharesOutstanding
LULU,2022-12-08,2022-12-02,122398776,dei:EntityCommonStockSharesOutstanding
LULU,2023-03-28,2023-03-22,122048680,dei:EntityCommonStockSharesOutstanding
LULU,2023-06-01,2023-05-26,121949471,dei:EntityCommonStockSharesOutstanding
LULU,2023-08-31,2023-08-25,121425283,dei:EntityCommonStockSharesOutstanding
LULU,2023-12-07,2023-12-01,121074786,dei:EntityCommonStockSharesOutstanding
LULU,2024-03-21,2024-03-15,120892132,dei:EntityCommonStockSharesOutstanding
LULU,2024-06-05,2024-05-30,119886401,dei:EntityCommonStockSharesOutstanding
LULU,2024-08-29,2024-08-23,117660550,dei:EntityCommonStockSharesOutstanding
LULU,2024-12-05,2024-11-29,116667564,dei:EntityCommonStockSharesOutstanding
LULU,2025-03-27,2025-03-21,115521231,dei:EntityCommonStockSharesOutstanding
LULU,2025-06-05,2025-05-30,114729430,dei:EntityCommonStockSharesOutstanding
LULU,2025-09-04,2025-08-29,113468082,dei:EntityCommonStockSharesOutstanding
LULU,2025-12-11,2025-12-05,112190041,dei:EntityCommonStockSharesOutstanding
LULU,2026-03-17,2026-03-11,110482671,dei:EntityCommonStockSharesOutstanding
LULU,2026-06-04,2026-05-29,108437957,dei:EntityCommonStockSharesOutstanding
MAR,2009-07-17,2009-06-19,354045738,dei:EntityCommonStockSharesOutstanding
MAR,2009-10-09,2009-09-25,356024123,dei:EntityCommonStockSharesOutstanding
MAR,2010-02-12,2010-01-29,358522350,dei:EntityCommonStockSharesOutstanding
MAR,2010-04-23,2010-04-09,361332043000000,dei:EntityCommonStockSharesOutstanding
MAR,2010-04-28,2010-04-09,361332043,dei:EntityCommonStockSharesOutstanding
MAR,2010-07-16,2010-07-02,362811812,dei:EntityCommonStockSharesOutstanding
MAR,2010-10-08,2010-09-24,364245305,dei:EntityCommonStockSharesOutstanding
MAR,2011-02-18,2011-01-28,367937640,dei:EntityCommonStockSharesOutstanding
MAR,2011-04-22,2011-04-08,359371731,dei:EntityCommonStockSharesOutstanding
MAR,2011-07-15,2011-07-01,352902263,dei:EntityCommonStockSharesOutstanding
MAR,2011-10-07,2011-09-23,335126113,dei:EntityCommonStockSharesOutstanding
MAR,2012-02-16,2012-01-27,333866753,dei:EntityCommonStockSharesOutstanding
MAR,2012-04-19,2012-04-06,331005686,dei:EntityCommonStockSharesOutstanding
MAR,2012-07-12,2012-06-29,322771415,dei:EntityCommonStockSharesOutstanding
MAR,2012-10-04,2012-09-21,315540075,dei:EntityCommonStockSharesOutstanding
MAR,2013-02-20,2013-02-08,312344872,dei:EntityCommonStockSharesOutstanding
MAR,2013-05-02,2013-04-19,307129596,dei:EntityCommonStockSharesOutstanding
MAR,2013-08-01,2013-07-19,303181480,dei:EntityCommonStockSharesOutstanding
MAR,2013-10-31,2013-10-18,299538446,dei:EntityCommonStockSharesOutstanding
MAR,2014-02-20,2014-02-07,294823291,dei:EntityCommonStockSharesOutstanding
MAR,2014-04-30,2014-04-18,292765045,dei:EntityCommonStockSharesOutstanding
MAR,2014-07-30,2014-07-18,290569894,dei:EntityCommonStockSharesOutstanding
MAR,2014-10-29,2014-10-17,283360811,dei:EntityCommonStockSharesOutstanding
MAR,2015-02-19,2015-02-06,276542350,dei:EntityCommonStockSharesOutstanding
MAR,2015-04-30,2015-04-17,274950050,dei:EntityCommonStockSharesOutstanding
MAR,2015-07-30,2015-07-17,265887565,dei:EntityCommonStockSharesOutstanding
MAR,2015-10-29,2015-10-16,257128905,dei:EntityCommonStockSharesOutstanding
MAR,2016-02-18,2016-02-05,253481935,dei:EntityCommonStockSharesOutstanding
MAR,2016-04-28,2016-04-15,254231720,dei:EntityCommonStockSharesOutstanding
MAR,2016-07-28,2016-07-15,254400460,dei:EntityCommonStockSharesOutstanding
MAR,2016-11-09,2016-10-21,390479820,dei:EntityCommonStockSharesOutstanding
MAR,2017-02-21,2017-02-07,383561428,dei:EntityCommonStockSharesOutstanding
MAR,2017-05-09,2017-04-26,378890739,dei:EntityCommonStockSharesOutstanding
MAR,2017-08-08,2017-07-25,372420122,dei:EntityCommonStockSharesOutstanding
MAR,2017-11-08,2017-10-26,364581283,dei:EntityCommonStockSharesOutstanding
MAR,2018-02-15,2018-02-02,357437289,dei:EntityCommonStockSharesOutstanding
MAR,2018-05-10,2018-04-26,353355376,dei:EntityCommonStockSharesOutstanding
MAR,2018-08-07,2018-07-25,346988137,dei:EntityCommonStockSharesOutstanding
MAR,2018-11-06,2018-10-24,341130300,dei:EntityCommonStockSharesOutstanding
MAR,2019-03-01,2019-02-20,339668839,dei:EntityCommonStockSharesOutstanding
MAR,2019-05-10,2019-04-30,332988834,dei:EntityCommonStockSharesOutstanding
MAR,2019-08-06,2019-07-26,329358821,dei:EntityCommonStockSharesOutstanding
MAR,2019-11-05,2019-10-25,326937219,dei:EntityCommonStockSharesOutstanding
MAR,2020-02-27,2020-02-20,324214545,dei:EntityCommonStockSharesOutstanding
MAR,2020-05-11,2020-04-29,324255928,dei:EntityCommonStockSharesOutstanding
MAR,2020-08-10,2020-07-31,324315074,dei:EntityCommonStockSharesOutstanding
MAR,2020-11-06,2020-10-30,324331716,dei:EntityCommonStockSharesOutstanding
MAR,2021-02-18,2021-02-10,324414150,dei:EntityCommonStockSharesOutstanding
MAR,2021-05-10,2021-04-30,325638540,dei:EntityCommonStockSharesOutstanding
MAR,2021-08-03,2021-07-23,325656362,dei:EntityCommonStockSharesOutstanding
MAR,2021-11-03,2021-10-22,325683100,dei:EntityCommonStockSharesOutstanding
MAR,2022-02-15,2022-02-08,326311111,dei:EntityCommonStockSharesOutstanding
MAR,2022-05-04,2022-04-27,327298386,dei:EntityCommonStockSharesOutstanding
MAR,2022-08-02,2022-07-26,324551358,dei:EntityCommonStockSharesOutstanding
MAR,2022-11-03,2022-10-27,316539613,dei:EntityCommonStockSharesOutstanding
MAR,2023-02-14,2023-02-07,308121159,dei:EntityCommonStockSharesOutstanding
MAR,2023-05-02,2023-04-25,303354157,dei:EntityCommonStockSharesOutstanding
MAR,2023-08-01,2023-07-25,298239583,dei:EntityCommonStockSharesOutstanding
MAR,2023-11-02,2023-10-26,293691348,dei:EntityCommonStockSharesOutstanding
MAR,2024-02-13,2024-02-06,289485338,dei:EntityCommonStockSharesOutstanding
MAR,2024-05-01,2024-04-25,285622357,dei:EntityCommonStockSharesOutstanding
MAR,2024-07-31,2024-07-24,281522766,dei:EntityCommonStockSharesOutstanding
MAR,2024-11-04,2024-10-28,277893432,dei:EntityCommonStockSharesOutstanding
MAR,2025-02-11,2025-01-31,275695298,dei:EntityCommonStockSharesOutstanding
MAR,2025-05-06,2025-04-28,273896119,dei:EntityCommonStockSharesOutstanding
MAR,2025-08-05,2025-07-28,271457839,dei:EntityCommonStockSharesOutstanding
MAR,2025-11-04,2025-10-27,268351795,dei:EntityCommonStockSharesOutstanding
MAR,2026-02-10,2026-01-31,264984554,dei:EntityCommonStockSharesOutstanding
MAR,2026-05-06,2026-04-29,263688623,dei:EntityCommonStockSharesOutstanding
MAT,2009-07-29,2009-07-27,359967954,dei:EntityCommonStockSharesOutstanding
MAT,2009-10-28,2009-10-23,361480253,dei:EntityCommonStockSharesOutstanding
MAT,2010-02-24,2010-02-22,363657823,dei:EntityCommonStockSharesOutstanding
MAT,2010-04-28,2010-04-26,364739969,dei:EntityCommonStockSharesOutstanding
MAT,2010-07-28,2010-07-22,359724320,dei:EntityCommonStockSharesOutstanding
MAT,2010-10-27,2010-10-22,358829360,dei:EntityCommonStockSharesOutstanding
MAT,2011-02-24,2011-02-17,348681741,dei:EntityCommonStockSharesOutstanding
MAT,2011-04-27,2011-04-21,347588073,dei:EntityCommonStockSharesOutstanding
MAT,2011-07-20,2011-07-14,342890365,dei:EntityCommonStockSharesOutstanding
MAT,2011-10-26,2011-10-21,338646320,dei:EntityCommonStockSharesOutstanding
MAT,2012-02-23,2012-02-16,338998144,dei:EntityCommonStockSharesOutstanding
MAT,2012-04-25,2012-04-20,340579490,dei:EntityCommonStockSharesOutstanding
MAT,2012-07-25,2012-07-20,340929117,dei:EntityCommonStockSharesOutstanding
MAT,2012-10-24,2012-10-19,343132723,dei:EntityCommonStockSharesOutstanding
MAT,2013-02-26,2013-02-15,344512278,dei:EntityCommonStockSharesOutstanding
MAT,2013-04-22,2013-04-16,345397958,dei:EntityCommonStockSharesOutstanding
MAT,2013-07-25,2013-07-19,344556207,dei:EntityCommonStockSharesOutstanding
MAT,2013-10-24,2013-10-18,338434453,dei:EntityCommonStockSharesOutstanding
MAT,2014-02-26,2014-02-14,340361493,dei:EntityCommonStockSharesOutstanding
MAT,2014-04-29,2014-04-18,339251876,dei:EntityCommonStockSharesOutstanding
MAT,2014-07-29,2014-07-21,337847854,dei:EntityCommonStockSharesOutstanding
MAT,2014-10-28,2014-10-20,338826775,dei:EntityCommonStockSharesOutstanding
MAT,2015-02-25,2015-02-13,338254021,dei:EntityCommonStockSharesOutstanding
MAT,2015-04-28,2015-04-17,338339448,dei:EntityCommonStockSharesOutstanding
MAT,2015-07-28,2015-07-17,338613400,dei:EntityCommonStockSharesOutstanding
MAT,2015-10-27,2015-10-16,339354128,dei:EntityCommonStockSharesOutstanding
MAT,2016-02-25,2016-02-12,340006335,dei:EntityCommonStockSharesOutstanding
MAT,2016-04-28,2016-04-15,340445772,dei:EntityCommonStockSharesOutstanding
MAT,2016-07-28,2016-07-15,340619061,dei:EntityCommonStockSharesOutstanding
MAT,2016-10-27,2016-10-14,342045279,dei:EntityCommonStockSharesOutstanding
MAT,2017-02-23,2017-02-10,342445392,dei:EntityCommonStockSharesOutstanding
MAT,2017-04-27,2017-04-14,342556368,dei:EntityCommonStockSharesOutstanding
MAT,2017-08-02,2017-07-21,342726306,dei:EntityCommonStockSharesOutstanding
MAT,2017-10-26,2017-10-13,343729550,dei:EntityCommonStockSharesOutstanding
MAT,2018-02-27,2018-02-16,343923058,dei:EntityCommonStockSharesOutstanding
MAT,2018-04-26,2018-04-13,344016678,dei:EntityCommonStockSharesOutstanding
MAT,2018-07-25,2018-07-13,344153031,dei:EntityCommonStockSharesOutstanding
MAT,2018-10-25,2018-10-12,345150787,dei:EntityCommonStockSharesOutstanding
MAT,2019-02-22,2019-02-08,345396232,dei:EntityCommonStockSharesOutstanding
MAT,2019-04-26,2019-04-12,345425041,dei:EntityCommonStockSharesOutstanding
MAT,2019-07-26,2019-07-12,345535050,dei:EntityCommonStockSharesOutstanding
MAT,2019-11-12,2019-10-25,346715490,dei:EntityCommonStockSharesOutstanding
MAT,2020-02-25,2020-02-07,346870826,dei:EntityCommonStockSharesOutstanding
MAT,2020-05-06,2020-04-17,346898249,dei:EntityCommonStockSharesOutstanding
MAT,2020-08-10,2020-07-15,346897357,dei:EntityCommonStockSharesOutstanding
MAT,2020-11-03,2020-10-16,348040304,dei:EntityCommonStockSharesOutstanding
MAT,2021-02-25,2021-02-08,348169738,dei:EntityCommonStockSharesOutstanding
MAT,2021-04-29,2021-04-19,348775829,dei:EntityCommonStockSharesOutstanding
MAT,2021-08-09,2021-07-26,348970305,dei:EntityCommonStockSharesOutstanding
MAT,2021-11-04,2021-10-19,350341243,dei:EntityCommonStockSharesOutstanding
MAT,2022-02-28,2022-02-14,352240900,dei:EntityCommonStockSharesOutstanding
MAT,2022-05-03,2022-04-20,352493840,dei:EntityCommonStockSharesOutstanding
MAT,2022-08-09,2022-07-18,353252965,dei:EntityCommonStockSharesOutstanding
MAT,2022-11-01,2022-10-18,354401538,dei:EntityCommonStockSharesOutstanding
MAT,2023-02-22,2023-02-10,355711972,dei:EntityCommonStockSharesOutstanding
MAT,2023-05-02,2023-04-17,353956791,dei:EntityCommonStockSharesOutstanding
MAT,2023-08-01,2023-07-14,354139491,dei:EntityCommonStockSharesOutstanding
MAT,2023-11-09,2023-10-25,353232620,dei:EntityCommonStockSharesOutstanding
MAT,2024-03-15,2024-03-04,344000000,dei:EntityCommonStockSharesOutstanding
MAT,2024-04-30,2024-04-15,344100000,dei:EntityCommonStockSharesOutstanding
MAT,2024-07-30,2024-07-15,339900000,dei:EntityCommonStockSharesOutstanding
MAT,2024-10-30,2024-10-14,336900000,dei:EntityCommonStockSharesOutstanding
MAT,2025-02-26,2025-02-06,330200000,dei:EntityCommonStockSharesOutstanding
MAT,2025-05-06,2025-04-21,322900000,dei:EntityCommonStockSharesOutstanding
MAT,2025-07-29,2025-07-17,322200000,dei:EntityCommonStockSharesOutstanding
MAT,2025-10-29,2025-10-17,310800000,dei:EntityCommonStockSharesOutstanding
MAT,2026-02-23,2026-02-11,302200000,dei:EntityCommonStockSharesOutstanding
MAT,2026-05-01,2026-04-21,290600000,dei:EntityCommonStockSharesOutstanding
MCHP,2009-08-10,2009-07-31,182951234,dei:EntityCommonStockSharesOutstanding
MCHP,2009-11-06,2009-10-30,183591698,dei:EntityCommonStockSharesOutstanding
MCHP,2010-02-09,2010-01-31,184235381,dei:EntityCommonStockSharesOutstanding
MCHP,2010-06-02,2010-05-21,185542931,dei:EntityCommonStockSharesOutstanding
MCHP,2010-08-09,2010-06-30,185932883,dei:EntityCommonStockSharesOutstanding
MCHP,2010-11-08,2010-10-29,186824448,dei:EntityCommonStockSharesOutstanding
MCHP,2011-02-08,2011-01-31,188422764,dei:EntityCommonStockSharesOutstanding
MCHP,2011-05-31,2011-05-20,190479654,dei:EntityCommonStockSharesOutstanding
MCHP,2011-08-09,2011-07-29,190598936,dei:EntityCommonStockSharesOutstanding
MCHP,2011-11-07,2011-10-28,191131390,dei:EntityCommonStockSharesOutstanding
MCHP,2012-02-06,2012-01-31,192059479,dei:EntityCommonStockSharesOutstanding
MCHP,2012-05-30,2012-05-25,193583220,dei:EntityCommonStockSharesOutstanding
MCHP,2012-08-09,2012-07-27,193692483,dei:EntityCommonStockSharesOutstanding
MCHP,2012-11-09,2012-10-31,194605470,dei:EntityCommonStockSharesOutstanding
MCHP,2013-02-11,2013-01-31,195362612,dei:EntityCommonStockSharesOutstanding
MCHP,2013-05-30,2013-05-24,197140957,dei:EntityCommonStockSharesOutstanding
MCHP,2013-08-09,2013-07-31,197304762,dei:EntityCommonStockSharesOutstanding
MCHP,2013-11-08,2013-10-31,198368386,dei:EntityCommonStockSharesOutstanding
MCHP,2014-02-07,2014-01-31,199134437,dei:EntityCommonStockSharesOutstanding
MCHP,2014-05-30,2014-05-23,200291129,dei:EntityCommonStockSharesOutstanding
MCHP,2014-08-11,2014-07-31,200400918,dei:EntityCommonStockSharesOutstanding
MCHP,2014-11-10,2014-10-31,200965645,dei:EntityCommonStockSharesOutstanding
MCHP,2015-02-03,2015-01-21,201448608,dei:EntityCommonStockSharesOutstanding
MCHP,2015-05-27,2015-05-20,202323225,dei:EntityCommonStockSharesOutstanding
MCHP,2015-08-06,2015-08-04,211091149,dei:EntityCommonStockSharesOutstanding
MCHP,2015-11-09,2015-10-28,203122333,dei:EntityCommonStockSharesOutstanding
MCHP,2016-02-05,2016-01-27,203501011,dei:EntityCommonStockSharesOutstanding
MCHP,2016-05-24,2016-05-16,214815223,dei:EntityCommonStockSharesOutstanding
MCHP,2016-08-09,2016-07-31,215288443,dei:EntityCommonStockSharesOutstanding
MCHP,2016-11-08,2016-10-31,216016163,dei:EntityCommonStockSharesOutstanding
MCHP,2017-02-08,2017-01-31,216432165,dei:EntityCommonStockSharesOutstanding
MCHP,2017-05-30,2017-05-19,229397877,dei:EntityCommonStockSharesOutstanding
MCHP,2017-08-04,2017-07-26,232728449,dei:EntityCommonStockSharesOutstanding
MCHP,2017-11-07,2017-10-27,233905387,dei:EntityCommonStockSharesOutstanding
MCHP,2018-02-07,2018-01-31,234343061,dei:EntityCommonStockSharesOutstanding
MCHP,2018-05-18,2018-05-09,235036703,dei:EntityCommonStockSharesOutstanding
MCHP,2018-08-09,2018-08-06,235557828,dei:EntityCommonStockSharesOutstanding
MCHP,2018-11-07,2018-11-05,236509664,dei:EntityCommonStockSharesOutstanding
MCHP,2019-02-06,2019-01-31,236968953,dei:EntityCommonStockSharesOutstanding
MCHP,2019-05-30,2019-05-28,237926508,dei:EntityCommonStockSharesOutstanding
MCHP,2019-08-07,2019-08-05,238043610,dei:EntityCommonStockSharesOutstanding
MCHP,2019-11-06,2019-10-31,238977636,dei:EntityCommonStockSharesOutstanding
MCHP,2020-02-04,2020-01-29,239538076,dei:EntityCommonStockSharesOutstanding
MCHP,2020-05-22,2020-05-14,245332497,dei:EntityCommonStockSharesOutstanding
MCHP,2020-08-04,2020-07-29,252451515,dei:EntityCommonStockSharesOutstanding
MCHP,2020-11-05,2020-10-31,260376158,dei:EntityCommonStockSharesOutstanding
MCHP,2021-02-04,2021-01-31,269262013,dei:EntityCommonStockSharesOutstanding
MCHP,2021-05-18,2021-05-07,273531409,dei:EntityCommonStockSharesOutstanding
MCHP,2021-08-03,2021-07-28,274040171,dei:EntityCommonStockSharesOutstanding
MCHP,2021-11-04,2021-10-28,554870712,dei:EntityCommonStockSharesOutstanding
MCHP,2022-02-03,2022-01-27,555990729,dei:EntityCommonStockSharesOutstanding
MCHP,2022-05-20,2022-05-12,554501300,dei:EntityCommonStockSharesOutstanding
MCHP,2022-08-02,2022-07-27,552484192,dei:EntityCommonStockSharesOutstanding
MCHP,2022-11-03,2022-10-27,550008710,dei:EntityCommonStockSharesOutstanding
MCHP,2023-02-02,2023-01-26,547795897,dei:EntityCommonStockSharesOutstanding
MCHP,2023-05-25,2023-05-22,545384035,dei:EntityCommonStockSharesOutstanding
MCHP,2023-08-03,2023-07-26,544334286,dei:EntityCommonStockSharesOutstanding
MCHP,2023-11-02,2023-10-26,541045298,dei:EntityCommonStockSharesOutstanding
MCHP,2024-02-01,2024-01-26,540387949,dei:EntityCommonStockSharesOutstanding
MCHP,2024-05-23,2024-05-16,536885996,dei:EntityCommonStockSharesOutstanding
MCHP,2024-08-01,2024-07-26,536505077,dei:EntityCommonStockSharesOutstanding
MCHP,2024-11-05,2024-10-28,537010234,dei:EntityCommonStockSharesOutstanding
MCHP,2025-02-06,2025-01-28,537818969,dei:EntityCommonStockSharesOutstanding
MCHP,2025-05-23,2025-05-15,539399446,dei:EntityCommonStockSharesOutstanding
MCHP,2025-08-07,2025-07-28,539679667,dei:EntityCommonStockSharesOutstanding
MCHP,2025-11-06,2025-10-28,540446834,dei:EntityCommonStockSharesOutstanding
MCHP,2026-02-05,2026-01-28,541135458,dei:EntityCommonStockSharesOutstanding
MCHP,2026-05-21,2026-05-14,542079281,dei:EntityCommonStockSharesOutstanding
MDB,2020-09-03,2020-08-31,58868997,dei:EntityCommonStockSharesOutstanding
MDB,2020-12-09,2020-12-07,60266318,dei:EntityCommonStockSharesOutstanding
MDB,2021-03-22,2021-03-16,61186431,dei:EntityCommonStockSharesOutstanding
MDB,2021-06-04,2021-06-01,62140090,dei:EntityCommonStockSharesOutstanding
MDB,2021-09-03,2021-08-31,66178101,dei:EntityCommonStockSharesOutstanding
MDB,2021-12-08,2021-12-06,66753105,dei:EntityCommonStockSharesOutstanding
MDB,2022-03-18,2022-03-15,67566341,dei:EntityCommonStockSharesOutstanding
MDB,2022-06-03,2022-05-31,68114986,dei:EntityCommonStockSharesOutstanding
MDB,2022-09-02,2022-08-30,68707084,dei:EntityCommonStockSharesOutstanding
MDB,2022-12-08,2022-12-05,69285760,dei:EntityCommonStockSharesOutstanding
MDB,2023-03-17,2023-03-15,70037195,dei:EntityCommonStockSharesOutstanding
MDB,2023-06-02,2023-05-31,70581376,dei:EntityCommonStockSharesOutstanding
MDB,2023-09-01,2023-08-30,71344615,dei:EntityCommonStockSharesOutstanding
MDB,2023-12-07,2023-12-05,72177636,dei:EntityCommonStockSharesOutstanding
MDB,2024-03-15,2024-03-13,72831108,dei:EntityCommonStockSharesOutstanding
MDB,2024-05-31,2024-05-29,73350695,dei:EntityCommonStockSharesOutstanding
MDB,2024-08-30,2024-08-28,73869454,dei:EntityCommonStockSharesOutstanding
MDB,2024-12-10,2024-12-06,74470596,dei:EntityCommonStockSharesOutstanding
MDB,2025-03-21,2025-03-18,81187663,dei:EntityCommonStockSharesOutstanding
MDB,2025-06-04,2025-06-02,81714313,dei:EntityCommonStockSharesOutstanding
MDB,2025-08-27,2025-08-25,81356893,dei:EntityCommonStockSharesOutstanding
MDB,2025-12-02,2025-11-28,81391760,dei:EntityCommonStockSharesOutstanding
MDB,2026-03-11,2026-03-09,80369527,dei:EntityCommonStockSharesOutstanding
MDB,2026-05-29,2026-05-27,80431927,dei:EntityCommonStockSharesOutstanding
MDLZ,2009-08-05,2009-06-30,1474965403,dei:EntityCommonStockSharesOutstanding
MDLZ,2009-11-03,2009-09-30,1475836525,dei:EntityCommonStockSharesOutstanding
MDLZ,2010-02-25,2010-01-29,1479371197,dei:EntityCommonStockSharesOutstanding
MDLZ,2010-05-07,2010-04-30,1743483521,dei:EntityCommonStockSharesOutstanding
MDLZ,2010-08-19,2010-07-30,1744057736,dei:EntityCommonStockSharesOutstanding
MDLZ,2010-11-05,2010-10-29,1746773569,dei:EntityCommonStockSharesOutstanding
MDLZ,2011-02-28,2011-01-31,1748927248,dei:EntityCommonStockSharesOutstanding
MDLZ,2011-05-06,2011-04-29,1757876206,dei:EntityCommonStockSharesOutstanding
MDLZ,2011-08-05,2011-07-29,1766106763,dei:EntityCommonStockSharesOutstanding
MDLZ,2011-11-04,2011-10-31,1766748686,dei:EntityCommonStockSharesOutstanding
MDLZ,2012-02-27,2012-01-31,1768235021,dei:EntityCommonStockSharesOutstanding
MDLZ,2012-05-04,2012-04-30,1772988094,dei:EntityCommonStockSharesOutstanding
MDLZ,2012-08-03,2012-07-31,1774648852,dei:EntityCommonStockSharesOutstanding
MDLZ,2012-11-08,2012-10-31,1777088152,dei:EntityCommonStockSharesOutstanding
MDLZ,2013-02-25,2013-01-31,1778287539,dei:EntityCommonStockSharesOutstanding
MDLZ,2013-05-08,2013-04-30,1784452636,dei:EntityCommonStockSharesOutstanding
MDLZ,2013-08-08,2013-07-31,1780665630,dei:EntityCommonStockSharesOutstanding
MDLZ,2013-11-07,2013-10-31,1753787532,dei:EntityCommonStockSharesOutstanding
MDLZ,2014-03-03,2014-01-31,1700976286,dei:EntityCommonStockSharesOutstanding
MDLZ,2014-05-08,2014-04-30,1691466169,dei:EntityCommonStockSharesOutstanding
MDLZ,2014-08-08,2014-07-31,1685888380,dei:EntityCommonStockSharesOutstanding
MDLZ,2014-11-06,2014-10-31,1679923170,dei:EntityCommonStockSharesOutstanding
MDLZ,2015-02-20,2015-01-31,1649480188,dei:EntityCommonStockSharesOutstanding
MDLZ,2015-04-30,2015-04-24,1626622679,dei:EntityCommonStockSharesOutstanding
MDLZ,2015-07-31,2015-07-24,1611307164,dei:EntityCommonStockSharesOutstanding
MDLZ,2015-10-29,2015-10-23,1589167484,dei:EntityCommonStockSharesOutstanding
MDLZ,2016-02-19,2016-02-12,1568858264,dei:EntityCommonStockSharesOutstanding
MDLZ,2016-04-28,2016-04-22,1552060693,dei:EntityCommonStockSharesOutstanding
MDLZ,2016-07-27,2016-07-22,1555535018,dei:EntityCommonStockSharesOutstanding
MDLZ,2016-10-26,2016-10-21,1544411707,dei:EntityCommonStockSharesOutstanding
MDLZ,2017-02-24,2017-02-17,1526612169,dei:EntityCommonStockSharesOutstanding
MDLZ,2017-05-03,2017-04-28,1517278172,dei:EntityCommonStockSharesOutstanding
MDLZ,2017-08-02,2017-07-28,1507639931,dei:EntityCommonStockSharesOutstanding
MDLZ,2017-10-31,2017-10-27,1494388598,dei:EntityCommonStockSharesOutstanding
MDLZ,2018-02-09,2018-02-02,1487328466,dei:EntityCommonStockSharesOutstanding
MDLZ,2018-05-02,2018-04-27,1475068042,dei:EntityCommonStockSharesOutstanding
MDLZ,2018-07-26,2018-07-20,1466560999,dei:EntityCommonStockSharesOutstanding
MDLZ,2018-10-30,2018-10-26,1453835415,dei:EntityCommonStockSharesOutstanding
MDLZ,2019-02-08,2019-02-01,1444169449,dei:EntityCommonStockSharesOutstanding
MDLZ,2019-05-01,2019-04-26,1440435771,dei:EntityCommonStockSharesOutstanding
MDLZ,2019-07-31,2019-07-26,1442150501,dei:EntityCommonStockSharesOutstanding
MDLZ,2019-10-30,2019-10-25,1439824371,dei:EntityCommonStockSharesOutstanding
MDLZ,2020-02-07,2020-01-31,1432943006,dei:EntityCommonStockSharesOutstanding
MDLZ,2020-04-29,2020-04-24,1427464062,dei:EntityCommonStockSharesOutstanding
MDLZ,2020-07-29,2020-07-24,1428338344,dei:EntityCommonStockSharesOutstanding
MDLZ,2020-11-03,2020-10-30,1430162763,dei:EntityCommonStockSharesOutstanding
MDLZ,2021-02-05,2021-01-29,1412114559,dei:EntityCommonStockSharesOutstanding
MDLZ,2021-04-28,2021-04-23,1404711224,dei:EntityCommonStockSharesOutstanding
MDLZ,2021-07-27,2021-07-23,1397817443,dei:EntityCommonStockSharesOutstanding
MDLZ,2021-11-02,2021-10-29,1394972132,dei:EntityCommonStockSharesOutstanding
MDLZ,2022-02-04,2022-01-28,1388328044,dei:EntityCommonStockSharesOutstanding
MDLZ,2022-04-26,2022-04-22,1383923632,dei:EntityCommonStockSharesOutstanding
MDLZ,2022-07-26,2022-07-22,1370566113,dei:EntityCommonStockSharesOutstanding
MDLZ,2022-11-01,2022-10-28,1365618508,dei:EntityCommonStockSharesOutstanding
MDLZ,2023-02-03,2023-01-31,1363306849,dei:EntityCommonStockSharesOutstanding
MDLZ,2023-04-27,2023-04-24,1361853497,dei:EntityCommonStockSharesOutstanding
MDLZ,2023-07-27,2023-07-24,1360417919,dei:EntityCommonStockSharesOutstanding
MDLZ,2023-11-01,2023-10-27,1360895585,dei:EntityCommonStockSharesOutstanding
MDLZ,2024-02-02,2024-01-30,1346477411,dei:EntityCommonStockSharesOutstanding
MDLZ,2024-04-30,2024-04-25,1341359018,dei:EntityCommonStockSharesOutstanding
MDLZ,2024-07-30,2024-07-25,1335797706,dei:EntityCommonStockSharesOutstanding
MDLZ,2024-10-29,2024-10-24,1337194254,dei:EntityCommonStockSharesOutstanding
MDLZ,2025-02-05,2025-01-31,1293525167,dei:EntityCommonStockSharesOutstanding
MDLZ,2025-04-29,2025-04-23,1294815373,dei:EntityCommonStockSharesOutstanding
MDLZ,2025-07-29,2025-07-24,1293945412,dei:EntityCommonStockSharesOutstanding
MDLZ,2025-10-28,2025-10-24,1290358492,dei:EntityCommonStockSharesOutstanding
MDLZ,2026-02-04,2026-01-30,1281845669,dei:EntityCommonStockSharesOutstanding
MDLZ,2026-04-28,2026-04-24,1283649766,dei:EntityCommonStockSharesOutstanding
MELI,2010-08-06,2010-08-02,44128876,dei:EntityCommonStockSharesOutstanding
MELI,2010-11-05,2010-11-02,44131376,dei:EntityCommonStockSharesOutstanding
MELI,2011-02-25,2010-12-31,44131376,dei:EntityCommonStockSharesOutstanding
MELI,2011-05-06,2011-05-02,44136660,dei:EntityCommonStockSharesOutstanding
MELI,2011-08-09,2011-08-03,44142020,dei:EntityCommonStockSharesOutstanding
MELI,2011-11-04,2011-11-01,44142020,dei:EntityCommonStockSharesOutstanding
MELI,2012-02-28,2012-02-17,44142020,dei:EntityCommonStockSharesOutstanding
MELI,2012-05-09,2012-03-31,44147120,dei:EntityCommonStockSharesOutstanding
MELI,2012-08-03,2012-07-30,44150420,dei:EntityCommonStockSharesOutstanding
MELI,2012-11-05,2012-10-31,44150920,dei:EntityCommonStockSharesOutstanding
MELI,2013-02-28,2013-02-25,44150920,dei:EntityCommonStockSharesOutstanding
MELI,2013-05-07,2013-04-29,44152933,dei:EntityCommonStockSharesOutstanding
MELI,2013-08-07,2013-07-29,44152933,dei:EntityCommonStockSharesOutstanding
MELI,2013-11-08,2013-10-31,44152933,dei:EntityCommonStockSharesOutstanding
MELI,2014-03-03,2014-02-21,44153892,dei:EntityCommonStockSharesOutstanding
MELI,2014-05-09,2014-05-06,44153892,dei:EntityCommonStockSharesOutstanding
MELI,2014-08-11,2014-07-31,44153892,dei:EntityCommonStockSharesOutstanding
MELI,2014-11-03,2014-10-30,44154572,dei:EntityCommonStockSharesOutstanding
MELI,2015-02-27,2015-02-19,44154932,dei:EntityCommonStockSharesOutstanding
MELI,2015-05-07,2015-05-04,44154932,dei:EntityCommonStockSharesOutstanding
MELI,2015-08-06,2015-07-28,44155589,dei:EntityCommonStockSharesOutstanding
MELI,2015-11-05,2015-10-26,44156854,dei:EntityCommonStockSharesOutstanding
MELI,2016-02-26,2016-02-22,44156854,dei:EntityCommonStockSharesOutstanding
MELI,2016-05-06,2016-04-25,44157341,dei:EntityCommonStockSharesOutstanding
MELI,2016-08-05,2016-08-03,44157341,dei:EntityCommonStockSharesOutstanding
MELI,2016-11-04,2016-11-03,44157341,dei:EntityCommonStockSharesOutstanding
MELI,2017-02-24,2017-02-21,44157364,dei:EntityCommonStockSharesOutstanding
MELI,2017-05-05,2017-05-02,44157364,dei:EntityCommonStockSharesOutstanding
MELI,2017-08-04,2017-08-01,44157364,dei:EntityCommonStockSharesOutstanding
MELI,2017-11-03,2017-11-01,44157364,dei:EntityCommonStockSharesOutstanding
MELI,2018-02-23,2018-02-21,44157364,dei:EntityCommonStockSharesOutstanding
MELI,2018-05-10,2018-05-08,44157364,dei:EntityCommonStockSharesOutstanding
MELI,2018-08-09,2018-08-07,44157364,dei:EntityCommonStockSharesOutstanding
MELI,2018-11-02,2018-10-31,45202859,dei:EntityCommonStockSharesOutstanding
MELI,2019-02-28,2019-02-22,45202859,dei:EntityCommonStockSharesOutstanding
MELI,2019-05-03,2019-05-01,49318513,dei:EntityCommonStockSharesOutstanding
MELI,2019-08-08,2019-08-06,49709956,dei:EntityCommonStockSharesOutstanding
MELI,2019-11-01,2019-10-28,49709955,dei:EntityCommonStockSharesOutstanding
MELI,2020-02-14,2020-02-12,49709955,dei:EntityCommonStockSharesOutstanding
MELI,2020-05-06,2020-05-04,49709955,dei:EntityCommonStockSharesOutstanding
MELI,2020-08-10,2020-08-07,49709955,dei:EntityCommonStockSharesOutstanding
MELI,2020-11-05,2020-11-03,49776613,dei:EntityCommonStockSharesOutstanding
MELI,2020-12-23,2020-12-21,49869727,dei:EntityCommonStockSharesOutstanding
MELI,2021-03-01,2021-02-26,49869727,dei:EntityCommonStockSharesOutstanding
MELI,2021-05-06,2021-05-04,49852319,dei:EntityCommonStockSharesOutstanding
MELI,2021-08-05,2021-08-03,49711650,dei:EntityCommonStockSharesOutstanding
MELI,2021-11-05,2021-11-03,49458958,dei:EntityCommonStockSharesOutstanding
MELI,2022-02-23,2022-02-18,50418980,dei:EntityCommonStockSharesOutstanding
MELI,2022-05-06,2022-05-02,50377981,dei:EntityCommonStockSharesOutstanding
MELI,2022-08-04,2022-08-02,50338275,dei:EntityCommonStockSharesOutstanding
MELI,2022-11-04,2022-11-03,50294893,dei:EntityCommonStockSharesOutstanding
MELI,2023-02-24,2023-02-22,50257751,dei:EntityCommonStockSharesOutstanding
MELI,2023-05-04,2023-05-02,50207607,dei:EntityCommonStockSharesOutstanding
MELI,2023-08-03,2023-08-01,50092669,dei:EntityCommonStockSharesOutstanding
MELI,2023-11-02,2023-11-01,50559537,dei:EntityCommonStockSharesOutstanding
MELI,2024-02-23,2024-02-23,50697442,dei:EntityCommonStockSharesOutstanding
MELI,2024-05-03,2024-05-02,50697442,dei:EntityCommonStockSharesOutstanding
MELI,2024-08-02,2024-08-01,50697438,dei:EntityCommonStockSharesOutstanding
MELI,2024-11-07,2024-11-06,50697375,dei:EntityCommonStockSharesOutstanding
MELI,2025-02-21,2025-02-21,50697375,dei:EntityCommonStockSharesOutstanding
MELI,2025-05-08,2025-05-08,50697375,dei:EntityCommonStockSharesOutstanding
MELI,2025-08-05,2025-08-04,50697375,dei:EntityCommonStockSharesOutstanding
MELI,2025-10-30,2025-10-29,50697182,dei:EntityCommonStockSharesOutstanding
MELI,2026-02-25,2026-02-25,50697182,dei:EntityCommonStockSharesOutstanding
MELI,2026-05-08,2026-05-07,50697182,dei:EntityCommonStockSharesOutstanding
META,2012-07-31,2012-06-30,6051000000,us-gaap:WeightedAverageNumberOfSharesOutstandingBasic
META,2012-10-24,2012-09-30,6903000000,us-gaap:WeightedAverageNumberOfSharesOutstandingBasic
META,2013-02-01,2012-12-31,4407000000,us-gaap:WeightedAverageNumberOfSharesOutstandingBasic
META,2013-05-02,2013-03-31,3733000000,us-gaap:WeightedAverageNumberOfSharesOutstandingBasic
META,2013-07-25,2013-06-30,4804000000,us-gaap:WeightedAverageNumberOfSharesOutstandingBasic
META,2013-11-01,2013-09-30,4838000000,us-gaap:WeightedAverageNumberOfSharesOutstandingBasic
META,2014-01-31,2013-12-31,2420000000,us-gaap:WeightedAverageNumberOfSharesOutstandingBasic
META,2014-04-25,2014-03-31,2545000000,us-gaap:WeightedAverageNumberOfSharesOutstandingBasic
META,2014-07-24,2014-06-30,5112000000,us-gaap:WeightedAverageNumberOfSharesOutstandingBasic
META,2014-10-30,2014-09-30,5152000000,us-gaap:WeightedAverageNumberOfSharesOutstandingBasic
META,2015-01-29,2014-12-31,2614000000,us-gaap:WeightedAverageNumberOfSharesOutstandingBasic
META,2015-04-23,2015-03-31,2784000000,us-gaap:WeightedAverageNumberOfSharesOutstandingBasic
META,2015-07-31,2015-06-30,5586000000,us-gaap:WeightedAverageNumberOfSharesOutstandingBasic
META,2015-11-05,2015-09-30,5604000000,us-gaap:WeightedAverageNumberOfSharesOutstandingBasic
META,2016-01-28,2015-12-31,2803000000,us-gaap:WeightedAverageNumberOfSharesOutstandingBasic
META,2016-04-28,2016-03-31,2843000000,us-gaap:WeightedAverageNumberOfSharesOutstandingBasic
META,2016-07-28,2016-06-30,5706000000,us-gaap:WeightedAverageNumberOfSharesOutstandingBasic
META,2016-11-03,2016-09-30,5728000000,us-gaap:WeightedAverageNumberOfSharesOutstandingBasic
META,2017-02-03,2016-12-31,2863000000,us-gaap:WeightedAverageNumberOfSharesOutstandingBasic
META,2017-05-04,2017-03-31,2891000000,us-gaap:WeightedAverageNumberOfSharesOutstandingBasic
META,2017-07-27,2017-06-30,5795000000,us-gaap:WeightedAverageNumberOfSharesOutstandingBasic
META,2017-11-02,2017-09-30,5802000000,us-gaap:WeightedAverageNumberOfSharesOutstandingBasic
META,2018-02-01,2017-12-31,2901000000,us-gaap:WeightedAverageNumberOfSharesOutstandingBasic
META,2018-04-26,2018-03-31,2906000000,us-gaap:WeightedAverageNumberOfSharesOutstandingBasic
META,2018-07-26,2018-06-30,5795000000,us-gaap:WeightedAverageNumberOfSharesOutstandingBasic
META,2018-10-31,2018-09-30,5780000000,us-gaap:WeightedAverageNumberOfSharesOutstandingBasic
META,2019-01-31,2018-12-31,2890000000,us-gaap:WeightedAverageNumberOfSharesOutstandingBasic
META,2019-04-25,2019-03-31,2856000000,us-gaap:WeightedAverageNumberOfSharesOutstandingBasic
META,2019-07-25,2019-06-30,2855000000,us-gaap:WeightedAverageNumberOfSharesOutstandingBasic
META,2019-10-31,2019-09-30,5709000000,us-gaap:WeightedAverageNumberOfSharesOutstandingBasic
META,2020-01-30,2019-12-31,2854000000,us-gaap:WeightedAverageNumberOfSharesOutstandingBasic
META,2020-04-30,2020-03-31,2851000000,us-gaap:WeightedAverageNumberOfSharesOutstandingBasic
META,2020-07-31,2020-06-30,5701000000,us-gaap:WeightedAverageNumberOfSharesOutstandingBasic
META,2020-10-30,2020-09-30,2850000000,us-gaap:WeightedAverageNumberOfSharesOutstandingBasic
META,2021-01-28,2020-12-31,2851000000,us-gaap:WeightedAverageNumberOfSharesOutstandingBasic
META,2021-04-29,2021-03-31,2847000000,us-gaap:WeightedAverageNumberOfSharesOutstandingBasic
META,2021-07-29,2021-06-30,5675000000,us-gaap:WeightedAverageNumberOfSharesOutstandingBasic
META,2021-10-26,2021-09-30,5646000000,us-gaap:WeightedAverageNumberOfSharesOutstandingBasic
META,2022-02-03,2021-12-31,2815000000,us-gaap:WeightedAverageNumberOfSharesOutstandingBasic
META,2022-04-28,2022-03-31,2725000000,us-gaap:WeightedAverageNumberOfSharesOutstandingBasic
META,2022-07-28,2022-06-30,5418000000,us-gaap:WeightedAverageNumberOfSharesOutstandingBasic
META,2022-10-27,2022-09-30,5385000000,us-gaap:WeightedAverageNumberOfSharesOutstandingBasic
META,2023-02-02,2022-12-31,2687000000,us-gaap:WeightedAverageNumberOfSharesOutstandingBasic
META,2023-04-27,2023-03-31,2587000000,us-gaap:WeightedAverageNumberOfSharesOutstandingBasic
META,2023-07-27,2023-06-30,5145000000,us-gaap:WeightedAverageNumberOfSharesOutstandingBasic
META,2023-10-26,2023-09-30,5153000000,us-gaap:WeightedAverageNumberOfSharesOutstandingBasic
META,2024-02-02,2023-12-31,2574000000,us-gaap:WeightedAverageNumberOfSharesOutstandingBasic
META,2024-04-25,2024-03-31,2545000000,us-gaap:WeightedAverageNumberOfSharesOutstandingBasic
META,2024-08-01,2024-06-30,5074000000,us-gaap:WeightedAverageNumberOfSharesOutstandingBasic
META,2024-10-31,2024-09-30,5065000000,us-gaap:WeightedAverageNumberOfSharesOutstandingBasic
META,2025-01-30,2024-12-31,2534000000,us-gaap:WeightedAverageNumberOfSharesOutstandingBasic
META,2025-05-01,2025-03-31,2527000000,us-gaap:WeightedAverageNumberOfSharesOutstandingBasic
META,2025-07-31,2025-06-30,5040000000,us-gaap:WeightedAverageNumberOfSharesOutstandingBasic
META,2025-10-30,2025-09-30,5037000000,us-gaap:WeightedAverageNumberOfSharesOutstandingBasic
META,2026-01-29,2025-12-31,2521000000,us-gaap:WeightedAverageNumberOfSharesOutstandingBasic
META,2026-04-30,2026-03-31,2534000000,us-gaap:WeightedAverageNumberOfSharesOutstandingBasic
MNST,2010-08-09,2010-08-02,88166076,dei:EntityCommonStockSharesOutstanding
MNST,2010-11-09,2010-10-25,88577347,dei:EntityCommonStockSharesOutstanding
MNST,2011-03-01,2011-02-22,89005264,dei:EntityCommonStockSharesOutstanding
MNST,2011-05-10,2011-04-26,88392874,dei:EntityCommonStockSharesOutstanding
MNST,2011-08-09,2011-07-27,88599051,dei:EntityCommonStockSharesOutstanding
MNST,2011-11-09,2011-10-25,87072807,dei:EntityCommonStockSharesOutstanding
MNST,2012-02-29,2012-02-24,174309342,dei:EntityCommonStockSharesOutstanding
MNST,2012-05-10,2012-04-26,176207845,dei:EntityCommonStockSharesOutstanding
MNST,2012-08-09,2012-07-25,176428972,dei:EntityCommonStockSharesOutstanding
MNST,2012-11-09,2012-10-26,171369859,dei:EntityCommonStockSharesOutstanding
MNST,2013-03-01,2013-02-25,165545860,dei:EntityCommonStockSharesOutstanding
MNST,2013-05-10,2013-04-26,165963808,dei:EntityCommonStockSharesOutstanding
MNST,2013-08-09,2013-07-26,167403681,dei:EntityCommonStockSharesOutstanding
MNST,2013-11-12,2013-10-24,167673196,dei:EntityCommonStockSharesOutstanding
MNST,2014-03-03,2014-02-24,166877164,dei:EntityCommonStockSharesOutstanding
MNST,2014-05-12,2014-04-28,167077394,dei:EntityCommonStockSharesOutstanding
MNST,2014-08-08,2014-07-23,167176357,dei:EntityCommonStockSharesOutstanding
MNST,2014-11-07,2014-10-27,167637920,dei:EntityCommonStockSharesOutstanding
MNST,2015-03-02,2015-02-17,170016322,dei:EntityCommonStockSharesOutstanding
MNST,2015-05-11,2015-04-28,170171054,dei:EntityCommonStockSharesOutstanding
MNST,2015-08-10,2015-07-29,205498468,dei:EntityCommonStockSharesOutstanding
MNST,2015-11-06,2015-10-26,202722461,dei:EntityCommonStockSharesOutstanding
MNST,2016-02-29,2016-02-04,202919837,dei:EntityCommonStockSharesOutstanding
MNST,2016-05-02,2016-04-20,203042661,dei:EntityCommonStockSharesOutstanding
MNST,2016-08-05,2016-07-22,190356702,dei:EntityCommonStockSharesOutstanding
MNST,2016-11-07,2016-10-20,190324886,dei:EntityCommonStockSharesOutstanding
MNST,2017-03-01,2017-02-10,566619343,dei:EntityCommonStockSharesOutstanding
MNST,2017-05-08,2017-04-24,567811810,dei:EntityCommonStockSharesOutstanding
MNST,2017-08-09,2017-08-01,568169102,dei:EntityCommonStockSharesOutstanding
MNST,2017-11-09,2017-10-26,563963300,dei:EntityCommonStockSharesOutstanding
MNST,2018-03-01,2018-02-12,566402748,dei:EntityCommonStockSharesOutstanding
MNST,2018-05-10,2018-04-26,562681834,dei:EntityCommonStockSharesOutstanding
MNST,2018-08-09,2018-08-01,552523130,dei:EntityCommonStockSharesOutstanding
MNST,2018-11-08,2018-10-31,552963481,dei:EntityCommonStockSharesOutstanding
MNST,2019-02-28,2019-02-20,543148169,dei:EntityCommonStockSharesOutstanding
MNST,2019-05-03,2019-04-17,543576196,dei:EntityCommonStockSharesOutstanding
MNST,2019-08-08,2019-07-29,544879342,dei:EntityCommonStockSharesOutstanding
MNST,2019-11-08,2019-10-30,537681684,dei:EntityCommonStockSharesOutstanding
MNST,2020-02-28,2020-02-20,536896142,dei:EntityCommonStockSharesOutstanding
MNST,2020-05-11,2020-04-30,526563592,dei:EntityCommonStockSharesOutstanding
MNST,2020-08-06,2020-07-31,527396445,dei:EntityCommonStockSharesOutstanding
MNST,2020-11-06,2020-10-30,527916757,dei:EntityCommonStockSharesOutstanding
MNST,2021-03-01,2021-02-19,528137036,dei:EntityCommonStockSharesOutstanding
MNST,2021-05-07,2021-04-30,528562217,dei:EntityCommonStockSharesOutstanding
MNST,2021-08-09,2021-07-30,528885811,dei:EntityCommonStockSharesOutstanding
MNST,2021-11-05,2021-10-29,529139115,dei:EntityCommonStockSharesOutstanding
MNST,2022-02-28,2022-02-16,529358860,dei:EntityCommonStockSharesOutstanding
MNST,2022-05-06,2022-04-29,529671407,dei:EntityCommonStockSharesOutstanding
MNST,2022-08-05,2022-07-29,526885495,dei:EntityCommonStockSharesOutstanding
MNST,2022-11-04,2022-10-31,521743612,dei:EntityCommonStockSharesOutstanding
MNST,2023-03-01,2023-02-16,522409358,dei:EntityCommonStockSharesOutstanding
MNST,2023-05-05,2023-04-28,1046711932,dei:EntityCommonStockSharesOutstanding
MNST,2023-08-04,2023-07-31,1047518325,dei:EntityCommonStockSharesOutstanding
MNST,2023-11-06,2023-10-31,1040441348,dei:EntityCommonStockSharesOutstanding
MNST,2024-02-29,2024-02-15,1040636235,dei:EntityCommonStockSharesOutstanding
MNST,2024-05-07,2024-04-26,1041728228,dei:EntityCommonStockSharesOutstanding
MNST,2024-08-08,2024-07-31,979543967,dei:EntityCommonStockSharesOutstanding
MNST,2024-11-08,2024-10-31,972519659,dei:EntityCommonStockSharesOutstanding
MNST,2025-02-28,2025-02-14,973158896,dei:EntityCommonStockSharesOutstanding
MNST,2025-05-09,2025-04-30,975246159,dei:EntityCommonStockSharesOutstanding
MNST,2025-08-08,2025-07-31,976428189,dei:EntityCommonStockSharesOutstanding
MNST,2025-11-07,2025-10-31,977021216,dei:EntityCommonStockSharesOutstanding
MNST,2026-02-27,2026-02-13,978270734,dei:EntityCommonStockSharesOutstanding
MNST,2026-05-08,2026-04-30,978008110,dei:EntityCommonStockSharesOutstanding
MPWR,2011-08-09,2011-07-22,33466364,dei:EntityCommonStockSharesOutstanding
MPWR,2011-10-27,2011-10-18,33694064,dei:EntityCommonStockSharesOutstanding
MPWR,2012-03-12,2012-02-22,34185705,dei:EntityCommonStockSharesOutstanding
MPWR,2012-05-08,2012-04-30,34556346,dei:EntityCommonStockSharesOutstanding
MPWR,2012-08-27,2012-07-17,34842856,dei:EntityCommonStockSharesOutstanding
MPWR,2012-11-05,2012-10-26,35475580,dei:EntityCommonStockSharesOutstanding
MPWR,2013-03-05,2013-02-20,36501530,dei:EntityCommonStockSharesOutstanding
MPWR,2013-05-02,2013-04-25,36775880,dei:EntityCommonStockSharesOutstanding
MPWR,2013-08-06,2013-07-31,37636888,dei:EntityCommonStockSharesOutstanding
MPWR,2013-10-28,2013-10-21,38206635,dei:EntityCommonStockSharesOutstanding
MPWR,2014-03-10,2014-03-03,38686172,dei:EntityCommonStockSharesOutstanding
MPWR,2014-05-01,2014-04-25,38605790,dei:EntityCommonStockSharesOutstanding
MPWR,2014-07-29,2014-07-24,38724657,dei:EntityCommonStockSharesOutstanding
MPWR,2014-10-31,2014-10-24,38745011,dei:EntityCommonStockSharesOutstanding
MPWR,2015-03-02,2015-02-23,39290882,dei:EntityCommonStockSharesOutstanding
MPWR,2015-05-06,2015-05-01,39529690,dei:EntityCommonStockSharesOutstanding
MPWR,2015-08-03,2015-07-27,39601382,dei:EntityCommonStockSharesOutstanding
MPWR,2015-10-28,2015-10-23,39519243,dei:EntityCommonStockSharesOutstanding
MPWR,2016-02-29,2016-02-22,40199618,dei:EntityCommonStockSharesOutstanding
MPWR,2016-05-06,2016-05-02,40291092,dei:EntityCommonStockSharesOutstanding
MPWR,2016-07-29,2016-07-25,40492256,dei:EntityCommonStockSharesOutstanding
MPWR,2016-11-03,2016-10-28,40673857,dei:EntityCommonStockSharesOutstanding
MPWR,2017-03-01,2017-02-20,41171970,dei:EntityCommonStockSharesOutstanding
MPWR,2017-05-05,2017-05-01,41265113,dei:EntityCommonStockSharesOutstanding
MPWR,2017-07-31,2017-07-24,41384130,dei:EntityCommonStockSharesOutstanding
MPWR,2017-11-06,2017-10-30,41516913,dei:EntityCommonStockSharesOutstanding
MPWR,2018-03-01,2018-02-21,42132242,dei:EntityCommonStockSharesOutstanding
MPWR,2018-05-08,2018-05-03,42187416,dei:EntityCommonStockSharesOutstanding
MPWR,2018-08-02,2018-07-26,42299700,dei:EntityCommonStockSharesOutstanding
MPWR,2018-11-02,2018-10-29,42412000,dei:EntityCommonStockSharesOutstanding
MPWR,2019-03-01,2019-02-20,42916000,dei:EntityCommonStockSharesOutstanding
MPWR,2019-05-10,2019-05-03,43057000,dei:EntityCommonStockSharesOutstanding
MPWR,2019-08-02,2019-07-29,43244000,dei:EntityCommonStockSharesOutstanding
MPWR,2019-11-01,2019-10-28,43439000,dei:EntityCommonStockSharesOutstanding
MPWR,2020-02-28,2020-02-19,44602000,dei:EntityCommonStockSharesOutstanding
MPWR,2020-05-11,2020-05-04,44740000,dei:EntityCommonStockSharesOutstanding
MPWR,2020-08-03,2020-07-27,44913000,dei:EntityCommonStockSharesOutstanding
MPWR,2020-11-06,2020-11-02,45097000,dei:EntityCommonStockSharesOutstanding
MPWR,2021-03-01,2021-02-22,45621000,dei:EntityCommonStockSharesOutstanding
MPWR,2021-05-10,2021-05-03,45754000,dei:EntityCommonStockSharesOutstanding
MPWR,2021-08-09,2021-08-02,45920000,dei:EntityCommonStockSharesOutstanding
MPWR,2021-11-08,2021-11-01,46093000,dei:EntityCommonStockSharesOutstanding
MPWR,2022-02-25,2022-02-18,46509000,dei:EntityCommonStockSharesOutstanding
MPWR,2022-05-10,2022-05-03,46643000,dei:EntityCommonStockSharesOutstanding
MPWR,2022-08-05,2022-07-29,46789000,dei:EntityCommonStockSharesOutstanding
MPWR,2022-11-09,2022-11-02,46942000,dei:EntityCommonStockSharesOutstanding
MPWR,2023-02-24,2023-02-17,47305000,dei:EntityCommonStockSharesOutstanding
MPWR,2023-05-05,2023-04-28,47423000,dei:EntityCommonStockSharesOutstanding
MPWR,2023-08-04,2023-07-28,47778000,dei:EntityCommonStockSharesOutstanding
MPWR,2023-11-08,2023-11-01,47912000,dei:EntityCommonStockSharesOutstanding
MPWR,2024-02-29,2024-02-22,48661000,dei:EntityCommonStockSharesOutstanding
MPWR,2024-05-03,2024-04-26,48672000,dei:EntityCommonStockSharesOutstanding
MPWR,2024-08-02,2024-07-26,48752000,dei:EntityCommonStockSharesOutstanding
MPWR,2024-11-06,2024-10-30,48780000,dei:EntityCommonStockSharesOutstanding
MPWR,2025-03-03,2025-02-21,47866000,dei:EntityCommonStockSharesOutstanding
MPWR,2025-05-05,2025-04-28,47880000,dei:EntityCommonStockSharesOutstanding
MPWR,2025-08-04,2025-07-28,47892000,dei:EntityCommonStockSharesOutstanding
MPWR,2025-11-05,2025-10-29,47907000,dei:EntityCommonStockSharesOutstanding
MPWR,2026-02-27,2026-02-20,49118000,dei:EntityCommonStockSharesOutstanding
MPWR,2026-05-04,2026-04-27,49130000,dei:EntityCommonStockSharesOutstanding
MRNA,2019-03-13,2019-03-06,329000469,dei:EntityCommonStockSharesOutstanding
MRNA,2019-05-09,2019-04-29,329003270,dei:EntityCommonStockSharesOutstanding
MRNA,2019-08-08,2019-07-31,330182202,dei:EntityCommonStockSharesOutstanding
MRNA,2019-11-06,2019-10-31,333250115,dei:EntityCommonStockSharesOutstanding
MRNA,2020-02-27,2020-02-26,368642548,dei:EntityCommonStockSharesOutstanding
MRNA,2020-05-07,2020-04-30,371223865,dei:EntityCommonStockSharesOutstanding
MRNA,2020-08-06,2020-07-31,394586852,dei:EntityCommonStockSharesOutstanding
MRNA,2020-10-30,2020-10-20,395710105,dei:EntityCommonStockSharesOutstanding
MRNA,2021-02-26,2021-02-16,399769582,dei:EntityCommonStockSharesOutstanding
MRNA,2021-05-06,2021-04-30,401527789,dei:EntityCommonStockSharesOutstanding
MRNA,2021-08-05,2021-07-30,403646312,dei:EntityCommonStockSharesOutstanding
MRNA,2021-11-04,2021-10-29,405449527,dei:EntityCommonStockSharesOutstanding
MRNA,2022-02-25,2022-02-18,402872986,dei:EntityCommonStockSharesOutstanding
MRNA,2022-05-04,2022-04-29,397759517,dei:EntityCommonStockSharesOutstanding
MRNA,2022-08-03,2022-07-29,391199544,dei:EntityCommonStockSharesOutstanding
MRNA,2022-11-03,2022-10-31,384180469,dei:EntityCommonStockSharesOutstanding
MRNA,2023-02-24,2023-02-17,386339594,dei:EntityCommonStockSharesOutstanding
MRNA,2023-05-04,2023-04-28,381209341,dei:EntityCommonStockSharesOutstanding
MRNA,2023-08-03,2023-07-31,380592588,dei:EntityCommonStockSharesOutstanding
MRNA,2023-11-03,2023-10-27,381283996,dei:EntityCommonStockSharesOutstanding
MRNA,2024-02-23,2024-02-16,382073208,dei:EntityCommonStockSharesOutstanding
MRNA,2024-05-02,2024-04-26,383239726,dei:EntityCommonStockSharesOutstanding
MRNA,2024-08-01,2024-07-26,384396030,dei:EntityCommonStockSharesOutstanding
MRNA,2024-11-07,2024-10-31,384817811,dei:EntityCommonStockSharesOutstanding
MRNA,2025-02-21,2025-02-14,385815877,dei:EntityCommonStockSharesOutstanding
MRNA,2025-05-01,2025-04-25,386741820,dei:EntityCommonStockSharesOutstanding
MRNA,2025-08-01,2025-07-25,389079757,dei:EntityCommonStockSharesOutstanding
MRNA,2025-11-06,2025-10-31,390679512,dei:EntityCommonStockSharesOutstanding
MRNA,2026-02-20,2026-02-13,394939424,dei:EntityCommonStockSharesOutstanding
MRNA,2026-05-01,2026-04-24,396786259,dei:EntityCommonStockSharesOutstanding
MRVL,2021-06-09,2021-06-02,819500000,dei:EntityCommonStockSharesOutstanding
MRVL,2021-08-27,2021-08-20,823600000,dei:EntityCommonStockSharesOutstanding
MRVL,2021-12-03,2021-11-26,843800000,dei:EntityCommonStockSharesOutstanding
MRVL,2022-03-10,2022-03-03,847800000,dei:EntityCommonStockSharesOutstanding
MRVL,2022-05-27,2022-05-20,849900000,dei:EntityCommonStockSharesOutstanding
MRVL,2022-08-26,2022-08-19,852600000,dei:EntityCommonStockSharesOutstanding
MRVL,2022-12-02,2022-11-25,853200000,dei:EntityCommonStockSharesOutstanding
MRVL,2023-03-09,2023-03-02,856900000,dei:EntityCommonStockSharesOutstanding
MRVL,2023-05-26,2023-05-19,860000000,dei:EntityCommonStockSharesOutstanding
MRVL,2023-08-25,2023-08-18,862800000,dei:EntityCommonStockSharesOutstanding
MRVL,2023-12-01,2023-11-24,864500000,dei:EntityCommonStockSharesOutstanding
MRVL,2024-03-13,2024-03-06,866000000,dei:EntityCommonStockSharesOutstanding
MRVL,2024-05-31,2024-05-24,865600000,dei:EntityCommonStockSharesOutstanding
MRVL,2024-08-30,2024-08-23,866200000,dei:EntityCommonStockSharesOutstanding
MRVL,2024-12-04,2024-11-27,865300000,dei:EntityCommonStockSharesOutstanding
MRVL,2025-03-12,2025-03-05,866100000,dei:EntityCommonStockSharesOutstanding
MRVL,2025-05-30,2025-05-23,862200000,dei:EntityCommonStockSharesOutstanding
MRVL,2025-08-29,2025-08-22,862100000,dei:EntityCommonStockSharesOutstanding
MRVL,2025-12-03,2025-11-26,848100000,dei:EntityCommonStockSharesOutstanding
MRVL,2026-03-11,2026-03-04,874300000,dei:EntityCommonStockSharesOutstanding
MRVL,2026-05-28,2026-05-21,874800000,dei:EntityCommonStockSharesOutstanding
MSFT,2009-10-23,2009-10-19,8879121378,dei:EntityCommonStockSharesOutstanding
MSFT,2010-01-28,2010-01-25,8770460922,dei:EntityCommonStockSharesOutstanding
MSFT,2010-04-22,2010-04-19,8763839329,dei:EntityCommonStockSharesOutstanding
MSFT,2010-07-30,2010-07-20,8653567331,dei:EntityCommonStockSharesOutstanding
MSFT,2010-10-28,2010-10-22,8555523242,dei:EntityCommonStockSharesOutstanding
MSFT,2011-01-27,2011-01-21,8402382031,dei:EntityCommonStockSharesOutstanding
MSFT,2011-04-28,2011-04-21,8432767307,dei:EntityCommonStockSharesOutstanding
MSFT,2011-07-28,2011-07-20,8378265782,dei:EntityCommonStockSharesOutstanding
MSFT,2011-10-20,2011-10-17,8412182277,dei:EntityCommonStockSharesOutstanding
MSFT,2012-01-27,2012-01-17,8390771388,dei:EntityCommonStockSharesOutstanding
MSFT,2012-04-19,2012-04-17,8400866103,dei:EntityCommonStockSharesOutstanding
MSFT,2012-07-26,2012-07-18,8383396575,dei:EntityCommonStockSharesOutstanding
MSFT,2012-10-18,2012-10-15,8416462491,dei:EntityCommonStockSharesOutstanding
MSFT,2013-01-24,2013-01-18,8376244910,dei:EntityCommonStockSharesOutstanding
MSFT,2013-04-18,2013-04-11,8351106590,dei:EntityCommonStockSharesOutstanding
MSFT,2013-07-30,2013-07-18,8329956402,dei:EntityCommonStockSharesOutstanding
MSFT,2013-10-24,2013-10-16,8347968348,dei:EntityCommonStockSharesOutstanding
MSFT,2014-01-23,2014-01-17,8300723725,dei:EntityCommonStockSharesOutstanding
MSFT,2014-04-24,2014-04-17,8260411967,dei:EntityCommonStockSharesOutstanding
MSFT,2014-07-31,2014-07-22,8239848789,dei:EntityCommonStockSharesOutstanding
MSFT,2014-10-23,2014-10-16,8242852827,dei:EntityCommonStockSharesOutstanding
MSFT,2015-01-26,2015-01-22,8203785341,dei:EntityCommonStockSharesOutstanding
MSFT,2015-04-23,2015-04-16,8089575277,dei:EntityCommonStockSharesOutstanding
MSFT,2015-07-31,2015-07-27,7997980969,dei:EntityCommonStockSharesOutstanding
MSFT,2015-10-22,2015-10-15,7987913152,dei:EntityCommonStockSharesOutstanding
MSFT,2016-01-28,2016-01-22,7909302774,dei:EntityCommonStockSharesOutstanding
MSFT,2016-04-21,2016-04-15,7860466856,dei:EntityCommonStockSharesOutstanding
MSFT,2016-07-28,2016-07-25,7792515573,dei:EntityCommonStockSharesOutstanding
MSFT,2016-10-20,2016-10-14,7775350501,dei:EntityCommonStockSharesOutstanding
MSFT,2017-01-26,2017-01-20,7727529820,dei:EntityCommonStockSharesOutstanding
MSFT,2017-04-27,2017-04-21,7720514731,dei:EntityCommonStockSharesOutstanding
MSFT,2017-08-02,2017-07-31,7702243979,dei:EntityCommonStockSharesOutstanding
MSFT,2017-10-26,2017-10-20,7714590195,dei:EntityCommonStockSharesOutstanding
MSFT,2018-01-31,2018-01-26,7699792852,dei:EntityCommonStockSharesOutstanding
MSFT,2018-04-26,2018-04-20,7683197503,dei:EntityCommonStockSharesOutstanding
MSFT,2018-08-03,2018-07-31,7668217316,dei:EntityCommonStockSharesOutstanding
MSFT,2018-10-24,2018-10-19,7676218736,dei:EntityCommonStockSharesOutstanding
MSFT,2019-01-30,2019-01-25,7672213446,dei:EntityCommonStockSharesOutstanding
MSFT,2019-04-24,2019-04-18,7662817920,dei:EntityCommonStockSharesOutstanding
MSFT,2019-08-01,2019-07-29,7635409400,dei:EntityCommonStockSharesOutstanding
MSFT,2019-10-23,2019-10-18,7628805618,dei:EntityCommonStockSharesOutstanding
MSFT,2020-01-29,2020-01-24,7606047010,dei:EntityCommonStockSharesOutstanding
MSFT,2020-04-29,2020-04-24,7583440247,dei:EntityCommonStockSharesOutstanding
MSFT,2020-07-30,2020-07-27,7567652935,dei:EntityCommonStockSharesOutstanding
MSFT,2020-10-27,2020-10-22,7560495969,dei:EntityCommonStockSharesOutstanding
MSFT,2021-01-26,2021-01-21,7542215767,dei:EntityCommonStockSharesOutstanding
MSFT,2021-04-27,2021-04-22,7531574551,dei:EntityCommonStockSharesOutstanding
MSFT,2021-07-29,2021-07-26,7514891248,dei:EntityCommonStockSharesOutstanding
MSFT,2021-10-26,2021-10-21,7507980444,dei:EntityCommonStockSharesOutstanding
MSFT,2022-01-25,2022-01-20,7496866428,dei:EntityCommonStockSharesOutstanding
MSFT,2022-04-26,2022-04-21,7479033135,dei:EntityCommonStockSharesOutstanding
MSFT,2022-07-28,2022-07-25,7457891872,dei:EntityCommonStockSharesOutstanding
MSFT,2022-10-25,2022-10-20,7454473144,dei:EntityCommonStockSharesOutstanding
MSFT,2023-01-24,2023-01-19,7443803533,dei:EntityCommonStockSharesOutstanding
MSFT,2023-04-25,2023-04-20,7435487575,dei:EntityCommonStockSharesOutstanding
MSFT,2023-07-27,2023-07-24,7429763722,dei:EntityCommonStockSharesOutstanding
MSFT,2023-10-24,2023-10-19,7432262329,dei:EntityCommonStockSharesOutstanding
MSFT,2024-01-30,2024-01-25,7430436229,dei:EntityCommonStockSharesOutstanding
MSFT,2024-04-25,2024-04-22,7432305794,dei:EntityCommonStockSharesOutstanding
MSFT,2024-07-30,2024-07-25,7433038381,dei:EntityCommonStockSharesOutstanding
MSFT,2024-10-30,2024-10-24,7434880776,dei:EntityCommonStockSharesOutstanding
MSFT,2025-01-29,2025-01-23,7433982235,dei:EntityCommonStockSharesOutstanding
MSFT,2025-04-30,2025-04-24,7432543865,dei:EntityCommonStockSharesOutstanding
MSFT,2025-07-30,2025-07-24,7433166379,dei:EntityCommonStockSharesOutstanding
MSFT,2025-10-29,2025-10-23,7432377655,dei:EntityCommonStockSharesOutstanding
MSFT,2026-01-28,2026-01-22,7425629076,dei:EntityCommonStockSharesOutstanding
MSFT,2026-04-29,2026-04-23,7428434704,dei:EntityCommonStockSharesOutstanding
MSTR,2011-08-03,2011-06-30,44787000,us-gaap:WeightedAverageNumberOfSharesOutstandingBasic
MSTR,2011-11-03,2011-09-30,44210000,us-gaap:WeightedAverageNumberOfSharesOutstandingBasic
MSTR,2012-02-17,2011-12-31,34003000,us-gaap:WeightedAverageNumberOfSharesOutstandingBasic
MSTR,2012-05-04,2012-03-31,21477000,us-gaap:WeightedAverageNumberOfSharesOutstandingBasic
MSTR,2012-08-03,2012-06-30,21716000,us-gaap:WeightedAverageNumberOfSharesOutstandingBasic
MSTR,2012-11-02,2012-09-30,21961000,us-gaap:WeightedAverageNumberOfSharesOutstandingBasic
MSTR,2013-02-13,2012-12-31,10995000,us-gaap:WeightedAverageNumberOfSharesOutstandingBasic
MSTR,2013-05-03,2013-03-31,11295000,us-gaap:WeightedAverageNumberOfSharesOutstandingBasic
MSTR,2013-08-01,2013-06-30,22599000,us-gaap:WeightedAverageNumberOfSharesOutstandingBasic
MSTR,2013-10-30,2013-09-30,22600000,us-gaap:WeightedAverageNumberOfSharesOutstandingBasic
MSTR,2014-02-12,2013-12-31,11300000,us-gaap:WeightedAverageNumberOfSharesOutstandingBasic
MSTR,2014-04-29,2014-03-31,11301000,us-gaap:WeightedAverageNumberOfSharesOutstandingBasic
MSTR,2014-07-30,2014-06-30,11301000,us-gaap:WeightedAverageNumberOfSharesOutstandingBasic
MSTR,2014-10-29,2014-09-30,11301000,us-gaap:WeightedAverageNumberOfSharesOutstandingBasic
MSTR,2015-02-26,2014-12-31,11301000,us-gaap:WeightedAverageNumberOfSharesOutstandingBasic
MSTR,2015-04-30,2015-03-31,11321000,us-gaap:WeightedAverageNumberOfSharesOutstandingBasic
MSTR,2015-07-30,2015-06-30,22684000,us-gaap:WeightedAverageNumberOfSharesOutstandingBasic
MSTR,2015-10-29,2015-09-30,22710000,us-gaap:WeightedAverageNumberOfSharesOutstandingBasic
MSTR,2016-02-26,2015-12-31,11355000,us-gaap:WeightedAverageNumberOfSharesOutstandingBasic
MSTR,2016-04-27,2016-03-31,11408000,us-gaap:WeightedAverageNumberOfSharesOutstandingBasic
MSTR,2016-07-28,2016-06-30,22846000,us-gaap:WeightedAverageNumberOfSharesOutstandingBasic
MSTR,2016-10-27,2016-09-30,22853000,us-gaap:WeightedAverageNumberOfSharesOutstandingBasic
MSTR,2017-02-10,2016-12-31,11425000,us-gaap:WeightedAverageNumberOfSharesOutstandingBasic
MSTR,2017-04-27,2017-03-31,11439000,us-gaap:WeightedAverageNumberOfSharesOutstandingBasic
MSTR,2017-07-27,2017-06-30,22885000,us-gaap:WeightedAverageNumberOfSharesOutstandingBasic
MSTR,2017-10-26,2017-09-30,22890000,us-gaap:WeightedAverageNumberOfSharesOutstandingBasic
MSTR,2018-02-07,2017-12-31,11444000,us-gaap:WeightedAverageNumberOfSharesOutstandingBasic
MSTR,2018-04-26,2018-03-31,11447000,us-gaap:WeightedAverageNumberOfSharesOutstandingBasic
MSTR,2018-07-26,2018-06-30,22912000,us-gaap:WeightedAverageNumberOfSharesOutstandingBasic
MSTR,2018-10-25,2018-09-30,22925000,us-gaap:WeightedAverageNumberOfSharesOutstandingBasic
MSTR,2019-02-20,2018-12-31,11375000,us-gaap:WeightedAverageNumberOfSharesOutstandingBasic
MSTR,2019-04-30,2019-03-31,10328000,us-gaap:WeightedAverageNumberOfSharesOutstandingBasic
MSTR,2019-07-30,2019-06-30,20523000,us-gaap:WeightedAverageNumberOfSharesOutstandingBasic
MSTR,2019-10-29,2019-09-30,20524000,us-gaap:WeightedAverageNumberOfSharesOutstandingBasic
MSTR,2020-02-14,2019-12-31,10256000,us-gaap:WeightedAverageNumberOfSharesOutstandingBasic
MSTR,2020-04-28,2020-03-31,9976000,us-gaap:WeightedAverageNumberOfSharesOutstandingBasic
MSTR,2020-07-28,2020-06-30,19597000,us-gaap:WeightedAverageNumberOfSharesOutstandingBasic
MSTR,2020-10-27,2020-09-30,19393000,us-gaap:WeightedAverageNumberOfSharesOutstandingBasic
MSTR,2021-02-12,2020-12-31,9684000,us-gaap:WeightedAverageNumberOfSharesOutstandingBasic
MSTR,2021-04-29,2021-03-31,9647000,us-gaap:WeightedAverageNumberOfSharesOutstandingBasic
MSTR,2021-07-29,2021-06-30,19443000,us-gaap:WeightedAverageNumberOfSharesOutstandingBasic
MSTR,2021-10-28,2021-09-30,19797000,us-gaap:WeightedAverageNumberOfSharesOutstandingBasic
MSTR,2022-02-16,2021-12-31,10020000,us-gaap:WeightedAverageNumberOfSharesOutstandingBasic
MSTR,2022-05-03,2022-03-31,11289000,us-gaap:WeightedAverageNumberOfSharesOutstandingBasic
MSTR,2022-08-02,2022-06-30,22594000,us-gaap:WeightedAverageNumberOfSharesOutstandingBasic
MSTR,2022-11-01,2022-09-30,22607000,us-gaap:WeightedAverageNumberOfSharesOutstandingBasic
MSTR,2023-02-16,2022-12-31,11321000,us-gaap:WeightedAverageNumberOfSharesOutstandingBasic
MSTR,2023-05-01,2023-03-31,11834000,us-gaap:WeightedAverageNumberOfSharesOutstandingBasic
MSTR,2023-08-01,2023-06-30,24986000,us-gaap:WeightedAverageNumberOfSharesOutstandingBasic
MSTR,2023-11-01,2023-09-30,25886000,us-gaap:WeightedAverageNumberOfSharesOutstandingBasic
MSTR,2024-02-15,2023-12-31,13671000,us-gaap:WeightedAverageNumberOfSharesOutstandingBasic
MSTR,2024-05-01,2024-03-31,17194000,us-gaap:WeightedAverageNumberOfSharesOutstandingBasic
MSTR,2024-08-06,2024-06-30,35394000,us-gaap:WeightedAverageNumberOfSharesOutstandingBasic
MSTR,2024-10-31,2024-09-30,638830000,us-gaap:WeightedAverageNumberOfSharesOutstandingBasic
MSTR,2025-02-18,2024-12-31,442464000,us-gaap:WeightedAverageNumberOfSharesOutstandingBasic
MSTR,2025-05-05,2025-03-31,428415000,us-gaap:WeightedAverageNumberOfSharesOutstandingBasic
MSTR,2025-08-05,2025-06-30,895087000,us-gaap:WeightedAverageNumberOfSharesOutstandingBasic
MSTR,2025-11-03,2025-09-30,556519000,us-gaap:WeightedAverageNumberOfSharesOutstandingBasic
MSTR,2026-02-19,2025-12-31,277660000,us-gaap:WeightedAverageNumberOfSharesOutstandingBasic
MSTR,2026-05-06,2026-03-31,333913000,us-gaap:WeightedAverageNumberOfSharesOutstandingBasic
MTCH,2010-07-29,2010-07-23,104594041,dei:EntityCommonStockSharesOutstanding
MTCH,2010-10-29,2010-10-22,100382241,dei:EntityCommonStockSharesOutstanding
MTCH,2011-05-06,2011-04-22,89888134,dei:EntityCommonStockSharesOutstanding
MTCH,2020-08-10,2020-07-31,260016024,dei:EntityCommonStockSharesOutstanding
MTCH,2020-11-06,2020-10-30,265983244,dei:EntityCommonStockSharesOutstanding
MTCH,2021-02-25,2021-02-22,268971789,dei:EntityCommonStockSharesOutstanding
MTCH,2021-05-07,2021-05-01,270274610,dei:EntityCommonStockSharesOutstanding
MTCH,2021-08-06,2021-07-30,276810727,dei:EntityCommonStockSharesOutstanding
MTCH,2021-11-08,2021-10-29,283085312,dei:EntityCommonStockSharesOutstanding
MTCH,2022-02-24,2022-02-18,285148288,dei:EntityCommonStockSharesOutstanding
MTCH,2022-05-06,2022-04-29,285592764,dei:EntityCommonStockSharesOutstanding
MTCH,2022-08-05,2022-07-29,282986452,dei:EntityCommonStockSharesOutstanding
MTCH,2022-11-04,2022-10-28,279306106,dei:EntityCommonStockSharesOutstanding
MTCH,2023-02-24,2023-02-17,279323890,dei:EntityCommonStockSharesOutstanding
MTCH,2023-05-05,2023-04-28,278460751,dei:EntityCommonStockSharesOutstanding
MTCH,2023-08-03,2023-07-28,278086755,dei:EntityCommonStockSharesOutstanding
MTCH,2023-11-02,2023-10-27,271811565,dei:EntityCommonStockSharesOutstanding
MTCH,2024-02-23,2024-02-21,268011754,dei:EntityCommonStockSharesOutstanding
MTCH,2024-05-08,2024-05-03,265668115,dei:EntityCommonStockSharesOutstanding
MTCH,2024-08-01,2024-07-26,257895012,dei:EntityCommonStockSharesOutstanding
MTCH,2024-11-12,2024-11-01,251090997,dei:EntityCommonStockSharesOutstanding
MTCH,2025-02-27,2025-02-21,250429132,dei:EntityCommonStockSharesOutstanding
MTCH,2025-05-08,2025-04-30,245225322,dei:EntityCommonStockSharesOutstanding
MTCH,2025-08-06,2025-07-31,240622147,dei:EntityCommonStockSharesOutstanding
MTCH,2025-11-05,2025-10-31,236070189,dei:EntityCommonStockSharesOutstanding
MTCH,2026-02-26,2026-02-20,232644477,dei:EntityCommonStockSharesOutstanding
MTCH,2026-05-06,2026-04-30,233266526,dei:EntityCommonStockSharesOutstanding
MU,2010-01-12,2009-12-03,850661583,dei:EntityCommonStockSharesOutstanding
MU,2011-01-11,2011-01-04,997289280,dei:EntityCommonStockSharesOutstanding
MU,2011-04-12,2011-04-05,1001470854,dei:EntityCommonStockSharesOutstanding
MU,2011-07-12,2011-07-05,1003980834,dei:EntityCommonStockSharesOutstanding
MU,2011-10-25,2011-10-18,987573286,dei:EntityCommonStockSharesOutstanding
MU,2012-01-10,2012-01-03,987819681,dei:EntityCommonStockSharesOutstanding
MU,2012-04-09,2012-04-02,989627195,dei:EntityCommonStockSharesOutstanding
MU,2012-07-09,2012-07-03,1017533224,dei:EntityCommonStockSharesOutstanding
MU,2012-10-29,2012-10-18,1017560523,dei:EntityCommonStockSharesOutstanding
MU,2013-01-07,2012-12-31,1021780637,dei:EntityCommonStockSharesOutstanding
MU,2013-04-08,2013-04-02,1030104505,dei:EntityCommonStockSharesOutstanding
MU,2013-07-08,2013-07-01,1038475112,dei:EntityCommonStockSharesOutstanding
MU,2013-10-28,2013-10-18,1051855450,dei:EntityCommonStockSharesOutstanding
MU,2014-01-07,2014-01-02,1060879576,dei:EntityCommonStockSharesOutstanding
MU,2014-04-07,2014-04-03,1070379433,dei:EntityCommonStockSharesOutstanding
MU,2014-07-03,2014-06-26,1070823247,dei:EntityCommonStockSharesOutstanding
MU,2014-10-27,2014-10-16,1073455204,dei:EntityCommonStockSharesOutstanding
MU,2015-01-09,2015-01-02,1077313410,dei:EntityCommonStockSharesOutstanding
MU,2015-04-10,2015-04-03,1081540268,dei:EntityCommonStockSharesOutstanding
MU,2015-07-10,2015-07-06,1083435628,dei:EntityCommonStockSharesOutstanding
MU,2015-10-27,2015-10-21,1085753663,dei:EntityCommonStockSharesOutstanding
MU,2016-01-08,2016-01-07,1037455896,dei:EntityCommonStockSharesOutstanding
MU,2016-04-08,2016-04-01,1037043109,dei:EntityCommonStockSharesOutstanding
MU,2016-07-06,2016-06-30,1038390543,dei:EntityCommonStockSharesOutstanding
MU,2016-10-28,2016-10-21,1041537057,dei:EntityCommonStockSharesOutstanding
MU,2017-01-09,2017-01-03,1102751846,dei:EntityCommonStockSharesOutstanding
MU,2017-03-28,2017-03-21,1106307123,dei:EntityCommonStockSharesOutstanding
MU,2017-06-30,2017-06-23,1114065834,dei:EntityCommonStockSharesOutstanding
MU,2017-10-26,2017-10-20,1153255224,dei:EntityCommonStockSharesOutstanding
MU,2017-12-20,2017-12-15,1156314972,dei:EntityCommonStockSharesOutstanding
MU,2018-03-23,2018-03-16,1159764549,dei:EntityCommonStockSharesOutstanding
MU,2018-06-22,2018-06-15,1159810627,dei:EntityCommonStockSharesOutstanding
MU,2018-10-15,2018-10-08,1134255375,dei:EntityCommonStockSharesOutstanding
MU,2018-12-19,2018-12-12,1121046809,dei:EntityCommonStockSharesOutstanding
MU,2019-03-21,2019-03-14,1106687011,dei:EntityCommonStockSharesOutstanding
MU,2019-06-26,2019-06-19,1103803379,dei:EntityCommonStockSharesOutstanding
MU,2019-10-17,2019-10-10,1107050823,dei:EntityCommonStockSharesOutstanding
MU,2019-12-20,2019-12-13,1110873554,dei:EntityCommonStockSharesOutstanding
MU,2020-03-26,2020-03-19,1112186006,dei:EntityCommonStockSharesOutstanding
MU,2020-06-29,2020-06-23,1110998472,dei:EntityCommonStockSharesOutstanding
MU,2020-10-19,2020-10-09,1113221799,dei:EntityCommonStockSharesOutstanding
MU,2021-01-08,2021-01-04,1118671492,dei:EntityCommonStockSharesOutstanding
MU,2021-04-01,2021-03-25,1121415561,dei:EntityCommonStockSharesOutstanding
MU,2021-07-01,2021-06-24,1125753560,dei:EntityCommonStockSharesOutstanding
MU,2021-10-08,2021-10-01,1118623738,dei:EntityCommonStockSharesOutstanding
MU,2022-01-06,2022-01-03,1119777110,dei:EntityCommonStockSharesOutstanding
MU,2022-03-30,2022-03-24,1116666857,dei:EntityCommonStockSharesOutstanding
MU,2022-07-01,2022-06-24,1103145108,dei:EntityCommonStockSharesOutstanding
MU,2022-10-07,2022-09-30,1087168584,dei:EntityCommonStockSharesOutstanding
MU,2022-12-22,2022-12-16,1091176552,dei:EntityCommonStockSharesOutstanding
MU,2023-03-29,2023-03-23,1094394354,dei:EntityCommonStockSharesOutstanding
MU,2023-06-29,2023-06-22,1095301608,dei:EntityCommonStockSharesOutstanding
MU,2023-10-06,2023-09-29,1098034471,dei:EntityCommonStockSharesOutstanding
MU,2023-12-21,2023-12-14,1103908880,dei:EntityCommonStockSharesOutstanding
MU,2024-03-21,2024-03-14,1107368110,dei:EntityCommonStockSharesOutstanding
MU,2024-06-27,2024-06-20,1108841326,dei:EntityCommonStockSharesOutstanding
MU,2024-10-04,2024-09-27,1108742682,dei:EntityCommonStockSharesOutstanding
MU,2024-12-19,2024-12-12,1114171932,dei:EntityCommonStockSharesOutstanding
MU,2025-03-21,2025-03-13,1117571525,dei:EntityCommonStockSharesOutstanding
MU,2025-06-26,2025-06-18,1119125101,dei:EntityCommonStockSharesOutstanding
MU,2025-10-03,2025-09-26,1122466035,dei:EntityCommonStockSharesOutstanding
MU,2025-12-18,2025-12-10,1125509261,dei:EntityCommonStockSharesOutstanding
MU,2026-03-19,2026-03-11,1127734051,dei:EntityCommonStockSharesOutstanding
MU,2026-06-25,2026-06-17,1129393151,dei:EntityCommonStockSharesOutstanding
MXIM,2010-11-02,2010-10-26,296060745,dei:EntityCommonStockSharesOutstanding
MXIM,2011-01-24,2011-01-14,296476075000,dei:EntityCommonStockSharesOutstanding
MXIM,2011-04-28,2011-01-14,295367676000,dei:EntityCommonStockSharesOutstanding
MXIM,2011-08-08,2011-07-31,294814489,dei:EntityCommonStockSharesOutstanding
MXIM,2011-10-26,2011-10-14,291713630,dei:EntityCommonStockSharesOutstanding
MXIM,2012-01-30,2012-01-20,291775287,dei:EntityCommonStockSharesOutstanding
MXIM,2012-04-27,2012-04-20,292204009,dei:EntityCommonStockSharesOutstanding
MXIM,2012-08-17,2012-08-07,291825784,dei:EntityCommonStockSharesOutstanding
MXIM,2012-10-26,2012-10-19,291584856,dei:EntityCommonStockSharesOutstanding
MXIM,2013-01-25,2013-01-18,292478140,dei:EntityCommonStockSharesOutstanding
MXIM,2013-04-26,2013-04-19,291072374,dei:EntityCommonStockSharesOutstanding
MXIM,2013-08-13,2013-08-02,284887664,dei:EntityCommonStockSharesOutstanding
MXIM,2013-10-25,2013-10-18,282579141,dei:EntityCommonStockSharesOutstanding
MXIM,2014-02-03,2014-01-27,282066140,dei:EntityCommonStockSharesOutstanding
MXIM,2014-04-25,2014-04-17,282713828,dei:EntityCommonStockSharesOutstanding
MXIM,2014-08-18,2014-08-08,283937002,dei:EntityCommonStockSharesOutstanding
MXIM,2014-10-24,2014-10-17,282920517,dei:EntityCommonStockSharesOutstanding
MXIM,2015-02-04,2015-01-28,282881563,dei:EntityCommonStockSharesOutstanding
MXIM,2015-04-24,2015-04-17,284000722,dei:EntityCommonStockSharesOutstanding
MXIM,2015-08-18,2015-08-07,284355689,dei:EntityCommonStockSharesOutstanding
MXIM,2015-10-23,2015-10-16,284220113,dei:EntityCommonStockSharesOutstanding
MXIM,2016-01-22,2016-01-15,286398344,dei:EntityCommonStockSharesOutstanding
MXIM,2016-04-22,2016-04-15,284310223,dei:EntityCommonStockSharesOutstanding
MXIM,2016-08-12,2016-08-05,283511274,dei:EntityCommonStockSharesOutstanding
MXIM,2016-10-21,2016-10-14,283278391,dei:EntityCommonStockSharesOutstanding
MXIM,2017-01-27,2017-01-20,282691389,dei:EntityCommonStockSharesOutstanding
MXIM,2017-04-21,2017-04-17,282544692,dei:EntityCommonStockSharesOutstanding
MXIM,2017-08-11,2017-08-04,282065436,dei:EntityCommonStockSharesOutstanding
MXIM,2017-10-20,2017-10-13,281486597,dei:EntityCommonStockSharesOutstanding
MXIM,2018-01-26,2018-01-19,218214018,dei:EntityCommonStockSharesOutstanding
MXIM,2018-04-27,2018-04-13,279677763,dei:EntityCommonStockSharesOutstanding
MXIM,2018-08-17,2018-08-03,278019068,dei:EntityCommonStockSharesOutstanding
MXIM,2018-11-01,2018-10-19,277062875,dei:EntityCommonStockSharesOutstanding
MXIM,2019-02-01,2019-01-24,273398340,dei:EntityCommonStockSharesOutstanding
MXIM,2019-05-01,2019-04-18,272425069,dei:EntityCommonStockSharesOutstanding
MXIM,2019-08-21,2019-08-08,271272841,dei:EntityCommonStockSharesOutstanding
MXIM,2019-10-30,2019-10-15,270609296,dei:EntityCommonStockSharesOutstanding
MXIM,2020-01-29,2020-01-17,269394184,dei:EntityCommonStockSharesOutstanding
MXIM,2020-04-29,2020-04-17,266625382,dei:EntityCommonStockSharesOutstanding
MXIM,2020-08-19,2020-08-10,266695209,dei:EntityCommonStockSharesOutstanding
MXIM,2020-10-28,2020-10-15,267301195,dei:EntityCommonStockSharesOutstanding
MXIM,2021-01-27,2021-01-14,268041067,dei:EntityCommonStockSharesOutstanding
MXIM,2021-04-28,2021-04-16,268363654,dei:EntityCommonStockSharesOutstanding
MXIM,2021-08-20,2021-08-10,268566248,dei:EntityCommonStockSharesOutstanding
MXIM,2021-09-07,2021-08-25,268910713,dei:EntityCommonStockSharesOutstanding
MYL,2015-05-08,2015-05-01,490033276,dei:EntityCommonStockSharesOutstanding
MYL,2015-06-11,2015-02-24,378373668,dei:EntityCommonStockSharesOutstanding
MYL,2015-08-06,2015-08-03,491554379,dei:EntityCommonStockSharesOutstanding
MYL,2015-10-30,2015-10-28,491747016,dei:EntityCommonStockSharesOutstanding
MYL,2016-02-16,2016-02-08,490687866,dei:EntityCommonStockSharesOutstanding
MYL,2016-05-03,2016-04-27,508342710,dei:EntityCommonStockSharesOutstanding
MYL,2016-08-09,2016-08-05,534911497,dei:EntityCommonStockSharesOutstanding
MYL,2016-11-09,2016-11-04,535105253,dei:EntityCommonStockSharesOutstanding
MYL,2017-03-01,2017-02-24,535496988,dei:EntityCommonStockSharesOutstanding
MYL,2017-05-10,2017-05-04,535950491,dei:EntityCommonStockSharesOutstanding
MYL,2017-08-09,2017-08-04,536280738,dei:EntityCommonStockSharesOutstanding
MYL,2017-11-07,2017-11-03,536436323,dei:EntityCommonStockSharesOutstanding
MYL,2018-03-01,2018-02-23,514781709,dei:EntityCommonStockSharesOutstanding
MYL,2018-05-10,2018-05-04,515445063,dei:EntityCommonStockSharesOutstanding
MYL,2018-08-08,2018-08-03,515567254,dei:EntityCommonStockSharesOutstanding
MYL,2018-11-06,2018-10-31,515631491,dei:EntityCommonStockSharesOutstanding
MYL,2019-02-27,2019-02-22,515949946,dei:EntityCommonStockSharesOutstanding
MYL,2019-05-07,2019-05-01,515437080,dei:EntityCommonStockSharesOutstanding
MYL,2019-07-29,2019-07-25,515869921,dei:EntityCommonStockSharesOutstanding
MYL,2019-11-05,2019-10-31,516132520,dei:EntityCommonStockSharesOutstanding
MYL,2020-02-28,2020-02-22,516177189,dei:EntityCommonStockSharesOutstanding
MYL,2020-04-29,2020-04-24,516944470,dei:EntityCommonStockSharesOutstanding
MYL,2020-05-11,2020-05-06,516944470,dei:EntityCommonStockSharesOutstanding
MYL,2020-08-06,2020-07-31,516946981,dei:EntityCommonStockSharesOutstanding
MYL,2020-11-06,2020-10-31,541545862,dei:EntityCommonStockSharesOutstanding
NBIS,2025-04-30,2024-12-31,235753600,us-gaap:CommonStockSharesOutstanding
NBIS,2026-04-30,2025-12-31,253016971,us-gaap:CommonStockSharesOutstanding
NCLH,2013-05-08,2013-05-08,203997492,dei:EntityCommonStockSharesOutstanding
NCLH,2013-07-30,2013-07-26,204014702,dei:EntityCommonStockSharesOutstanding
NCLH,2013-10-31,2013-10-25,205083076,dei:EntityCommonStockSharesOutstanding
NCLH,2014-02-21,2014-02-14,205167499,dei:EntityCommonStockSharesOutstanding
NCLH,2014-05-01,2014-04-28,205237204,dei:EntityCommonStockSharesOutstanding
NCLH,2014-07-31,2014-07-28,203203767,dei:EntityCommonStockSharesOutstanding
NCLH,2014-10-31,2014-10-27,203302279,dei:EntityCommonStockSharesOutstanding
NCLH,2015-02-27,2015-02-20,227718824,dei:EntityCommonStockSharesOutstanding
NCLH,2015-05-08,2015-04-30,229727479,dei:EntityCommonStockSharesOutstanding
NCLH,2015-08-07,2015-07-31,229147263,dei:EntityCommonStockSharesOutstanding
NCLH,2015-11-04,2015-10-29,229468539,dei:EntityCommonStockSharesOutstanding
NCLH,2016-02-29,2016-02-24,227310627,dei:EntityCommonStockSharesOutstanding
NCLH,2016-05-10,2016-05-05,227006865,dei:EntityCommonStockSharesOutstanding
NCLH,2016-08-09,2016-08-03,227114541,dei:EntityCommonStockSharesOutstanding
NCLH,2016-11-09,2016-11-03,227179962,dei:EntityCommonStockSharesOutstanding
NCLH,2017-02-27,2017-02-17,227324137,dei:EntityCommonStockSharesOutstanding
NCLH,2017-05-10,2017-05-05,227910542,dei:EntityCommonStockSharesOutstanding
NCLH,2017-08-09,2017-07-31,228162188,dei:EntityCommonStockSharesOutstanding
NCLH,2017-11-09,2017-10-31,228463930,dei:EntityCommonStockSharesOutstanding
NCLH,2018-02-27,2018-02-16,228662733,dei:EntityCommonStockSharesOutstanding
NCLH,2018-05-07,2018-05-01,224689497,dei:EntityCommonStockSharesOutstanding
NCLH,2018-08-09,2018-07-31,221468328,dei:EntityCommonStockSharesOutstanding
NCLH,2018-11-09,2018-10-31,221659283,dei:EntityCommonStockSharesOutstanding
NCLH,2019-02-27,2019-02-15,217727855,dei:EntityCommonStockSharesOutstanding
NCLH,2019-05-10,2019-04-30,215395406,dei:EntityCommonStockSharesOutstanding
NCLH,2019-08-08,2019-07-31,215597324,dei:EntityCommonStockSharesOutstanding
NCLH,2019-11-08,2019-10-31,212757530,dei:EntityCommonStockSharesOutstanding
NCLH,2020-02-27,2020-02-14,213202541,dei:EntityCommonStockSharesOutstanding
NCLH,2020-05-15,2020-05-08,256346957,dei:EntityCommonStockSharesOutstanding
NCLH,2020-08-10,2020-07-31,275618888,dei:EntityCommonStockSharesOutstanding
NCLH,2020-11-09,2020-10-31,275636032,dei:EntityCommonStockSharesOutstanding
NCLH,2021-02-26,2021-02-16,315741941,dei:EntityCommonStockSharesOutstanding
NCLH,2021-05-10,2021-04-30,369933035,dei:EntityCommonStockSharesOutstanding
NCLH,2021-08-09,2021-07-31,370030246,dei:EntityCommonStockSharesOutstanding
NCLH,2021-11-09,2021-10-31,370033061,dei:EntityCommonStockSharesOutstanding
NCLH,2022-03-01,2022-02-16,417086224,dei:EntityCommonStockSharesOutstanding
NCLH,2022-05-10,2022-04-30,419101117,dei:EntityCommonStockSharesOutstanding
NCLH,2022-08-09,2022-07-31,421389216,dei:EntityCommonStockSharesOutstanding
NCLH,2022-11-08,2022-10-31,421396100,dei:EntityCommonStockSharesOutstanding
NCLH,2023-02-28,2023-02-16,421929861,dei:EntityCommonStockSharesOutstanding
NCLH,2023-05-05,2023-04-30,424165139,dei:EntityCommonStockSharesOutstanding
NCLH,2023-08-08,2023-07-31,425423599,dei:EntityCommonStockSharesOutstanding
NCLH,2023-11-08,2023-10-31,425424934,dei:EntityCommonStockSharesOutstanding
NCLH,2024-02-28,2024-02-16,425657468,dei:EntityCommonStockSharesOutstanding
NCLH,2024-05-07,2024-04-30,429040624,dei:EntityCommonStockSharesOutstanding
NCLH,2024-08-08,2024-07-31,439691329,dei:EntityCommonStockSharesOutstanding
NCLH,2024-11-07,2024-10-31,439708278,dei:EntityCommonStockSharesOutstanding
NCLH,2025-02-27,2025-02-17,439944822,dei:EntityCommonStockSharesOutstanding
NCLH,2025-05-05,2025-04-30,446806727,dei:EntityCommonStockSharesOutstanding
NCLH,2025-08-04,2025-07-31,451937084,dei:EntityCommonStockSharesOutstanding
NCLH,2025-11-04,2025-10-28,455257489,dei:EntityCommonStockSharesOutstanding
NCLH,2026-03-02,2026-02-17,455545641,dei:EntityCommonStockSharesOutstanding
NCLH,2026-05-04,2026-04-22,459110140,dei:EntityCommonStockSharesOutstanding
NFLX,2009-07-31,2009-06-30,57415726,dei:EntityCommonStockSharesOutstanding
NFLX,2009-10-26,2009-09-30,54642694,dei:EntityCommonStockSharesOutstanding
NFLX,2010-02-22,2010-01-31,53533265,dei:EntityCommonStockSharesOutstanding
NFLX,2010-04-28,2010-03-31,52261855,dei:EntityCommonStockSharesOutstanding
NFLX,2010-07-27,2010-06-30,52358171,dei:EntityCommonStockSharesOutstanding
NFLX,2010-10-26,2010-09-30,52257495,dei:EntityCommonStockSharesOutstanding
NFLX,2011-02-18,2011-01-31,52890638,dei:EntityCommonStockSharesOutstanding
NFLX,2011-04-27,2011-03-31,52519159,dei:EntityCommonStockSharesOutstanding
NFLX,2011-07-27,2011-06-30,52536246,dei:EntityCommonStockSharesOutstanding
NFLX,2011-10-27,2011-09-30,52504091,dei:EntityCommonStockSharesOutstanding
NFLX,2012-02-10,2012-01-31,55418632,dei:EntityCommonStockSharesOutstanding
NFLX,2012-04-27,2012-03-31,55515631,dei:EntityCommonStockSharesOutstanding
NFLX,2012-08-02,2012-06-30,55534266,dei:EntityCommonStockSharesOutstanding
NFLX,2012-10-30,2012-09-30,55545531,dei:EntityCommonStockSharesOutstanding
NFLX,2013-02-01,2013-01-31,55993477,dei:EntityCommonStockSharesOutstanding
NFLX,2013-04-26,2013-03-31,56143986,dei:EntityCommonStockSharesOutstanding
NFLX,2013-07-25,2013-06-30,58922493,dei:EntityCommonStockSharesOutstanding
NFLX,2013-10-25,2013-09-30,59257798,dei:EntityCommonStockSharesOutstanding
NFLX,2014-02-03,2014-01-30,59807236,dei:EntityCommonStockSharesOutstanding
NFLX,2014-04-23,2014-03-31,59940336,dei:EntityCommonStockSharesOutstanding
NFLX,2014-07-22,2014-06-30,60091015,dei:EntityCommonStockSharesOutstanding
NFLX,2014-10-20,2014-09-30,60246379,dei:EntityCommonStockSharesOutstanding
NFLX,2015-01-29,2015-01-28,60498082,dei:EntityCommonStockSharesOutstanding
NFLX,2015-04-17,2015-03-31,60620721,dei:EntityCommonStockSharesOutstanding
NFLX,2015-07-17,2015-06-30,426004831,dei:EntityCommonStockSharesOutstanding
NFLX,2015-10-16,2015-09-30,427388288,dei:EntityCommonStockSharesOutstanding
NFLX,2016-01-28,2016-01-27,428081221,dei:EntityCommonStockSharesOutstanding
NFLX,2016-04-20,2016-03-31,428289216,dei:EntityCommonStockSharesOutstanding
NFLX,2016-07-19,2016-06-30,428725388,dei:EntityCommonStockSharesOutstanding
NFLX,2016-10-20,2016-09-30,429145023,dei:EntityCommonStockSharesOutstanding
NFLX,2017-01-27,2017-01-26,430411593,dei:EntityCommonStockSharesOutstanding
NFLX,2017-04-20,2017-03-31,430993429,dei:EntityCommonStockSharesOutstanding
NFLX,2017-07-19,2017-06-30,431749744,dei:EntityCommonStockSharesOutstanding
NFLX,2017-10-18,2017-09-30,432731130,dei:EntityCommonStockSharesOutstanding
NFLX,2018-01-29,2018-01-25,433948461,dei:EntityCommonStockSharesOutstanding
NFLX,2018-04-18,2018-03-31,434657303,dei:EntityCommonStockSharesOutstanding
NFLX,2018-07-18,2018-06-30,435457505,dei:EntityCommonStockSharesOutstanding
NFLX,2018-10-18,2018-09-30,436084995,dei:EntityCommonStockSharesOutstanding
NFLX,2019-01-29,2018-12-31,436598597,dei:EntityCommonStockSharesOutstanding
NFLX,2019-04-18,2019-03-31,437191891,dei:EntityCommonStockSharesOutstanding
NFLX,2019-07-19,2019-06-30,437834882,dei:EntityCommonStockSharesOutstanding
NFLX,2019-10-18,2019-09-30,438251289,dei:EntityCommonStockSharesOutstanding
NFLX,2020-01-29,2019-12-31,438806649,dei:EntityCommonStockSharesOutstanding
NFLX,2020-04-21,2020-03-31,439780618,dei:EntityCommonStockSharesOutstanding
NFLX,2020-07-20,2020-06-30,441015443,dei:EntityCommonStockSharesOutstanding
NFLX,2020-10-22,2020-09-30,441795008,dei:EntityCommonStockSharesOutstanding
NFLX,2021-01-28,2020-12-31,442895261,dei:EntityCommonStockSharesOutstanding
NFLX,2021-04-22,2021-03-31,443383732,dei:EntityCommonStockSharesOutstanding
NFLX,2021-07-22,2021-06-30,442595888,dei:EntityCommonStockSharesOutstanding
NFLX,2021-10-21,2021-09-30,442952194,dei:EntityCommonStockSharesOutstanding
NFLX,2022-01-27,2021-12-31,443963107,dei:EntityCommonStockSharesOutstanding
NFLX,2022-04-21,2022-03-31,444273850,dei:EntityCommonStockSharesOutstanding
NFLX,2022-07-21,2022-06-30,444705591,dei:EntityCommonStockSharesOutstanding
NFLX,2022-10-20,2022-09-30,445020494,dei:EntityCommonStockSharesOutstanding
NFLX,2023-01-26,2022-12-31,445346776,dei:EntityCommonStockSharesOutstanding
NFLX,2023-04-21,2023-03-31,444536878,dei:EntityCommonStockSharesOutstanding
NFLX,2023-07-21,2023-06-30,443146751,dei:EntityCommonStockSharesOutstanding
NFLX,2023-10-20,2023-09-30,437679669,dei:EntityCommonStockSharesOutstanding
NFLX,2024-01-26,2023-12-31,432759584,dei:EntityCommonStockSharesOutstanding
NFLX,2024-04-22,2024-03-31,430964991,dei:EntityCommonStockSharesOutstanding
NFLX,2024-07-19,2024-06-30,429164615,dei:EntityCommonStockSharesOutstanding
NFLX,2024-10-18,2024-09-30,427458114,dei:EntityCommonStockSharesOutstanding
NFLX,2025-01-27,2024-12-31,427757100,dei:EntityCommonStockSharesOutstanding
NFLX,2025-04-18,2025-03-31,425683210,dei:EntityCommonStockSharesOutstanding
NFLX,2025-07-18,2025-06-30,424926346,dei:EntityCommonStockSharesOutstanding
NFLX,2025-10-22,2025-09-30,423732334,dei:EntityCommonStockSharesOutstanding
NFLX,2026-01-23,2025-12-31,4222162150,dei:EntityCommonStockSharesOutstanding
NFLX,2026-04-17,2026-03-31,4212794271,dei:EntityCommonStockSharesOutstanding
NLOK,2009-08-05,2009-07-31,814504809,dei:EntityCommonStockSharesOutstanding
NLOK,2009-11-04,2009-10-30,810560473,dei:EntityCommonStockSharesOutstanding
NLOK,2010-02-05,2010-01-29,806239036,dei:EntityCommonStockSharesOutstanding
NLOK,2010-05-24,2010-04-02,798888671,dei:EntityCommonStockSharesOutstanding
NLOK,2010-08-04,2010-07-30,789341729,dei:EntityCommonStockSharesOutstanding
NLOK,2010-11-03,2010-10-29,776254468,dei:EntityCommonStockSharesOutstanding
NLOK,2011-02-02,2011-01-28,763249309,dei:EntityCommonStockSharesOutstanding
NLOK,2011-05-20,2011-04-29,755541093,dei:EntityCommonStockSharesOutstanding
NLOK,2011-08-03,2011-07-29,749745683,dei:EntityCommonStockSharesOutstanding
NLOK,2011-11-01,2011-10-28,737162808,dei:EntityCommonStockSharesOutstanding
NLOK,2012-01-31,2011-12-30,729443620,dei:EntityCommonStockSharesOutstanding
NLOK,2012-05-21,2012-04-27,720745832,dei:EntityCommonStockSharesOutstanding
NLOK,2012-07-31,2012-07-27,702950451,dei:EntityCommonStockSharesOutstanding
NLOK,2012-10-30,2012-10-26,693902080,dei:EntityCommonStockSharesOutstanding
NLOK,2013-01-29,2013-01-25,689188741,dei:EntityCommonStockSharesOutstanding
NLOK,2013-05-17,2013-04-26,696634962,dei:EntityCommonStockSharesOutstanding
NLOK,2013-07-31,2013-07-26,698621994,dei:EntityCommonStockSharesOutstanding
NLOK,2013-10-29,2013-10-25,696031510,dei:EntityCommonStockSharesOutstanding
NLOK,2014-02-03,2014-01-30,691554385,dei:EntityCommonStockSharesOutstanding
NLOK,2014-05-16,2014-04-25,691693986,dei:EntityCommonStockSharesOutstanding
NLOK,2014-08-08,2014-08-01,690468702,dei:EntityCommonStockSharesOutstanding
NLOK,2014-11-07,2014-10-31,690147433,dei:EntityCommonStockSharesOutstanding
NLOK,2015-02-09,2015-01-30,682380095,dei:EntityCommonStockSharesOutstanding
NLOK,2015-05-22,2015-05-01,680727932,dei:EntityCommonStockSharesOutstanding
NLOK,2015-08-12,2015-07-31,684172994,dei:EntityCommonStockSharesOutstanding
NLOK,2015-11-06,2015-10-30,675526104,dei:EntityCommonStockSharesOutstanding
NLOK,2016-02-04,2016-01-29,652222522,dei:EntityCommonStockSharesOutstanding
NLOK,2016-05-20,2016-04-29,612292085,dei:EntityCommonStockSharesOutstanding
NLOK,2016-08-05,2016-07-29,615588602,dei:EntityCommonStockSharesOutstanding
NLOK,2016-11-04,2016-10-28,623419220,dei:EntityCommonStockSharesOutstanding
NLOK,2017-02-03,2017-01-27,618834453,dei:EntityCommonStockSharesOutstanding
NLOK,2017-05-19,2017-04-28,608240301,dei:EntityCommonStockSharesOutstanding
NLOK,2017-08-04,2017-07-28,612800923,dei:EntityCommonStockSharesOutstanding
NLOK,2017-11-03,2017-10-27,619982061,dei:EntityCommonStockSharesOutstanding
NLOK,2018-02-02,2018-01-26,621538648,dei:EntityCommonStockSharesOutstanding
NLOK,2018-10-26,2018-10-15,638800147,dei:EntityCommonStockSharesOutstanding
NLOK,2018-11-16,2018-11-05,638888439,dei:EntityCommonStockSharesOutstanding
NLOK,2019-02-04,2019-01-28,639217123,dei:EntityCommonStockSharesOutstanding
NLOK,2019-05-24,2019-05-13,618193875,dei:EntityCommonStockSharesOutstanding
NLOK,2019-08-09,2019-07-31,618031627,dei:EntityCommonStockSharesOutstanding
NLOK,2019-11-08,2019-10-30,623004728,dei:EntityCommonStockSharesOutstanding
NLOK,2020-02-07,2020-01-30,600384184,dei:EntityCommonStockSharesOutstanding
NLOK,2020-05-28,2020-05-12,589028713,dei:EntityCommonStockSharesOutstanding
NLOK,2020-08-06,2020-07-30,591002949,dei:EntityCommonStockSharesOutstanding
NLOK,2020-11-06,2020-10-30,591869571,dei:EntityCommonStockSharesOutstanding
NLOK,2021-02-05,2021-01-29,581900648,dei:EntityCommonStockSharesOutstanding
NLOK,2021-05-21,2021-05-11,579944942,dei:EntityCommonStockSharesOutstanding
NLOK,2021-08-02,2021-07-27,581268447,dei:EntityCommonStockSharesOutstanding
NLOK,2021-11-08,2021-10-28,581755019,dei:EntityCommonStockSharesOutstanding
NLOK,2022-02-04,2022-01-28,581861307,dei:EntityCommonStockSharesOutstanding
NLOK,2022-05-20,2022-05-19,580064068,dei:EntityCommonStockSharesOutstanding
NLOK,2022-08-05,2022-07-29,571368785,dei:EntityCommonStockSharesOutstanding
NLOK,2022-11-09,2022-11-04,651359881,dei:EntityCommonStockSharesOutstanding
NLOK,2023-02-06,2023-01-27,639129470,dei:EntityCommonStockSharesOutstanding
NLOK,2023-05-25,2023-05-19,640770648,dei:EntityCommonStockSharesOutstanding
NLOK,2023-08-04,2023-07-31,639439103,dei:EntityCommonStockSharesOutstanding
NLOK,2023-11-07,2023-11-03,640715270,dei:EntityCommonStockSharesOutstanding
NLOK,2024-02-05,2024-01-29,636909965,dei:EntityCommonStockSharesOutstanding
NLOK,2024-05-16,2024-05-10,626145897,dei:EntityCommonStockSharesOutstanding
NLOK,2024-08-07,2024-08-02,615525021,dei:EntityCommonStockSharesOutstanding
NLOK,2024-10-31,2024-10-28,616204970,dei:EntityCommonStockSharesOutstanding
NLOK,2025-01-31,2025-01-27,616301369,dei:EntityCommonStockSharesOutstanding
NLOK,2025-05-15,2025-05-12,620229707,dei:EntityCommonStockSharesOutstanding
NLOK,2025-08-13,2025-08-08,615869113,dei:EntityCommonStockSharesOutstanding
NLOK,2025-11-07,2025-11-04,616716107,dei:EntityCommonStockSharesOutstanding
NLOK,2026-02-06,2026-02-03,605663774,dei:EntityCommonStockSharesOutstanding
NLOK,2026-05-21,2026-05-18,602433854,dei:EntityCommonStockSharesOutstanding
NTAP,2010-09-13,2010-08-13,357081286,dei:EntityCommonStockSharesOutstanding
NTAP,2010-12-06,2010-11-12,361423011,dei:EntityCommonStockSharesOutstanding
NTAP,2011-03-04,2011-02-18,367871924,dei:EntityCommonStockSharesOutstanding
NTAP,2011-06-23,2011-06-10,371112544,dei:EntityCommonStockSharesOutstanding
NTAP,2011-09-01,2011-08-12,368419472,dei:EntityCommonStockSharesOutstanding
NTAP,2011-12-05,2011-11-22,358605985,dei:EntityCommonStockSharesOutstanding
NTAP,2012-03-05,2012-02-21,362990179,dei:EntityCommonStockSharesOutstanding
NTAP,2012-06-19,2012-06-11,366999792,dei:EntityCommonStockSharesOutstanding
NTAP,2012-08-30,2012-08-20,363314960,dei:EntityCommonStockSharesOutstanding
NTAP,2012-11-30,2012-11-19,358283903,dei:EntityCommonStockSharesOutstanding
NTAP,2013-02-28,2013-02-19,360407151,dei:EntityCommonStockSharesOutstanding
NTAP,2013-06-17,2013-06-05,361110774,dei:EntityCommonStockSharesOutstanding
NTAP,2013-08-29,2013-08-20,340094193,dei:EntityCommonStockSharesOutstanding
NTAP,2013-11-26,2013-11-18,340818219,dei:EntityCommonStockSharesOutstanding
NTAP,2014-02-26,2014-02-18,331275224,dei:EntityCommonStockSharesOutstanding
NTAP,2014-06-17,2014-06-04,323499354,dei:EntityCommonStockSharesOutstanding
NTAP,2014-08-28,2014-08-18,319256006,dei:EntityCommonStockSharesOutstanding
NTAP,2014-11-25,2014-11-12,311692909,dei:EntityCommonStockSharesOutstanding
NTAP,2015-02-25,2015-02-11,311757916,dei:EntityCommonStockSharesOutstanding
NTAP,2015-06-12,2015-05-29,304979186,dei:EntityCommonStockSharesOutstanding
NTAP,2015-09-08,2015-08-31,294900435,dei:EntityCommonStockSharesOutstanding
NTAP,2015-12-02,2015-11-18,292344148,dei:EntityCommonStockSharesOutstanding
NTAP,2016-03-07,2016-02-17,289082898,dei:EntityCommonStockSharesOutstanding
NTAP,2016-06-22,2016-06-10,280080152,dei:EntityCommonStockSharesOutstanding
NTAP,2016-09-02,2016-08-24,278667894,dei:EntityCommonStockSharesOutstanding
NTAP,2016-12-02,2016-11-18,275377627,dei:EntityCommonStockSharesOutstanding
NTAP,2017-02-28,2017-02-15,270951328,dei:EntityCommonStockSharesOutstanding
NTAP,2017-06-20,2017-06-09,271737598,dei:EntityCommonStockSharesOutstanding
NTAP,2017-08-29,2017-08-16,269757582,dei:EntityCommonStockSharesOutstanding
NTAP,2017-11-29,2017-11-15,266791791,dei:EntityCommonStockSharesOutstanding
NTAP,2018-02-22,2018-02-14,267922708,dei:EntityCommonStockSharesOutstanding
NTAP,2018-06-19,2018-06-08,263480598,dei:EntityCommonStockSharesOutstanding
NTAP,2018-08-21,2018-08-15,259268252,dei:EntityCommonStockSharesOutstanding
NTAP,2018-11-19,2018-11-14,251885962,dei:EntityCommonStockSharesOutstanding
NTAP,2019-02-19,2019-02-13,246974767,dei:EntityCommonStockSharesOutstanding
NTAP,2019-06-18,2019-06-07,240022187,dei:EntityCommonStockSharesOutstanding
NTAP,2019-08-19,2019-08-14,237912557,dei:EntityCommonStockSharesOutstanding
NTAP,2019-11-18,2019-11-13,228226206,dei:EntityCommonStockSharesOutstanding
NTAP,2020-02-18,2020-02-12,221177029,dei:EntityCommonStockSharesOutstanding
NTAP,2020-06-15,2020-06-05,221816300,dei:EntityCommonStockSharesOutstanding
NTAP,2020-08-28,2020-08-26,222005088,dei:EntityCommonStockSharesOutstanding
NTAP,2020-12-03,2020-12-01,223384837,dei:EntityCommonStockSharesOutstanding
NTAP,2021-03-01,2021-02-24,222601147,dei:EntityCommonStockSharesOutstanding
NTAP,2021-06-21,2021-06-02,223217394,dei:EntityCommonStockSharesOutstanding
NTAP,2021-09-02,2021-08-25,223629424,dei:EntityCommonStockSharesOutstanding
NTAP,2021-12-02,2021-11-30,222277741,dei:EntityCommonStockSharesOutstanding
NTAP,2022-03-02,2022-02-23,222536456,dei:EntityCommonStockSharesOutstanding
NTAP,2022-06-16,2022-06-01,221190424,dei:EntityCommonStockSharesOutstanding
NTAP,2022-08-30,2022-08-24,217365705,dei:EntityCommonStockSharesOutstanding
NTAP,2022-12-01,2022-11-29,215573357,dei:EntityCommonStockSharesOutstanding
NTAP,2023-03-01,2023-02-22,213904711,dei:EntityCommonStockSharesOutstanding
NTAP,2023-06-14,2023-05-31,212430865,dei:EntityCommonStockSharesOutstanding
NTAP,2023-08-29,2023-08-23,208791155,dei:EntityCommonStockSharesOutstanding
NTAP,2023-11-30,2023-11-28,206031047,dei:EntityCommonStockSharesOutstanding
NTAP,2024-02-29,2024-02-23,20637666,dei:EntityCommonStockSharesOutstanding
NTAP,2024-06-10,2024-05-30,205801761,dei:EntityCommonStockSharesOutstanding
NTAP,2024-08-28,2024-08-23,204782689,dei:EntityCommonStockSharesOutstanding
NTAP,2024-11-25,2024-11-21,203306424,dei:EntityCommonStockSharesOutstanding
NTAP,2025-02-27,2025-02-21,203411523,dei:EntityCommonStockSharesOutstanding
NTAP,2025-06-09,2025-05-29,200366162,dei:EntityCommonStockSharesOutstanding
NTAP,2025-08-27,2025-08-22,199618386,dei:EntityCommonStockSharesOutstanding
NTAP,2025-11-25,2025-11-21,198060348,dei:EntityCommonStockSharesOutstanding
NTAP,2026-02-26,2026-02-20,197330400,dei:EntityCommonStockSharesOutstanding
NTAP,2026-06-05,2026-05-28,195919927,dei:EntityCommonStockSharesOutstanding
NTES,2011-06-22,2010-12-31,3252363606,dei:EntityCommonStockSharesOutstanding
NTES,2012-04-26,2011-12-31,3273936881,dei:EntityCommonStockSharesOutstanding
NTES,2013-04-22,2012-12-31,3246041681,dei:EntityCommonStockSharesOutstanding
NTES,2014-04-24,2013-12-31,3250283956,dei:EntityCommonStockSharesOutstanding
NTES,2015-04-24,2014-12-31,3268019356,dei:EntityCommonStockSharesOutstanding
NTES,2016-04-22,2015-12-31,3286932181,dei:EntityCommonStockSharesOutstanding
NTES,2017-04-21,2016-12-31,3281479806,dei:EntityCommonStockSharesOutstanding
NTES,2018-04-20,2017-12-31,3283217456,dei:EntityCommonStockSharesOutstanding
NTES,2019-04-26,2018-12-31,3199018406,dei:EntityCommonStockSharesOutstanding
NTES,2020-04-29,2019-12-31,3228531381,dei:EntityCommonStockSharesOutstanding
NTES,2021-04-28,2020-12-31,3349335066,dei:EntityCommonStockSharesOutstanding
NTES,2022-04-28,2021-12-31,3273835376,dei:EntityCommonStockSharesOutstanding
NTES,2023-04-27,2022-12-31,3223623596,dei:EntityCommonStockSharesOutstanding
NTES,2024-04-25,2023-12-31,3210783141,dei:EntityCommonStockSharesOutstanding
NTES,2025-04-15,2024-12-31,3167959016,dei:EntityCommonStockSharesOutstanding
NTES,2026-04-15,2025-12-31,3192111251,dei:EntityCommonStockSharesOutstanding
NVDA,2009-08-20,2009-08-17,547800000,dei:EntityCommonStockSharesOutstanding
NVDA,2009-11-19,2009-11-17,554900000,dei:EntityCommonStockSharesOutstanding
NVDA,2010-03-18,2010-03-10,566500000,dei:EntityCommonStockSharesOutstanding
NVDA,2010-05-21,2010-05-17,572168377,dei:EntityCommonStockSharesOutstanding
NVDA,2010-08-30,2010-08-25,574028479,dei:EntityCommonStockSharesOutstanding
NVDA,2010-12-07,2010-11-18,580261256,dei:EntityCommonStockSharesOutstanding
NVDA,2011-03-16,2011-03-10,591400000,dei:EntityCommonStockSharesOutstanding
NVDA,2011-05-27,2011-05-23,600288389,dei:EntityCommonStockSharesOutstanding
NVDA,2011-08-25,2011-08-19,603727365,dei:EntityCommonStockSharesOutstanding
NVDA,2011-11-22,2011-11-17,610653436,dei:EntityCommonStockSharesOutstanding
NVDA,2012-03-13,2012-03-09,616028107,dei:EntityCommonStockSharesOutstanding
NVDA,2012-05-23,2012-05-18,618804109,dei:EntityCommonStockSharesOutstanding
NVDA,2012-08-22,2012-08-17,619476242,dei:EntityCommonStockSharesOutstanding
NVDA,2012-11-19,2012-11-16,624850798,dei:EntityCommonStockSharesOutstanding
NVDA,2013-03-12,2013-03-08,615980172,dei:EntityCommonStockSharesOutstanding
NVDA,2013-05-22,2013-05-17,577916410,dei:EntityCommonStockSharesOutstanding
NVDA,2013-08-21,2013-08-16,578598038,dei:EntityCommonStockSharesOutstanding
NVDA,2013-11-19,2013-11-15,568535613,dei:EntityCommonStockSharesOutstanding
NVDA,2014-03-13,2014-03-07,554241412,dei:EntityCommonStockSharesOutstanding
NVDA,2014-05-21,2014-05-16,557966266,dei:EntityCommonStockSharesOutstanding
NVDA,2014-08-20,2014-08-15,541915105,dei:EntityCommonStockSharesOutstanding
NVDA,2014-11-19,2014-11-14,543536901,dei:EntityCommonStockSharesOutstanding
NVDA,2015-03-12,2015-03-06,549840211,dei:EntityCommonStockSharesOutstanding
NVDA,2015-05-20,2015-05-15,537560128,dei:EntityCommonStockSharesOutstanding
NVDA,2015-08-19,2015-08-14,539081160,dei:EntityCommonStockSharesOutstanding
NVDA,2015-11-18,2015-11-13,538450118,dei:EntityCommonStockSharesOutstanding
NVDA,2016-03-17,2016-03-11,541641088,dei:EntityCommonStockSharesOutstanding
NVDA,2016-05-25,2016-05-23,533924612,dei:EntityCommonStockSharesOutstanding
NVDA,2016-08-23,2016-08-19,535002186,dei:EntityCommonStockSharesOutstanding
NVDA,2016-11-22,2016-11-18,539495365,dei:EntityCommonStockSharesOutstanding
NVDA,2017-03-01,2017-02-24,588632086,dei:EntityCommonStockSharesOutstanding
NVDA,2017-05-23,2017-05-19,595129427,dei:EntityCommonStockSharesOutstanding
NVDA,2017-08-23,2017-08-18,600171277,dei:EntityCommonStockSharesOutstanding
NVDA,2017-11-21,2017-11-17,605647276,dei:EntityCommonStockSharesOutstanding
NVDA,2018-02-28,2018-02-26,604636210,dei:EntityCommonStockSharesOutstanding
NVDA,2018-05-22,2018-05-18,607171892,dei:EntityCommonStockSharesOutstanding
NVDA,2018-08-16,2018-08-10,608000000,dei:EntityCommonStockSharesOutstanding
NVDA,2018-11-15,2018-11-09,610000000,dei:EntityCommonStockSharesOutstanding
NVDA,2019-02-21,2019-02-15,606000000,dei:EntityCommonStockSharesOutstanding
NVDA,2019-05-16,2019-05-10,609000000,dei:EntityCommonStockSharesOutstanding
NVDA,2019-08-15,2019-08-09,609000000,dei:EntityCommonStockSharesOutstanding
NVDA,2019-11-14,2019-11-08,612000000,dei:EntityCommonStockSharesOutstanding
NVDA,2020-02-20,2020-02-14,612000000,dei:EntityCommonStockSharesOutstanding
NVDA,2020-05-21,2020-05-15,615000000,dei:EntityCommonStockSharesOutstanding
NVDA,2020-08-19,2020-08-14,617000000,dei:EntityCommonStockSharesOutstanding
NVDA,2020-11-18,2020-11-13,619000000,dei:EntityCommonStockSharesOutstanding
NVDA,2021-02-26,2021-02-19,620000000,dei:EntityCommonStockSharesOutstanding
NVDA,2021-05-26,2021-05-21,623000000,dei:EntityCommonStockSharesOutstanding
NVDA,2021-08-20,2021-08-13,2500000000,dei:EntityCommonStockSharesOutstanding
NVDA,2021-11-22,2021-11-12,2500000000,dei:EntityCommonStockSharesOutstanding
NVDA,2022-03-18,2022-03-11,2510000000,dei:EntityCommonStockSharesOutstanding
NVDA,2022-05-27,2022-05-20,2500000000,dei:EntityCommonStockSharesOutstanding
NVDA,2022-08-31,2022-08-19,2490000000,dei:EntityCommonStockSharesOutstanding
NVDA,2022-11-18,2022-11-11,2460000000,dei:EntityCommonStockSharesOutstanding
NVDA,2023-02-24,2023-02-17,2470000000,dei:EntityCommonStockSharesOutstanding
NVDA,2023-05-26,2023-05-19,2470000000,dei:EntityCommonStockSharesOutstanding
NVDA,2023-08-28,2023-08-18,2470000000,dei:EntityCommonStockSharesOutstanding
NVDA,2023-11-21,2023-11-17,2470000000,dei:EntityCommonStockSharesOutstanding
NVDA,2024-02-21,2024-02-16,2500000000,dei:EntityCommonStockSharesOutstanding
NVDA,2024-05-29,2024-05-24,2460000000,dei:EntityCommonStockSharesOutstanding
NVDA,2024-08-28,2024-08-23,24530000000,dei:EntityCommonStockSharesOutstanding
NVDA,2024-11-20,2024-11-15,24490000000,dei:EntityCommonStockSharesOutstanding
NVDA,2025-02-26,2025-02-21,24400000000,dei:EntityCommonStockSharesOutstanding
NVDA,2025-05-28,2025-05-23,24400000000,dei:EntityCommonStockSharesOutstanding
NVDA,2025-08-27,2025-08-22,24300000000,dei:EntityCommonStockSharesOutstanding
NVDA,2025-11-19,2025-11-14,24300000000,dei:EntityCommonStockSharesOutstanding
NVDA,2026-02-25,2026-02-20,24300000000,dei:EntityCommonStockSharesOutstanding
NVDA,2026-05-20,2026-05-15,24200000000,dei:EntityCommonStockSharesOutstanding
NXPI,2012-04-12,2011-12-31,251751500,dei:EntityCommonStockSharesOutstanding
NXPI,2014-02-28,2013-12-31,251751500,dei:EntityCommonStockSharesOutstanding
NXPI,2015-03-06,2014-12-31,251751500,dei:EntityCommonStockSharesOutstanding
NXPI,2016-02-26,2015-12-31,346002862,dei:EntityCommonStockSharesOutstanding
NXPI,2017-03-03,2016-12-31,346002862,dei:EntityCommonStockSharesOutstanding
NXPI,2018-04-11,2017-12-31,346002862,dei:EntityCommonStockSharesOutstanding
NXPI,2019-03-01,2018-12-31,328702719,dei:EntityCommonStockSharesOutstanding
NXPI,2019-10-29,2019-10-25,279527075,dei:EntityCommonStockSharesOutstanding
NXPI,2020-02-27,2020-02-21,279750659,dei:EntityCommonStockSharesOutstanding
NXPI,2020-04-28,2020-04-24,279034929,dei:EntityCommonStockSharesOutstanding
NXPI,2020-07-28,2020-07-24,279224213,dei:EntityCommonStockSharesOutstanding
NXPI,2020-10-27,2020-10-23,279749594,dei:EntityCommonStockSharesOutstanding
NXPI,2021-02-25,2021-02-19,277008199,dei:EntityCommonStockSharesOutstanding
NXPI,2021-04-27,2021-04-23,275750318,dei:EntityCommonStockSharesOutstanding
NXPI,2021-08-03,2021-07-30,265134880,dei:EntityCommonStockSharesOutstanding
NXPI,2021-11-02,2021-10-29,265933249,dei:EntityCommonStockSharesOutstanding
NXPI,2022-02-24,2022-02-18,262538156,dei:EntityCommonStockSharesOutstanding
NXPI,2022-05-03,2022-04-29,262564790,dei:EntityCommonStockSharesOutstanding
NXPI,2022-07-26,2022-07-22,262598471,dei:EntityCommonStockSharesOutstanding
NXPI,2022-11-01,2022-10-28,259134862,dei:EntityCommonStockSharesOutstanding
NXPI,2023-03-01,2023-02-17,259519410,dei:EntityCommonStockSharesOutstanding
NXPI,2023-05-02,2023-04-28,259742578,dei:EntityCommonStockSharesOutstanding
NXPI,2023-07-25,2023-07-21,257802134,dei:EntityCommonStockSharesOutstanding
NXPI,2023-11-07,2023-11-03,257763301,dei:EntityCommonStockSharesOutstanding
NXPI,2024-02-22,2024-02-16,256459260,dei:EntityCommonStockSharesOutstanding
NXPI,2024-04-30,2024-04-26,255683781,dei:EntityCommonStockSharesOutstanding
NXPI,2024-07-23,2024-07-19,254732930,dei:EntityCommonStockSharesOutstanding
NXPI,2024-11-05,2024-11-01,254155580,dei:EntityCommonStockSharesOutstanding
NXPI,2025-02-20,2025-02-14,253620117,dei:EntityCommonStockSharesOutstanding
NXPI,2025-04-29,2025-04-25,252628698,dei:EntityCommonStockSharesOutstanding
NXPI,2025-07-24,2025-07-18,252114595,dei:EntityCommonStockSharesOutstanding
NXPI,2025-10-28,2025-10-24,251674471,dei:EntityCommonStockSharesOutstanding
NXPI,2026-02-19,2026-02-10,252692845,dei:EntityCommonStockSharesOutstanding
NXPI,2026-04-28,2026-04-24,252471079,dei:EntityCommonStockSharesOutstanding
ODFL,2010-08-06,2010-08-06,37284675,dei:EntityCommonStockSharesOutstanding
ODFL,2010-11-08,2010-11-08,55926945,dei:EntityCommonStockSharesOutstanding
ODFL,2011-02-28,2011-02-25,55926945,dei:EntityCommonStockSharesOutstanding
ODFL,2011-05-09,2011-05-09,57443324,dei:EntityCommonStockSharesOutstanding
ODFL,2011-08-09,2011-08-09,57443324,dei:EntityCommonStockSharesOutstanding
ODFL,2011-11-08,2011-11-08,57443324,dei:EntityCommonStockSharesOutstanding
ODFL,2012-02-29,2012-02-28,57443324,dei:EntityCommonStockSharesOutstanding
ODFL,2012-05-08,2012-05-08,57443324,dei:EntityCommonStockSharesOutstanding
ODFL,2012-08-09,2012-08-09,57443324,dei:EntityCommonStockSharesOutstanding
ODFL,2012-11-06,2012-11-06,86164917,dei:EntityCommonStockSharesOutstanding
ODFL,2013-02-28,2013-02-27,86164917,dei:EntityCommonStockSharesOutstanding
ODFL,2013-05-08,2013-05-08,86164917,dei:EntityCommonStockSharesOutstanding
ODFL,2013-08-08,2013-08-07,86164917,dei:EntityCommonStockSharesOutstanding
ODFL,2013-11-08,2013-11-07,86164917,dei:EntityCommonStockSharesOutstanding
ODFL,2014-02-28,2014-02-27,86164917,dei:EntityCommonStockSharesOutstanding
ODFL,2014-05-06,2014-05-05,86164917,dei:EntityCommonStockSharesOutstanding
ODFL,2014-08-07,2014-08-06,86164917,dei:EntityCommonStockSharesOutstanding
ODFL,2014-11-05,2014-11-04,86164917,dei:EntityCommonStockSharesOutstanding
ODFL,2015-02-26,2015-02-25,85925587,dei:EntityCommonStockSharesOutstanding
ODFL,2015-05-07,2015-05-06,85765071,dei:EntityCommonStockSharesOutstanding
ODFL,2015-08-06,2015-08-05,85300078,dei:EntityCommonStockSharesOutstanding
ODFL,2015-11-09,2015-11-06,84584328,dei:EntityCommonStockSharesOutstanding
ODFL,2016-02-29,2016-02-26,83818609,dei:EntityCommonStockSharesOutstanding
ODFL,2016-05-06,2016-05-05,83440538,dei:EntityCommonStockSharesOutstanding
ODFL,2016-08-08,2016-08-04,82852240,dei:EntityCommonStockSharesOutstanding
ODFL,2016-11-07,2016-11-03,82439552,dei:EntityCommonStockSharesOutstanding
ODFL,2017-02-27,2017-02-24,82466236,dei:EntityCommonStockSharesOutstanding
ODFL,2017-05-10,2017-05-08,82441875,dei:EntityCommonStockSharesOutstanding
ODFL,2017-08-07,2017-08-02,82386172,dei:EntityCommonStockSharesOutstanding
ODFL,2017-11-07,2017-11-03,82375945,dei:EntityCommonStockSharesOutstanding
ODFL,2018-02-27,2018-02-23,82374451,dei:EntityCommonStockSharesOutstanding
ODFL,2018-05-07,2018-05-03,82199387,dei:EntityCommonStockSharesOutstanding
ODFL,2018-08-07,2018-08-06,81996361,dei:EntityCommonStockSharesOutstanding
ODFL,2018-11-05,2018-11-02,81750145,dei:EntityCommonStockSharesOutstanding
ODFL,2019-02-27,2019-02-26,81146989,dei:EntityCommonStockSharesOutstanding
ODFL,2019-05-07,2019-05-06,80946620,dei:EntityCommonStockSharesOutstanding
ODFL,2019-08-07,2019-08-06,80006284,dei:EntityCommonStockSharesOutstanding
ODFL,2019-11-04,2019-11-01,79823521,dei:EntityCommonStockSharesOutstanding
ODFL,2020-02-26,2020-02-24,79697285,dei:EntityCommonStockSharesOutstanding
ODFL,2020-05-05,2020-05-01,117948168,dei:EntityCommonStockSharesOutstanding
ODFL,2020-08-06,2020-08-04,117331447,dei:EntityCommonStockSharesOutstanding
ODFL,2020-11-06,2020-11-04,117331447,dei:EntityCommonStockSharesOutstanding
ODFL,2021-02-24,2021-02-22,116937111,dei:EntityCommonStockSharesOutstanding
ODFL,2021-05-04,2021-04-30,115964663,dei:EntityCommonStockSharesOutstanding
ODFL,2021-08-05,2021-08-03,115810083,dei:EntityCommonStockSharesOutstanding
ODFL,2021-11-03,2021-11-01,115011172,dei:EntityCommonStockSharesOutstanding
ODFL,2022-02-23,2022-02-21,114863803,dei:EntityCommonStockSharesOutstanding
ODFL,2022-05-04,2022-05-03,113353760,dei:EntityCommonStockSharesOutstanding
ODFL,2022-08-03,2022-08-02,111773874,dei:EntityCommonStockSharesOutstanding
ODFL,2022-11-03,2022-11-02,110481622,dei:EntityCommonStockSharesOutstanding
ODFL,2023-02-22,2023-02-21,110026430,dei:EntityCommonStockSharesOutstanding
ODFL,2023-05-08,2023-05-05,109651528,dei:EntityCommonStockSharesOutstanding
ODFL,2023-08-04,2023-08-03,109268081,dei:EntityCommonStockSharesOutstanding
ODFL,2023-11-06,2023-11-03,109113654,dei:EntityCommonStockSharesOutstanding
ODFL,2024-02-26,2024-02-21,108837146,dei:EntityCommonStockSharesOutstanding
ODFL,2024-05-07,2024-05-03,217285082,dei:EntityCommonStockSharesOutstanding
ODFL,2024-08-05,2024-08-02,214296552,dei:EntityCommonStockSharesOutstanding
ODFL,2024-11-06,2024-11-01,213497536,dei:EntityCommonStockSharesOutstanding
ODFL,2025-02-25,2025-02-21,212545079,dei:EntityCommonStockSharesOutstanding
ODFL,2025-05-06,2025-05-02,211325394,dei:EntityCommonStockSharesOutstanding
ODFL,2025-08-06,2025-08-01,210168137,dei:EntityCommonStockSharesOutstanding
ODFL,2025-11-06,2025-10-31,209098439,dei:EntityCommonStockSharesOutstanding
ODFL,2026-02-24,2026-02-17,208425619,dei:EntityCommonStockSharesOutstanding
ODFL,2026-05-06,2026-05-01,207968283,dei:EntityCommonStockSharesOutstanding
OKTA,2021-05-27,2021-04-30,255271000,us-gaap:WeightedAverageNumberOfSharesOutstandingBasic
OKTA,2021-09-02,2021-07-31,544318000,us-gaap:WeightedAverageNumberOfSharesOutstandingBasic
OKTA,2021-12-02,2021-10-31,554573000,us-gaap:WeightedAverageNumberOfSharesOutstandingBasic
OKTA,2022-03-07,2022-01-31,392469000,us-gaap:WeightedAverageNumberOfSharesOutstandingBasic
OKTA,2022-06-03,2022-04-30,155875000,us-gaap:WeightedAverageNumberOfSharesOutstandingBasic
OKTA,2022-09-01,2022-07-31,314050000,us-gaap:WeightedAverageNumberOfSharesOutstandingBasic
OKTA,2022-12-01,2022-10-31,316052000,us-gaap:WeightedAverageNumberOfSharesOutstandingBasic
OKTA,2023-03-03,2023-01-31,158023000,us-gaap:WeightedAverageNumberOfSharesOutstandingBasic
OKTA,2023-06-01,2023-04-30,161323000,us-gaap:WeightedAverageNumberOfSharesOutstandingBasic
OKTA,2023-08-31,2023-07-31,324806000,us-gaap:WeightedAverageNumberOfSharesOutstandingBasic
OKTA,2023-12-01,2023-10-31,327217000,us-gaap:WeightedAverageNumberOfSharesOutstandingBasic
OKTA,2024-03-01,2024-01-31,163634000,us-gaap:WeightedAverageNumberOfSharesOutstandingBasic
OKTA,2024-05-30,2024-04-30,167465000,us-gaap:WeightedAverageNumberOfSharesOutstandingBasic
OKTA,2024-08-29,2024-07-31,336657000,us-gaap:WeightedAverageNumberOfSharesOutstandingBasic
OKTA,2024-12-04,2024-10-31,338992000,us-gaap:WeightedAverageNumberOfSharesOutstandingBasic
OKTA,2025-03-05,2025-01-31,169569000,us-gaap:WeightedAverageNumberOfSharesOutstandingBasic
OKTA,2025-05-28,2025-04-30,174172000,us-gaap:WeightedAverageNumberOfSharesOutstandingBasic
OKTA,2025-08-27,2025-07-31,350287000,us-gaap:WeightedAverageNumberOfSharesOutstandingBasic
OKTA,2025-12-03,2025-10-31,351923000,us-gaap:WeightedAverageNumberOfSharesOutstandingBasic
OKTA,2026-03-05,2026-01-31,175882000,us-gaap:WeightedAverageNumberOfSharesOutstandingBasic
OKTA,2026-05-29,2026-04-30,176129000,us-gaap:WeightedAverageNumberOfSharesOutstandingBasic
ON,2010-08-05,2010-07-30,431124817,dei:EntityCommonStockSharesOutstanding
ON,2010-11-04,2010-10-29,432649179,dei:EntityCommonStockSharesOutstanding
ON,2011-02-24,2011-02-18,441905088,dei:EntityCommonStockSharesOutstanding
ON,2011-05-06,2011-04-29,444711831,dei:EntityCommonStockSharesOutstanding
ON,2011-08-08,2011-07-29,448318913,dei:EntityCommonStockSharesOutstanding
ON,2011-11-03,2011-10-28,449767545,dei:EntityCommonStockSharesOutstanding
ON,2012-02-22,2012-02-17,452136921,dei:EntityCommonStockSharesOutstanding
ON,2012-05-04,2012-04-26,454082151,dei:EntityCommonStockSharesOutstanding
ON,2012-08-03,2012-07-26,455571966000000,dei:EntityCommonStockSharesOutstanding
ON,2012-11-02,2012-10-26,448293513000000,dei:EntityCommonStockSharesOutstanding
ON,2013-02-26,2013-02-28,449492111,dei:EntityCommonStockSharesOutstanding
ON,2013-05-03,2013-04-26,450761359000000,dei:EntityCommonStockSharesOutstanding
ON,2013-08-02,2013-07-26,449869865,dei:EntityCommonStockSharesOutstanding
ON,2013-11-01,2013-10-25,444427693,dei:EntityCommonStockSharesOutstanding
ON,2014-02-21,2014-02-18,440421919,dei:EntityCommonStockSharesOutstanding
ON,2014-05-02,2014-04-25,440989458,dei:EntityCommonStockSharesOutstanding
ON,2014-08-01,2014-07-25,441127284,dei:EntityCommonStockSharesOutstanding
ON,2014-10-31,2014-10-24,435877268,dei:EntityCommonStockSharesOutstanding
ON,2015-02-27,2015-02-20,431315129,dei:EntityCommonStockSharesOutstanding
ON,2015-05-04,2015-04-29,429207959,dei:EntityCommonStockSharesOutstanding
ON,2015-08-03,2015-07-29,412865328,dei:EntityCommonStockSharesOutstanding
ON,2015-10-30,2015-10-28,412702059,dei:EntityCommonStockSharesOutstanding
ON,2016-02-24,2016-02-17,412095180,dei:EntityCommonStockSharesOutstanding
ON,2016-05-09,2016-05-04,414790360,dei:EntityCommonStockSharesOutstanding
ON,2016-08-08,2016-08-03,415551075,dei:EntityCommonStockSharesOutstanding
ON,2016-11-07,2016-11-02,416962802,dei:EntityCommonStockSharesOutstanding
ON,2017-02-28,2017-02-17,419610858,dei:EntityCommonStockSharesOutstanding
ON,2017-05-08,2017-05-03,420741354,dei:EntityCommonStockSharesOutstanding
ON,2017-08-07,2017-08-02,421563932,dei:EntityCommonStockSharesOutstanding
ON,2017-11-06,2017-11-01,424162250,dei:EntityCommonStockSharesOutstanding
ON,2018-02-21,2018-02-16,425440679,dei:EntityCommonStockSharesOutstanding
ON,2018-04-30,2018-04-25,427562866,dei:EntityCommonStockSharesOutstanding
ON,2018-07-30,2018-07-25,426215520,dei:EntityCommonStockSharesOutstanding
ON,2018-10-29,2018-10-24,420929115,dei:EntityCommonStockSharesOutstanding
ON,2019-02-20,2019-02-15,409710366,dei:EntityCommonStockSharesOutstanding
ON,2019-04-29,2019-04-24,412413749,dei:EntityCommonStockSharesOutstanding
ON,2019-08-05,2019-07-31,410479398,dei:EntityCommonStockSharesOutstanding
ON,2019-10-28,2019-10-23,410722135,dei:EntityCommonStockSharesOutstanding
ON,2020-02-19,2020-02-13,411065636,dei:EntityCommonStockSharesOutstanding
ON,2020-05-11,2020-05-06,410020679,dei:EntityCommonStockSharesOutstanding
ON,2020-08-10,2020-08-05,410821763,dei:EntityCommonStockSharesOutstanding
ON,2020-11-02,2020-10-28,411223532,dei:EntityCommonStockSharesOutstanding
ON,2021-02-16,2021-02-10,411881071,dei:EntityCommonStockSharesOutstanding
ON,2021-05-03,2021-04-28,427008100,dei:EntityCommonStockSharesOutstanding
ON,2021-08-02,2021-07-28,430532211,dei:EntityCommonStockSharesOutstanding
ON,2021-11-01,2021-10-27,430833656,dei:EntityCommonStockSharesOutstanding
ON,2022-02-14,2022-02-09,432497822,dei:EntityCommonStockSharesOutstanding
ON,2022-05-02,2022-04-27,434505663,dei:EntityCommonStockSharesOutstanding
ON,2022-08-01,2022-07-27,433236398,dei:EntityCommonStockSharesOutstanding
ON,2022-10-31,2022-10-26,432423573,dei:EntityCommonStockSharesOutstanding
ON,2023-02-06,2023-02-01,431967907,dei:EntityCommonStockSharesOutstanding
ON,2023-05-01,2023-04-26,431872829,dei:EntityCommonStockSharesOutstanding
ON,2023-07-31,2023-07-26,431528954,dei:EntityCommonStockSharesOutstanding
ON,2023-10-30,2023-10-25,430697587,dei:EntityCommonStockSharesOutstanding
ON,2024-02-05,2024-01-31,427328652,dei:EntityCommonStockSharesOutstanding
ON,2024-04-29,2024-04-24,430231889,dei:EntityCommonStockSharesOutstanding
ON,2024-07-29,2024-07-24,428356117,dei:EntityCommonStockSharesOutstanding
ON,2024-10-28,2024-10-23,425797438,dei:EntityCommonStockSharesOutstanding
ON,2025-02-10,2025-02-05,421421127,dei:EntityCommonStockSharesOutstanding
ON,2025-05-05,2025-04-30,417885346,dei:EntityCommonStockSharesOutstanding
ON,2025-08-04,2025-07-30,408973992,dei:EntityCommonStockSharesOutstanding
ON,2025-11-03,2025-10-29,402378412,dei:EntityCommonStockSharesOutstanding
ON,2026-02-09,2026-02-04,394020530,dei:EntityCommonStockSharesOutstanding
ON,2026-05-04,2026-04-29,391903191,dei:EntityCommonStockSharesOutstanding
ORLY,2010-05-07,2010-05-03,138121280,dei:EntityCommonStockSharesOutstanding
ORLY,2010-08-05,2010-08-02,138761127,dei:EntityCommonStockSharesOutstanding
ORLY,2010-11-08,2010-11-01,139636795,dei:EntityCommonStockSharesOutstanding
ORLY,2011-02-28,2011-02-21,279798925,dei:EntityCommonStockSharesOutstanding
ORLY,2011-05-09,2011-05-02,137870262,dei:EntityCommonStockSharesOutstanding
ORLY,2011-08-08,2011-08-01,135943785,dei:EntityCommonStockSharesOutstanding
ORLY,2011-11-08,2011-10-31,128328282,dei:EntityCommonStockSharesOutstanding
ORLY,2012-02-28,2012-02-20,263270505,dei:EntityCommonStockSharesOutstanding
ORLY,2012-05-10,2012-04-30,126090574,dei:EntityCommonStockSharesOutstanding
ORLY,2012-08-08,2012-08-06,118889480,dei:EntityCommonStockSharesOutstanding
ORLY,2012-11-08,2012-11-05,114621712,dei:EntityCommonStockSharesOutstanding
ORLY,2013-02-28,2013-02-25,233319186,dei:EntityCommonStockSharesOutstanding
ORLY,2013-05-09,2013-05-06,110469533,dei:EntityCommonStockSharesOutstanding
ORLY,2013-08-08,2013-08-05,108554704,dei:EntityCommonStockSharesOutstanding
ORLY,2013-11-08,2013-11-04,107323530,dei:EntityCommonStockSharesOutstanding
ORLY,2014-02-28,2014-02-24,215251699,dei:EntityCommonStockSharesOutstanding
ORLY,2014-05-09,2014-05-05,106078519,dei:EntityCommonStockSharesOutstanding
ORLY,2014-08-08,2014-08-04,103767124,dei:EntityCommonStockSharesOutstanding
ORLY,2014-11-07,2014-11-03,101444779,dei:EntityCommonStockSharesOutstanding
ORLY,2015-02-27,2015-02-23,206305254,dei:EntityCommonStockSharesOutstanding
ORLY,2015-05-08,2015-05-04,100989965,dei:EntityCommonStockSharesOutstanding
ORLY,2015-08-07,2015-08-03,99403188,dei:EntityCommonStockSharesOutstanding
ORLY,2015-11-06,2015-11-02,98639942,dei:EntityCommonStockSharesOutstanding
ORLY,2016-02-26,2016-02-22,97189417,dei:EntityCommonStockSharesOutstanding
ORLY,2016-05-09,2016-05-02,96455859,dei:EntityCommonStockSharesOutstanding
ORLY,2016-08-08,2016-08-01,94927731,dei:EntityCommonStockSharesOutstanding
ORLY,2016-11-08,2016-10-31,94461196,dei:EntityCommonStockSharesOutstanding
ORLY,2017-02-28,2017-02-20,91639693,dei:EntityCommonStockSharesOutstanding
ORLY,2017-05-08,2017-05-01,91005027,dei:EntityCommonStockSharesOutstanding
ORLY,2017-08-07,2017-07-31,88016684,dei:EntityCommonStockSharesOutstanding
ORLY,2017-11-07,2017-10-30,85027697,dei:EntityCommonStockSharesOutstanding
ORLY,2018-02-28,2018-02-19,83670900,dei:EntityCommonStockSharesOutstanding
ORLY,2018-05-07,2018-04-30,81911743,dei:EntityCommonStockSharesOutstanding
ORLY,2018-08-08,2018-07-30,80563009,dei:EntityCommonStockSharesOutstanding
ORLY,2018-11-07,2018-10-29,80104348,dei:EntityCommonStockSharesOutstanding
ORLY,2019-02-27,2019-02-18,78375610,dei:EntityCommonStockSharesOutstanding
ORLY,2019-05-06,2019-04-29,78276726,dei:EntityCommonStockSharesOutstanding
ORLY,2019-08-08,2019-07-29,76512807,dei:EntityCommonStockSharesOutstanding
ORLY,2019-11-06,2019-10-28,75658897,dei:EntityCommonStockSharesOutstanding
ORLY,2020-02-28,2020-02-24,74897080,dei:EntityCommonStockSharesOutstanding
ORLY,2020-05-08,2020-05-04,74225644,dei:EntityCommonStockSharesOutstanding
ORLY,2020-08-07,2020-08-03,74064777,dei:EntityCommonStockSharesOutstanding
ORLY,2020-11-06,2020-11-02,72448419,dei:EntityCommonStockSharesOutstanding
ORLY,2021-02-26,2021-02-22,70206669,dei:EntityCommonStockSharesOutstanding
ORLY,2021-05-07,2021-05-03,69761656,dei:EntityCommonStockSharesOutstanding
ORLY,2021-08-06,2021-08-02,68951739,dei:EntityCommonStockSharesOutstanding
ORLY,2021-11-08,2021-11-01,67378396,dei:EntityCommonStockSharesOutstanding
ORLY,2022-02-28,2022-02-21,66600918,dei:EntityCommonStockSharesOutstanding
ORLY,2022-05-09,2022-05-02,65725434,dei:EntityCommonStockSharesOutstanding
ORLY,2022-08-08,2022-08-01,63318293,dei:EntityCommonStockSharesOutstanding
ORLY,2022-11-08,2022-10-31,62575911,dei:EntityCommonStockSharesOutstanding
ORLY,2023-02-28,2023-02-20,61833215,dei:EntityCommonStockSharesOutstanding
ORLY,2023-05-09,2023-05-01,60878940,dei:EntityCommonStockSharesOutstanding
ORLY,2023-08-08,2023-07-31,60258342,dei:EntityCommonStockSharesOutstanding
ORLY,2023-11-08,2023-10-30,59162175,dei:EntityCommonStockSharesOutstanding
ORLY,2024-02-28,2024-02-19,59036585,dei:EntityCommonStockSharesOutstanding
ORLY,2024-05-09,2024-04-29,58894096,dei:EntityCommonStockSharesOutstanding
ORLY,2024-08-08,2024-07-29,58005664,dei:EntityCommonStockSharesOutstanding
ORLY,2024-11-08,2024-11-04,57730693,dei:EntityCommonStockSharesOutstanding
ORLY,2025-02-28,2025-02-24,57272442,dei:EntityCommonStockSharesOutstanding
ORLY,2025-05-09,2025-05-05,56989455,dei:EntityCommonStockSharesOutstanding
ORLY,2025-08-08,2025-08-04,848496680,dei:EntityCommonStockSharesOutstanding
ORLY,2025-11-07,2025-11-03,844104092,dei:EntityCommonStockSharesOutstanding
ORLY,2026-02-27,2026-02-23,838487034,dei:EntityCommonStockSharesOutstanding
ORLY,2026-05-08,2026-05-04,828715079,dei:EntityCommonStockSharesOutstanding
PANW,2012-12-10,2012-11-30,68450201,dei:EntityCommonStockSharesOutstanding
PANW,2013-03-04,2013-02-28,69131653,dei:EntityCommonStockSharesOutstanding
PANW,2013-06-04,2013-05-15,71136115,dei:EntityCommonStockSharesOutstanding
PANW,2013-09-25,2013-09-10,71667163,dei:EntityCommonStockSharesOutstanding
PANW,2013-12-05,2013-11-15,72491140,dei:EntityCommonStockSharesOutstanding
PANW,2014-02-24,2014-02-14,74064857,dei:EntityCommonStockSharesOutstanding
PANW,2014-06-03,2014-05-12,77077404,dei:EntityCommonStockSharesOutstanding
PANW,2014-09-18,2014-09-10,79628471,dei:EntityCommonStockSharesOutstanding
PANW,2014-11-25,2014-11-17,80545942,dei:EntityCommonStockSharesOutstanding
PANW,2015-03-03,2015-02-18,82272834,dei:EntityCommonStockSharesOutstanding
PANW,2015-05-28,2015-05-18,83659846,dei:EntityCommonStockSharesOutstanding
PANW,2015-09-17,2015-09-01,85008892,dei:EntityCommonStockSharesOutstanding
PANW,2015-11-24,2015-11-16,85908948,dei:EntityCommonStockSharesOutstanding
PANW,2016-02-26,2016-02-17,88370472,dei:EntityCommonStockSharesOutstanding
PANW,2016-05-27,2016-05-17,89602652,dei:EntityCommonStockSharesOutstanding
PANW,2016-09-08,2016-08-24,90850457,dei:EntityCommonStockSharesOutstanding
PANW,2016-11-22,2016-11-11,91686431,dei:EntityCommonStockSharesOutstanding
PANW,2017-03-01,2017-02-16,92036258,dei:EntityCommonStockSharesOutstanding
PANW,2017-06-01,2017-05-17,91823907,dei:EntityCommonStockSharesOutstanding
PANW,2017-09-07,2017-08-24,91842364,dei:EntityCommonStockSharesOutstanding
PANW,2017-11-21,2017-11-10,91888958,dei:EntityCommonStockSharesOutstanding
PANW,2018-02-27,2018-02-15,91848283,dei:EntityCommonStockSharesOutstanding
PANW,2018-06-05,2018-05-18,92880096,dei:EntityCommonStockSharesOutstanding
PANW,2018-09-13,2018-08-30,93822985,dei:EntityCommonStockSharesOutstanding
PANW,2018-11-30,2018-11-20,94880870,dei:EntityCommonStockSharesOutstanding
PANW,2019-02-27,2019-02-14,93732953,dei:EntityCommonStockSharesOutstanding
PANW,2019-05-30,2019-05-16,95974993,dei:EntityCommonStockSharesOutstanding
PANW,2019-09-09,2019-08-23,96990480,dei:EntityCommonStockSharesOutstanding
PANW,2019-11-26,2019-11-13,97957435,dei:EntityCommonStockSharesOutstanding
PANW,2020-02-25,2020-02-14,99704863,dei:EntityCommonStockSharesOutstanding
PANW,2020-05-22,2020-05-14,96465888,dei:EntityCommonStockSharesOutstanding
PANW,2020-09-04,2020-08-21,96373294,dei:EntityCommonStockSharesOutstanding
PANW,2020-11-19,2020-11-13,95211700,dei:EntityCommonStockSharesOutstanding
PANW,2021-02-23,2021-02-12,97242603,dei:EntityCommonStockSharesOutstanding
PANW,2021-05-21,2021-05-13,97390878,dei:EntityCommonStockSharesOutstanding
PANW,2021-09-03,2021-08-23,97406113,dei:EntityCommonStockSharesOutstanding
PANW,2021-11-19,2021-11-12,98666401,dei:EntityCommonStockSharesOutstanding
PANW,2022-02-23,2022-02-14,98484393,dei:EntityCommonStockSharesOutstanding
PANW,2022-05-20,2022-05-12,99635390,dei:EntityCommonStockSharesOutstanding
PANW,2022-09-06,2022-08-22,99737936,dei:EntityCommonStockSharesOutstanding
PANW,2022-11-18,2022-11-10,302356927,dei:EntityCommonStockSharesOutstanding
PANW,2023-02-22,2023-02-10,302607942,dei:EntityCommonStockSharesOutstanding
PANW,2023-05-24,2023-05-12,305854824,dei:EntityCommonStockSharesOutstanding
PANW,2023-09-01,2023-08-18,308594604,dei:EntityCommonStockSharesOutstanding
PANW,2023-11-17,2023-11-10,315300000,dei:EntityCommonStockSharesOutstanding
PANW,2024-02-21,2024-02-12,323100000,dei:EntityCommonStockSharesOutstanding
PANW,2024-05-21,2024-05-10,323800000,dei:EntityCommonStockSharesOutstanding
PANW,2024-09-06,2024-08-19,325600000,dei:EntityCommonStockSharesOutstanding
PANW,2024-11-21,2024-11-13,328100000,dei:EntityCommonStockSharesOutstanding
PANW,2025-02-14,2025-02-07,662100000,dei:EntityCommonStockSharesOutstanding
PANW,2025-05-21,2025-05-09,666800000,dei:EntityCommonStockSharesOutstanding
PANW,2025-08-29,2025-08-18,668900000,dei:EntityCommonStockSharesOutstanding
PANW,2025-11-20,2025-11-11,697000000,dei:EntityCommonStockSharesOutstanding
PANW,2026-02-18,2026-02-11,816000000,dei:EntityCommonStockSharesOutstanding
PANW,2026-06-03,2026-05-26,815000000,dei:EntityCommonStockSharesOutstanding
PAYX,2009-09-23,2009-08-31,361381805,dei:EntityCommonStockSharesOutstanding
PAYX,2009-12-16,2009-11-30,361406822,dei:EntityCommonStockSharesOutstanding
PAYX,2010-03-24,2010-02-28,361421034,dei:EntityCommonStockSharesOutstanding
PAYX,2010-07-16,2010-06-30,361463054,dei:EntityCommonStockSharesOutstanding
PAYX,2010-09-27,2010-08-31,361670988,dei:EntityCommonStockSharesOutstanding
PAYX,2010-12-20,2010-11-30,361683521,dei:EntityCommonStockSharesOutstanding
PAYX,2011-03-23,2011-02-28,361849681,dei:EntityCommonStockSharesOutstanding
PAYX,2011-07-15,2011-06-30,362115182,dei:EntityCommonStockSharesOutstanding
PAYX,2011-09-27,2011-08-31,362381925,dei:EntityCommonStockSharesOutstanding
PAYX,2011-12-20,2011-11-30,362420042,dei:EntityCommonStockSharesOutstanding
PAYX,2012-03-28,2012-02-29,362544307,dei:EntityCommonStockSharesOutstanding
PAYX,2012-07-20,2012-06-30,362758777,dei:EntityCommonStockSharesOutstanding
PAYX,2012-09-24,2012-08-31,363456487,dei:EntityCommonStockSharesOutstanding
PAYX,2012-12-20,2012-11-30,363716410,dei:EntityCommonStockSharesOutstanding
PAYX,2013-03-27,2013-02-28,363897991,dei:EntityCommonStockSharesOutstanding
PAYX,2013-07-22,2013-06-30,365531897,dei:EntityCommonStockSharesOutstanding
PAYX,2013-09-30,2013-08-31,365196117,dei:EntityCommonStockSharesOutstanding
PAYX,2013-12-20,2013-11-30,364212329,dei:EntityCommonStockSharesOutstanding
PAYX,2014-03-26,2014-02-28,363739087,dei:EntityCommonStockSharesOutstanding
PAYX,2014-07-22,2014-06-30,363099317,dei:EntityCommonStockSharesOutstanding
PAYX,2014-09-24,2014-08-31,362827665,dei:EntityCommonStockSharesOutstanding
PAYX,2014-12-19,2014-11-30,363147285,dei:EntityCommonStockSharesOutstanding
PAYX,2015-03-25,2015-02-28,363228330,dei:EntityCommonStockSharesOutstanding
PAYX,2015-07-21,2015-06-30,361206331,dei:EntityCommonStockSharesOutstanding
PAYX,2015-09-30,2015-08-31,360539944,dei:EntityCommonStockSharesOutstanding
PAYX,2015-12-23,2015-11-30,360946213,dei:EntityCommonStockSharesOutstanding
PAYX,2016-03-30,2016-02-29,360121054,dei:EntityCommonStockSharesOutstanding
PAYX,2016-07-22,2016-06-30,360532001,dei:EntityCommonStockSharesOutstanding
PAYX,2016-09-30,2016-08-31,361651474,dei:EntityCommonStockSharesOutstanding
PAYX,2016-12-23,2016-11-30,358843180,dei:EntityCommonStockSharesOutstanding
PAYX,2017-03-31,2017-02-28,359248385,dei:EntityCommonStockSharesOutstanding
PAYX,2017-07-21,2017-06-30,359395731,dei:EntityCommonStockSharesOutstanding
PAYX,2017-10-06,2017-09-30,358994637,dei:EntityCommonStockSharesOutstanding
PAYX,2017-12-21,2017-11-30,359185462,dei:EntityCommonStockSharesOutstanding
PAYX,2018-03-28,2018-02-28,359275368,dei:EntityCommonStockSharesOutstanding
PAYX,2018-07-20,2018-06-30,358999129,dei:EntityCommonStockSharesOutstanding
PAYX,2018-10-05,2018-09-30,359081940,dei:EntityCommonStockSharesOutstanding
PAYX,2018-12-21,2018-11-30,359091176,dei:EntityCommonStockSharesOutstanding
PAYX,2019-03-29,2019-02-28,359392757,dei:EntityCommonStockSharesOutstanding
PAYX,2019-07-24,2019-06-30,359345511,dei:EntityCommonStockSharesOutstanding
PAYX,2019-10-04,2019-09-30,357944189,dei:EntityCommonStockSharesOutstanding
PAYX,2019-12-20,2019-11-30,358386480,dei:EntityCommonStockSharesOutstanding
PAYX,2020-03-27,2020-02-29,358715435,dei:EntityCommonStockSharesOutstanding
PAYX,2020-07-17,2020-06-30,358769682,dei:EntityCommonStockSharesOutstanding
PAYX,2020-10-09,2020-09-30,359500317,dei:EntityCommonStockSharesOutstanding
PAYX,2020-12-23,2020-11-30,360631164,dei:EntityCommonStockSharesOutstanding
PAYX,2021-04-07,2021-03-31,360360068,dei:EntityCommonStockSharesOutstanding
PAYX,2021-07-16,2021-06-30,359830185,dei:EntityCommonStockSharesOutstanding
PAYX,2021-10-01,2021-08-31,360590737,dei:EntityCommonStockSharesOutstanding
PAYX,2021-12-22,2021-11-30,360756990,dei:EntityCommonStockSharesOutstanding
PAYX,2022-03-31,2022-02-28,361017389,dei:EntityCommonStockSharesOutstanding
PAYX,2022-07-15,2022-06-30,359906888,dei:EntityCommonStockSharesOutstanding
PAYX,2022-09-29,2022-08-31,360400603,dei:EntityCommonStockSharesOutstanding
PAYX,2022-12-22,2022-11-30,360466548,dei:EntityCommonStockSharesOutstanding
PAYX,2023-03-30,2023-02-28,360508880,dei:EntityCommonStockSharesOutstanding
PAYX,2023-07-14,2023-06-30,360545780,dei:EntityCommonStockSharesOutstanding
PAYX,2023-09-28,2023-08-31,361232387,dei:EntityCommonStockSharesOutstanding
PAYX,2023-12-21,2023-11-30,359821826,dei:EntityCommonStockSharesOutstanding
PAYX,2024-04-02,2024-02-29,359963341,dei:EntityCommonStockSharesOutstanding
PAYX,2024-07-11,2024-06-30,360126911,dei:EntityCommonStockSharesOutstanding
PAYX,2024-10-01,2024-08-31,359898021,dei:EntityCommonStockSharesOutstanding
PAYX,2024-12-19,2024-11-30,360063074,dei:EntityCommonStockSharesOutstanding
PAYX,2025-03-26,2025-02-28,360190668,dei:EntityCommonStockSharesOutstanding
PAYX,2025-07-11,2025-06-30,360243877,dei:EntityCommonStockSharesOutstanding
PAYX,2025-09-30,2025-08-31,359894143,dei:EntityCommonStockSharesOutstanding
PAYX,2025-12-22,2025-11-30,358967450,dei:EntityCommonStockSharesOutstanding
PAYX,2026-03-26,2026-02-28,358290881,dei:EntityCommonStockSharesOutstanding
PCAR,2009-08-28,2009-07-31,363318736,dei:EntityCommonStockSharesOutstanding
PCAR,2009-11-05,2009-10-31,363508591,dei:EntityCommonStockSharesOutstanding
PCAR,2010-02-26,2010-01-31,364195044,dei:EntityCommonStockSharesOutstanding
PCAR,2010-05-05,2010-04-30,364898310,dei:EntityCommonStockSharesOutstanding
PCAR,2010-08-06,2010-07-31,364532187,dei:EntityCommonStockSharesOutstanding
PCAR,2010-11-08,2010-10-31,364700782,dei:EntityCommonStockSharesOutstanding
PCAR,2011-03-01,2011-01-31,365331459,dei:EntityCommonStockSharesOutstanding
PCAR,2011-05-06,2011-04-30,365468969,dei:EntityCommonStockSharesOutstanding
PCAR,2011-08-08,2011-07-31,365516212,dei:EntityCommonStockSharesOutstanding
PCAR,2011-11-07,2011-10-31,358217233,dei:EntityCommonStockSharesOutstanding
PCAR,2012-02-29,2012-01-31,356877678,dei:EntityCommonStockSharesOutstanding
PCAR,2012-05-10,2012-04-30,356687249,dei:EntityCommonStockSharesOutstanding
PCAR,2012-08-08,2012-07-31,353505180,dei:EntityCommonStockSharesOutstanding
PCAR,2012-11-07,2012-10-31,353030892,dei:EntityCommonStockSharesOutstanding
PCAR,2013-02-27,2013-01-31,353468322,dei:EntityCommonStockSharesOutstanding
PCAR,2013-05-08,2013-04-30,353720149,dei:EntityCommonStockSharesOutstanding
PCAR,2013-08-07,2013-07-31,353973089,dei:EntityCommonStockSharesOutstanding
PCAR,2013-11-07,2013-10-31,354091886,dei:EntityCommonStockSharesOutstanding
PCAR,2014-02-27,2014-01-31,354402609,dei:EntityCommonStockSharesOutstanding
PCAR,2014-05-07,2014-04-30,354697430,dei:EntityCommonStockSharesOutstanding
PCAR,2014-08-07,2014-07-31,354768689,dei:EntityCommonStockSharesOutstanding
PCAR,2014-11-06,2014-10-31,354104279,dei:EntityCommonStockSharesOutstanding
PCAR,2015-02-26,2015-01-31,354515811,dei:EntityCommonStockSharesOutstanding
PCAR,2015-05-06,2015-04-30,354796684,dei:EntityCommonStockSharesOutstanding
PCAR,2015-08-06,2015-07-31,354968454,dei:EntityCommonStockSharesOutstanding
PCAR,2015-11-05,2015-10-31,353455752,dei:EntityCommonStockSharesOutstanding
PCAR,2016-02-16,2016-01-31,351358497,dei:EntityCommonStockSharesOutstanding
PCAR,2016-05-04,2016-04-30,350462850,dei:EntityCommonStockSharesOutstanding
PCAR,2016-08-03,2016-07-31,350528311,dei:EntityCommonStockSharesOutstanding
PCAR,2016-11-04,2016-10-31,350537271,dei:EntityCommonStockSharesOutstanding
PCAR,2017-02-21,2017-01-31,350896879,dei:EntityCommonStockSharesOutstanding
PCAR,2017-05-04,2017-04-30,351279601,dei:EntityCommonStockSharesOutstanding
PCAR,2017-08-04,2017-07-31,351376481,dei:EntityCommonStockSharesOutstanding
PCAR,2017-11-03,2017-10-31,351610175,dei:EntityCommonStockSharesOutstanding
PCAR,2018-02-21,2018-01-31,351986606,dei:EntityCommonStockSharesOutstanding
PCAR,2018-05-04,2018-04-30,351811817,dei:EntityCommonStockSharesOutstanding
PCAR,2018-08-03,2018-07-31,350543255,dei:EntityCommonStockSharesOutstanding
PCAR,2018-11-02,2018-10-31,349435196,dei:EntityCommonStockSharesOutstanding
PCAR,2019-02-21,2019-01-31,346718291,dei:EntityCommonStockSharesOutstanding
PCAR,2019-05-02,2019-04-30,346443375,dei:EntityCommonStockSharesOutstanding
PCAR,2019-08-02,2019-07-31,346369155,dei:EntityCommonStockSharesOutstanding
PCAR,2019-10-30,2019-10-25,345873618,dei:EntityCommonStockSharesOutstanding
PCAR,2020-02-19,2020-01-31,346353327,dei:EntityCommonStockSharesOutstanding
PCAR,2020-05-04,2020-04-30,345726900,dei:EntityCommonStockSharesOutstanding
PCAR,2020-08-03,2020-07-30,346148924,dei:EntityCommonStockSharesOutstanding
PCAR,2020-11-02,2020-10-29,346439802,dei:EntityCommonStockSharesOutstanding
PCAR,2021-02-17,2021-01-31,346936820,dei:EntityCommonStockSharesOutstanding
PCAR,2021-05-03,2021-04-29,347156397,dei:EntityCommonStockSharesOutstanding
PCAR,2021-08-02,2021-07-29,347173392,dei:EntityCommonStockSharesOutstanding
PCAR,2021-11-01,2021-10-28,347177323,dei:EntityCommonStockSharesOutstanding
PCAR,2022-02-23,2022-01-31,347571995,dei:EntityCommonStockSharesOutstanding
PCAR,2022-05-03,2022-04-28,347683222,dei:EntityCommonStockSharesOutstanding
PCAR,2022-08-02,2022-07-28,347718742,dei:EntityCommonStockSharesOutstanding
PCAR,2022-10-28,2022-10-25,347767575,dei:EntityCommonStockSharesOutstanding
PCAR,2023-02-22,2023-02-10,522513846,dei:EntityCommonStockSharesOutstanding
PCAR,2023-05-02,2023-04-28,522579036,dei:EntityCommonStockSharesOutstanding
PCAR,2023-08-02,2023-07-28,522805095,dei:EntityCommonStockSharesOutstanding
PCAR,2023-11-02,2023-10-30,523075842,dei:EntityCommonStockSharesOutstanding
PCAR,2024-02-21,2024-02-09,523883677,dei:EntityCommonStockSharesOutstanding
PCAR,2024-05-02,2024-04-29,524145446,dei:EntityCommonStockSharesOutstanding
PCAR,2024-07-31,2024-07-26,524221826,dei:EntityCommonStockSharesOutstanding
PCAR,2024-10-30,2024-10-25,524300554,dei:EntityCommonStockSharesOutstanding
PCAR,2025-02-19,2025-01-31,524802603,dei:EntityCommonStockSharesOutstanding
PCAR,2025-05-01,2025-04-25,524959425,dei:EntityCommonStockSharesOutstanding
PCAR,2025-07-31,2025-07-25,525103392,dei:EntityCommonStockSharesOutstanding
PCAR,2025-10-30,2025-10-24,525204359,dei:EntityCommonStockSharesOutstanding
PCAR,2026-02-18,2026-01-31,525894443,dei:EntityCommonStockSharesOutstanding
PCAR,2026-04-29,2026-04-24,526286229,dei:EntityCommonStockSharesOutstanding
PDD,2019-04-24,2017-12-31,3573969820,us-gaap:CommonStockSharesOutstanding
PDD,2020-04-24,2018-12-31,4455688688,us-gaap:CommonStockSharesOutstanding
PDD,2024-04-25,2023-12-31,10781839544,us-gaap:CommonStockSharesOutstanding
PDD,2025-04-28,2024-12-31,5568585848,us-gaap:CommonStockSharesOutstanding
PDD,2026-04-29,2025-12-31,5693585848,us-gaap:CommonStockSharesOutstanding
PEP,2009-10-08,2009-10-02,1560444589,dei:EntityCommonStockSharesOutstanding
PEP,2010-02-22,2010-02-12,1569900714,dei:EntityCommonStockSharesOutstanding
PEP,2010-04-23,2010-04-16,1612718843,dei:EntityCommonStockSharesOutstanding
PEP,2010-07-20,2010-07-09,1590933558,dei:EntityCommonStockSharesOutstanding
PEP,2010-10-07,2010-10-01,1584840959,dei:EntityCommonStockSharesOutstanding
PEP,2011-02-18,2011-02-11,1586503366,dei:EntityCommonStockSharesOutstanding
PEP,2011-04-28,2011-04-21,1580653782,dei:EntityCommonStockSharesOutstanding
PEP,2011-07-21,2011-07-15,1582605338,dei:EntityCommonStockSharesOutstanding
PEP,2011-10-12,2011-10-05,1563410224,dei:EntityCommonStockSharesOutstanding
PEP,2012-02-27,2012-02-15,1570641730,dei:EntityCommonStockSharesOutstanding
PEP,2012-04-26,2012-04-20,1563964807,dei:EntityCommonStockSharesOutstanding
PEP,2012-07-25,2012-07-16,1556274656,dei:EntityCommonStockSharesOutstanding
PEP,2012-10-17,2012-10-10,1546853502,dei:EntityCommonStockSharesOutstanding
PEP,2013-02-21,2013-02-13,1542782724,dei:EntityCommonStockSharesOutstanding
PEP,2013-04-19,2013-04-19,1546416318,dei:EntityCommonStockSharesOutstanding
PEP,2013-07-24,2013-07-17,1542214401,dei:EntityCommonStockSharesOutstanding
PEP,2013-10-16,2013-10-09,1533599526,dei:EntityCommonStockSharesOutstanding
PEP,2014-02-14,2014-02-06,1522465786,dei:EntityCommonStockSharesOutstanding
PEP,2014-04-17,2014-04-10,1516052433,dei:EntityCommonStockSharesOutstanding
PEP,2014-07-23,2014-07-16,1506789240,dei:EntityCommonStockSharesOutstanding
PEP,2014-10-09,2014-10-02,1496606020,dei:EntityCommonStockSharesOutstanding
PEP,2015-02-12,2015-02-06,1482368514,dei:EntityCommonStockSharesOutstanding
PEP,2015-04-23,2015-04-17,1476050863,dei:EntityCommonStockSharesOutstanding
PEP,2015-07-09,2015-07-02,1468993138,dei:EntityCommonStockSharesOutstanding
PEP,2015-10-06,2015-09-30,1456850777,dei:EntityCommonStockSharesOutstanding
PEP,2016-02-11,2016-02-04,1445412743,dei:EntityCommonStockSharesOutstanding
PEP,2016-04-18,2016-04-08,1444417034,dei:EntityCommonStockSharesOutstanding
PEP,2016-07-07,2016-06-29,1439157837,dei:EntityCommonStockSharesOutstanding
PEP,2016-09-29,2016-09-22,1434183120,dei:EntityCommonStockSharesOutstanding
PEP,2017-02-15,2017-02-07,1427214232,dei:EntityCommonStockSharesOutstanding
PEP,2017-04-26,2017-04-19,1428501223,dei:EntityCommonStockSharesOutstanding
PEP,2017-07-11,2017-07-03,1425510474,dei:EntityCommonStockSharesOutstanding
PEP,2017-10-04,2017-09-27,1422143357,dei:EntityCommonStockSharesOutstanding
PEP,2018-02-13,2018-02-06,1419908267,dei:EntityCommonStockSharesOutstanding
PEP,2018-04-26,2018-04-19,1417848788,dei:EntityCommonStockSharesOutstanding
PEP,2018-07-10,2018-07-03,1414321635,dei:EntityCommonStockSharesOutstanding
PEP,2018-10-02,2018-09-25,1411568000,dei:EntityCommonStockSharesOutstanding
PEP,2019-02-15,2019-02-08,1404686108,dei:EntityCommonStockSharesOutstanding
PEP,2019-04-17,2019-04-10,1401821663,dei:EntityCommonStockSharesOutstanding
PEP,2019-07-09,2019-07-01,1398169503,dei:EntityCommonStockSharesOutstanding
PEP,2019-10-03,2019-09-26,1394435338,dei:EntityCommonStockSharesOutstanding
PEP,2020-02-13,2020-02-06,1389544618,dei:EntityCommonStockSharesOutstanding
PEP,2020-04-28,2020-04-21,1387500433,dei:EntityCommonStockSharesOutstanding
PEP,2020-07-13,2020-07-06,1384632842,dei:EntityCommonStockSharesOutstanding
PEP,2020-10-01,2020-09-24,1381956485,dei:EntityCommonStockSharesOutstanding
PEP,2021-02-11,2021-02-04,1379608641,dei:EntityCommonStockSharesOutstanding
PEP,2021-04-15,2021-04-08,1381631264,dei:EntityCommonStockSharesOutstanding
PEP,2021-07-13,2021-07-06,1382114956,dei:EntityCommonStockSharesOutstanding
PEP,2021-10-05,2021-09-28,1382652943,dei:EntityCommonStockSharesOutstanding
PEP,2022-02-10,2022-02-03,1383451400,dei:EntityCommonStockSharesOutstanding
PEP,2022-04-26,2022-04-19,1382683559,dei:EntityCommonStockSharesOutstanding
PEP,2022-07-12,2022-07-05,1380084844,dei:EntityCommonStockSharesOutstanding
PEP,2022-10-12,2022-10-05,1377709209,dei:EntityCommonStockSharesOutstanding
PEP,2023-02-09,2023-02-02,1377251316,dei:EntityCommonStockSharesOutstanding
PEP,2023-04-25,2023-04-18,1377693115,dei:EntityCommonStockSharesOutstanding
PEP,2023-07-13,2023-07-06,1376580611,dei:EntityCommonStockSharesOutstanding
PEP,2023-10-10,2023-10-03,1374863961,dei:EntityCommonStockSharesOutstanding
PEP,2024-02-09,2024-02-02,1374429271,dei:EntityCommonStockSharesOutstanding
PEP,2024-04-23,2024-04-16,1374785980,dei:EntityCommonStockSharesOutstanding
PEP,2024-07-11,2024-07-05,1373572400,dei:EntityCommonStockSharesOutstanding
PEP,2024-10-08,2024-10-01,1371989025,dei:EntityCommonStockSharesOutstanding
PEP,2025-02-04,2025-01-28,1371499838,dei:EntityCommonStockSharesOutstanding
PEP,2025-04-24,2025-04-17,1371079540,dei:EntityCommonStockSharesOutstanding
PEP,2025-07-17,2025-07-10,1369077204,dei:EntityCommonStockSharesOutstanding
PEP,2025-10-09,2025-10-02,1367340122,dei:EntityCommonStockSharesOutstanding
PEP,2026-02-03,2026-01-23,1366649053,dei:EntityCommonStockSharesOutstanding
PEP,2026-04-16,2026-04-09,1366768315,dei:EntityCommonStockSharesOutstanding
PLTR,2020-11-13,2020-09-30,2308182871,us-gaap:CommonStockSharesOutstanding
PLTR,2021-02-26,2020-12-31,1792139544,us-gaap:CommonStockSharesOutstanding
PLTR,2021-05-12,2021-03-31,3652747000,us-gaap:CommonStockSharesOutstanding
PLTR,2021-08-12,2021-06-30,1936578000,us-gaap:CommonStockSharesOutstanding
PLTR,2021-11-09,2021-09-30,1991118000,us-gaap:CommonStockSharesOutstanding
PLTR,2022-02-24,2021-12-31,2027474000,us-gaap:CommonStockSharesOutstanding
PLTR,2022-05-09,2022-03-31,2045876000,us-gaap:CommonStockSharesOutstanding
PLTR,2022-08-08,2022-06-30,2062741000,us-gaap:CommonStockSharesOutstanding
PLTR,2022-11-07,2022-09-30,2079664000,us-gaap:CommonStockSharesOutstanding
PLTR,2023-02-21,2022-12-31,2099075000,us-gaap:CommonStockSharesOutstanding
PLTR,2023-05-09,2023-03-31,2117730000,us-gaap:CommonStockSharesOutstanding
PLTR,2023-08-08,2023-06-30,2149980000,us-gaap:CommonStockSharesOutstanding
PLTR,2023-11-03,2023-09-30,2175241000,us-gaap:CommonStockSharesOutstanding
PLTR,2024-02-20,2023-12-31,2200128000,us-gaap:CommonStockSharesOutstanding
PLTR,2024-05-07,2024-03-31,2226963000,us-gaap:CommonStockSharesOutstanding
PLTR,2024-08-06,2024-06-30,2237939000,us-gaap:CommonStockSharesOutstanding
PLTR,2024-11-05,2024-09-30,2269809000,us-gaap:CommonStockSharesOutstanding
PLTR,2025-02-18,2024-12-31,2338795000,us-gaap:CommonStockSharesOutstanding
PLTR,2025-05-06,2025-03-31,2359663000,us-gaap:CommonStockSharesOutstanding
PLTR,2025-08-05,2025-06-30,2371847000,us-gaap:CommonStockSharesOutstanding
PLTR,2025-11-04,2025-09-30,2383314000,us-gaap:CommonStockSharesOutstanding
PLTR,2026-02-17,2025-12-31,2391192000,us-gaap:CommonStockSharesOutstanding
PLTR,2026-05-05,2026-03-31,2397133000,us-gaap:CommonStockSharesOutstanding
PTON,2020-11-06,2020-09-30,327173698,us-gaap:WeightedAverageNumberOfSharesOutstandingBasic
PTON,2021-02-05,2020-12-31,1022242387,us-gaap:WeightedAverageNumberOfSharesOutstandingBasic
PTON,2021-05-07,2021-03-31,1068571367,us-gaap:WeightedAverageNumberOfSharesOutstandingBasic
PTON,2021-08-27,2021-06-30,537756644,us-gaap:WeightedAverageNumberOfSharesOutstandingBasic
PTON,2021-11-05,2021-09-30,301161474,us-gaap:WeightedAverageNumberOfSharesOutstandingBasic
PTON,2022-02-08,2021-12-31,626229945,us-gaap:WeightedAverageNumberOfSharesOutstandingBasic
PTON,2022-05-10,2022-03-31,651110423,us-gaap:WeightedAverageNumberOfSharesOutstandingBasic
PTON,2022-09-07,2022-06-30,322368818,us-gaap:WeightedAverageNumberOfSharesOutstandingBasic
PTON,2022-11-03,2022-09-30,339011157,us-gaap:WeightedAverageNumberOfSharesOutstandingBasic
PTON,2023-02-01,2022-12-31,682447037,us-gaap:WeightedAverageNumberOfSharesOutstandingBasic
PTON,2023-05-04,2023-03-31,694180627,us-gaap:WeightedAverageNumberOfSharesOutstandingBasic
PTON,2023-08-23,2023-06-30,346670699,us-gaap:WeightedAverageNumberOfSharesOutstandingBasic
PTON,2023-11-02,2023-09-30,358547563,us-gaap:WeightedAverageNumberOfSharesOutstandingBasic
PTON,2024-02-01,2023-12-31,722775271,us-gaap:WeightedAverageNumberOfSharesOutstandingBasic
PTON,2024-05-02,2024-03-31,730841564,us-gaap:WeightedAverageNumberOfSharesOutstandingBasic
PTON,2024-08-22,2024-06-30,365546334,us-gaap:WeightedAverageNumberOfSharesOutstandingBasic
PTON,2024-10-31,2024-09-30,378776423,us-gaap:WeightedAverageNumberOfSharesOutstandingBasic
PTON,2025-02-06,2024-12-31,767650362,us-gaap:WeightedAverageNumberOfSharesOutstandingBasic
PTON,2025-05-08,2025-03-31,779964608,us-gaap:WeightedAverageNumberOfSharesOutstandingBasic
PTON,2025-08-07,2025-06-30,390037997,us-gaap:WeightedAverageNumberOfSharesOutstandingBasic
PTON,2025-11-06,2025-09-30,413108105,us-gaap:WeightedAverageNumberOfSharesOutstandingBasic
PTON,2026-02-05,2025-12-31,838520410,us-gaap:WeightedAverageNumberOfSharesOutstandingBasic
PTON,2026-05-07,2026-03-31,849964656,us-gaap:WeightedAverageNumberOfSharesOutstandingBasic
PYPL,2015-07-29,2015-07-23,1218735605,dei:EntityCommonStockSharesOutstanding
PYPL,2015-10-29,2015-10-23,1221690060,dei:EntityCommonStockSharesOutstanding
PYPL,2016-02-11,2016-02-05,1222675902,dei:EntityCommonStockSharesOutstanding
PYPL,2016-04-28,2016-04-22,1212026663,dei:EntityCommonStockSharesOutstanding
PYPL,2016-07-26,2016-07-20,1206918019,dei:EntityCommonStockSharesOutstanding
PYPL,2016-10-25,2016-10-19,1206645916,dei:EntityCommonStockSharesOutstanding
PYPL,2017-02-08,2017-02-02,1207583234,dei:EntityCommonStockSharesOutstanding
PYPL,2017-04-27,2017-04-21,1201258479,dei:EntityCommonStockSharesOutstanding
PYPL,2017-07-27,2017-07-21,1202397024,dei:EntityCommonStockSharesOutstanding
PYPL,2017-10-24,2017-10-18,1201910314,dei:EntityCommonStockSharesOutstanding
PYPL,2018-02-07,2018-02-02,1200160405,dei:EntityCommonStockSharesOutstanding
PYPL,2018-04-26,2018-04-20,1187386825,dei:EntityCommonStockSharesOutstanding
PYPL,2018-07-26,2018-07-20,1183672508,dei:EntityCommonStockSharesOutstanding
PYPL,2018-10-23,2018-10-17,1178359088,dei:EntityCommonStockSharesOutstanding
PYPL,2019-02-07,2019-01-31,1173209367,dei:EntityCommonStockSharesOutstanding
PYPL,2019-04-25,2019-04-19,1174933013,dei:EntityCommonStockSharesOutstanding
PYPL,2019-07-25,2019-07-19,1176675415,dei:EntityCommonStockSharesOutstanding
PYPL,2019-10-24,2019-10-18,1174192449,dei:EntityCommonStockSharesOutstanding
PYPL,2020-02-06,2020-01-31,1172955485,dei:EntityCommonStockSharesOutstanding
PYPL,2020-05-07,2020-05-01,1173981657,dei:EntityCommonStockSharesOutstanding
PYPL,2020-07-30,2020-07-24,1173299768,dei:EntityCommonStockSharesOutstanding
PYPL,2020-11-03,2020-10-28,1171691809,dei:EntityCommonStockSharesOutstanding
PYPL,2021-02-05,2021-01-29,1171175760,dei:EntityCommonStockSharesOutstanding
PYPL,2021-05-06,2021-04-30,1174728054,dei:EntityCommonStockSharesOutstanding
PYPL,2021-07-29,2021-07-23,1175032150,dei:EntityCommonStockSharesOutstanding
PYPL,2021-11-09,2021-11-02,1174930172,dei:EntityCommonStockSharesOutstanding
PYPL,2022-02-03,2022-01-28,1165004913,dei:EntityCommonStockSharesOutstanding
PYPL,2022-04-28,2022-04-22,1158039929,dei:EntityCommonStockSharesOutstanding
PYPL,2022-08-03,2022-07-27,1156475874,dei:EntityCommonStockSharesOutstanding
PYPL,2022-11-04,2022-10-28,1140027732,dei:EntityCommonStockSharesOutstanding
PYPL,2023-02-10,2023-02-03,1131373298,dei:EntityCommonStockSharesOutstanding
PYPL,2023-05-09,2023-05-02,1115713968,dei:EntityCommonStockSharesOutstanding
PYPL,2023-08-03,2023-07-27,1098037471,dei:EntityCommonStockSharesOutstanding
PYPL,2023-11-02,2023-10-26,1078140224,dei:EntityCommonStockSharesOutstanding
PYPL,2024-02-08,2024-02-01,1071741864,dei:EntityCommonStockSharesOutstanding
PYPL,2024-04-30,2024-04-24,1046046041,dei:EntityCommonStockSharesOutstanding
PYPL,2024-07-30,2024-07-24,1022333393,dei:EntityCommonStockSharesOutstanding
PYPL,2024-10-29,2024-10-23,1002538828,dei:EntityCommonStockSharesOutstanding
PYPL,2025-02-04,2025-01-29,989242452,dei:EntityCommonStockSharesOutstanding
PYPL,2025-04-29,2025-04-23,972532829,dei:EntityCommonStockSharesOutstanding
PYPL,2025-07-29,2025-07-23,955378405,dei:EntityCommonStockSharesOutstanding
PYPL,2025-10-28,2025-10-22,935651953,dei:EntityCommonStockSharesOutstanding
PYPL,2026-02-03,2026-01-28,920664542,dei:EntityCommonStockSharesOutstanding
PYPL,2026-05-05,2026-04-29,882105493,dei:EntityCommonStockSharesOutstanding
QCOM,2009-07-22,2009-07-20,1662310107,dei:EntityCommonStockSharesOutstanding
QCOM,2009-11-05,2009-11-02,1670313078,dei:EntityCommonStockSharesOutstanding
QCOM,2010-01-27,2010-01-25,1680600735,dei:EntityCommonStockSharesOutstanding
QCOM,2010-04-21,2010-04-19,1640372747,dei:EntityCommonStockSharesOutstanding
QCOM,2010-07-21,2010-07-19,1605194616,dei:EntityCommonStockSharesOutstanding
QCOM,2010-11-03,2010-11-01,1617713293,dei:EntityCommonStockSharesOutstanding
QCOM,2011-01-26,2010-12-26,1643746036,dei:EntityCommonStockSharesOutstanding
QCOM,2011-04-20,2011-04-18,1669532005000,dei:EntityCommonStockSharesOutstanding
QCOM,2011-07-20,2011-07-18,1679739316,dei:EntityCommonStockSharesOutstanding
QCOM,2011-11-02,2011-10-31,1680984426000,dei:EntityCommonStockSharesOutstanding
QCOM,2012-02-01,2012-01-30,1691418257,dei:EntityCommonStockSharesOutstanding
QCOM,2012-04-18,2012-04-16,1714274812,dei:EntityCommonStockSharesOutstanding
QCOM,2012-07-18,2012-07-16,1703349039,dei:EntityCommonStockSharesOutstanding
QCOM,2012-11-07,2012-11-05,1704029150,dei:EntityCommonStockSharesOutstanding
QCOM,2013-01-30,2013-01-28,1718129898,dei:EntityCommonStockSharesOutstanding
QCOM,2013-04-24,2013-04-22,1727835431,dei:EntityCommonStockSharesOutstanding
QCOM,2013-07-24,2013-07-22,1715425829,dei:EntityCommonStockSharesOutstanding
QCOM,2013-11-06,2013-11-04,1689435673,dei:EntityCommonStockSharesOutstanding
QCOM,2014-01-29,2014-01-27,1691079925,dei:EntityCommonStockSharesOutstanding
QCOM,2014-04-23,2014-04-21,1687873532,dei:EntityCommonStockSharesOutstanding
QCOM,2014-07-23,2014-07-21,1676023571,dei:EntityCommonStockSharesOutstanding
QCOM,2014-11-05,2014-11-03,1662600946,dei:EntityCommonStockSharesOutstanding
QCOM,2015-01-28,2015-01-26,1649560102,dei:EntityCommonStockSharesOutstanding
QCOM,2015-04-22,2015-04-20,1629569117,dei:EntityCommonStockSharesOutstanding
QCOM,2015-07-22,2015-07-20,1571202188,dei:EntityCommonStockSharesOutstanding
QCOM,2015-11-04,2015-11-02,1503094004,dei:EntityCommonStockSharesOutstanding
QCOM,2016-01-27,2016-01-25,1494887355,dei:EntityCommonStockSharesOutstanding
QCOM,2016-04-20,2016-04-18,1468915152,dei:EntityCommonStockSharesOutstanding
QCOM,2016-07-20,2016-07-18,1473648385,dei:EntityCommonStockSharesOutstanding
QCOM,2016-11-02,2016-10-31,1476886684,dei:EntityCommonStockSharesOutstanding
QCOM,2017-01-25,2017-01-23,1477041037,dei:EntityCommonStockSharesOutstanding
QCOM,2017-04-19,2017-04-17,1477436517,dei:EntityCommonStockSharesOutstanding
QCOM,2017-07-19,2017-07-17,1476066796,dei:EntityCommonStockSharesOutstanding
QCOM,2017-11-01,2017-10-30,1474164639,dei:EntityCommonStockSharesOutstanding
QCOM,2018-01-31,2018-01-29,1480363298,dei:EntityCommonStockSharesOutstanding
QCOM,2018-04-25,2018-04-23,1482622312,dei:EntityCommonStockSharesOutstanding
QCOM,2018-07-25,2018-07-23,1469111039,dei:EntityCommonStockSharesOutstanding
QCOM,2018-11-07,2018-11-05,1212162586,dei:EntityCommonStockSharesOutstanding
QCOM,2019-01-30,2019-01-28,1210305693,dei:EntityCommonStockSharesOutstanding
QCOM,2019-05-01,2019-04-29,1215698926,dei:EntityCommonStockSharesOutstanding
QCOM,2019-07-31,2019-07-29,1215657726,dei:EntityCommonStockSharesOutstanding
QCOM,2019-11-06,2019-11-04,1141844863,dei:EntityCommonStockSharesOutstanding
QCOM,2020-02-05,2020-02-03,1143042806,dei:EntityCommonStockSharesOutstanding
QCOM,2020-04-29,2020-04-27,1124927980,dei:EntityCommonStockSharesOutstanding
QCOM,2020-07-29,2020-07-27,1128265865,dei:EntityCommonStockSharesOutstanding
QCOM,2020-11-04,2020-11-02,1131000000,dei:EntityCommonStockSharesOutstanding
QCOM,2021-02-03,2021-02-01,1136000000,dei:EntityCommonStockSharesOutstanding
QCOM,2021-04-28,2021-04-26,1128000000,dei:EntityCommonStockSharesOutstanding
QCOM,2021-07-28,2021-07-26,1128000000,dei:EntityCommonStockSharesOutstanding
QCOM,2021-11-03,2021-11-01,1120000000,dei:EntityCommonStockSharesOutstanding
QCOM,2022-02-02,2022-01-31,1127000000,dei:EntityCommonStockSharesOutstanding
QCOM,2022-04-27,2022-04-25,1120000000,dei:EntityCommonStockSharesOutstanding
QCOM,2022-07-27,2022-07-25,1123000000,dei:EntityCommonStockSharesOutstanding
QCOM,2022-11-02,2022-10-31,1121000000,dei:EntityCommonStockSharesOutstanding
QCOM,2023-02-02,2023-01-31,1115000000,dei:EntityCommonStockSharesOutstanding
QCOM,2023-05-03,2023-05-01,1114000000,dei:EntityCommonStockSharesOutstanding
QCOM,2023-08-02,2023-07-31,1116000000,dei:EntityCommonStockSharesOutstanding
QCOM,2023-11-01,2023-10-30,1113000000,dei:EntityCommonStockSharesOutstanding
QCOM,2024-01-31,2024-01-29,1116000000,dei:EntityCommonStockSharesOutstanding
QCOM,2024-05-01,2024-04-29,1116000000,dei:EntityCommonStockSharesOutstanding
QCOM,2024-07-31,2024-07-29,1114000000,dei:EntityCommonStockSharesOutstanding
QCOM,2024-11-06,2024-11-04,1111000000,dei:EntityCommonStockSharesOutstanding
QCOM,2025-02-05,2025-02-03,1106000000,dei:EntityCommonStockSharesOutstanding
QCOM,2025-04-30,2025-04-28,1098000000,dei:EntityCommonStockSharesOutstanding
QCOM,2025-07-30,2025-07-28,1079000000,dei:EntityCommonStockSharesOutstanding
QCOM,2025-11-05,2025-11-03,1071000000,dei:EntityCommonStockSharesOutstanding
QCOM,2026-02-04,2026-02-02,1067000000,dei:EntityCommonStockSharesOutstanding
QCOM,2026-04-29,2026-04-27,1054000000,dei:EntityCommonStockSharesOutstanding
QRTEA,2018-08-08,2018-06-30,1842000000,us-gaap:WeightedAverageNumberOfSharesOutstandingBasic
QRTEA,2018-11-09,2018-09-30,1825000000,us-gaap:WeightedAverageNumberOfSharesOutstandingBasic
QRTEA,2019-02-28,2018-12-31,1383000000,us-gaap:WeightedAverageNumberOfSharesOutstandingBasic
QRTEA,2019-05-10,2019-03-31,909000000,us-gaap:WeightedAverageNumberOfSharesOutstandingBasic
QRTEA,2019-08-08,2019-06-30,859000000,us-gaap:WeightedAverageNumberOfSharesOutstandingBasic
QRTEA,2019-11-12,2019-09-30,843000000,us-gaap:WeightedAverageNumberOfSharesOutstandingBasic
QRTEA,2020-02-26,2019-12-31,424000000,us-gaap:WeightedAverageNumberOfSharesOutstandingBasic
QRTEA,2020-05-08,2020-03-31,416000000,us-gaap:WeightedAverageNumberOfSharesOutstandingBasic
QRTEA,2020-08-10,2020-06-30,833000000,us-gaap:WeightedAverageNumberOfSharesOutstandingBasic
QRTEA,2020-11-05,2020-09-30,417000000,us-gaap:WeightedAverageNumberOfSharesOutstandingBasic
QRTEA,2021-02-26,2020-12-31,416000000,us-gaap:WeightedAverageNumberOfSharesOutstandingBasic
QRTEA,2021-05-07,2021-03-31,411000000,us-gaap:WeightedAverageNumberOfSharesOutstandingBasic
QRTEA,2021-08-06,2021-06-30,410000000,us-gaap:WeightedAverageNumberOfSharesOutstandingBasic
QRTEA,2021-11-04,2021-09-30,812000000,us-gaap:WeightedAverageNumberOfSharesOutstandingBasic
QRTEA,2022-02-25,2021-12-31,403000000,us-gaap:WeightedAverageNumberOfSharesOutstandingBasic
QRTEA,2022-05-06,2022-03-31,379000000,us-gaap:WeightedAverageNumberOfSharesOutstandingBasic
QRTEA,2022-08-05,2022-06-30,761000000,us-gaap:WeightedAverageNumberOfSharesOutstandingBasic
QRTEA,2022-11-04,2022-09-30,761000000,us-gaap:WeightedAverageNumberOfSharesOutstandingBasic
QRTEA,2023-03-01,2022-12-31,380000000,us-gaap:WeightedAverageNumberOfSharesOutstandingBasic
QRTEA,2023-05-05,2023-03-31,383000000,us-gaap:WeightedAverageNumberOfSharesOutstandingBasic
QRTEA,2023-08-04,2023-06-30,773000000,us-gaap:WeightedAverageNumberOfSharesOutstandingBasic
QRTEA,2023-11-03,2023-09-30,774000000,us-gaap:WeightedAverageNumberOfSharesOutstandingBasic
QRTEA,2024-02-28,2023-12-31,387000000,us-gaap:WeightedAverageNumberOfSharesOutstandingBasic
QRTEA,2024-05-08,2024-03-31,392000000,us-gaap:WeightedAverageNumberOfSharesOutstandingBasic
QRTEA,2024-08-08,2024-06-30,790000000,us-gaap:WeightedAverageNumberOfSharesOutstandingBasic
QRTEA,2024-11-07,2024-09-30,795000000,us-gaap:WeightedAverageNumberOfSharesOutstandingBasic
QRTEA,2025-02-27,2024-12-31,396000000,us-gaap:WeightedAverageNumberOfSharesOutstandingBasic
QRTEA,2025-05-07,2025-03-31,400000000,us-gaap:WeightedAverageNumberOfSharesOutstandingBasic
QRTEA,2025-08-07,2025-06-30,31890000,us-gaap:WeightedAverageNumberOfSharesOutstandingBasic
QRTEA,2025-11-05,2025-09-30,32003000,us-gaap:WeightedAverageNumberOfSharesOutstandingBasic
QRTEA,2026-04-15,2025-12-31,23706000,us-gaap:WeightedAverageNumberOfSharesOutstandingBasic
QRTEA,2026-05-15,2026-03-31,16080000,us-gaap:WeightedAverageNumberOfSharesOutstandingBasic
REGN,2010-07-28,2010-07-15,79931305,dei:EntityCommonStockSharesOutstanding
REGN,2010-10-28,2010-10-15,80111128,dei:EntityCommonStockSharesOutstanding
REGN,2011-02-17,2011-02-11,87777008,dei:EntityCommonStockSharesOutstanding
REGN,2011-05-03,2011-04-13,88739294,dei:EntityCommonStockSharesOutstanding
REGN,2011-07-28,2011-07-15,89499900,dei:EntityCommonStockSharesOutstanding
REGN,2011-10-27,2011-10-19,90466178,dei:EntityCommonStockSharesOutstanding
REGN,2012-02-21,2012-02-10,91779465,dei:EntityCommonStockSharesOutstanding
REGN,2012-04-26,2012-04-11,93032889,dei:EntityCommonStockSharesOutstanding
REGN,2012-07-25,2012-07-13,93955110,dei:EntityCommonStockSharesOutstanding
RIVN,2021-12-17,2021-09-30,804846237,us-gaap:CommonStockSharesOutstanding
RIVN,2022-03-31,2021-12-31,1178000000,us-gaap:CommonStockSharesOutstanding
RIVN,2022-05-11,2022-03-31,901000000,us-gaap:CommonStockSharesOutstanding
RIVN,2022-08-11,2022-06-30,916000000,us-gaap:CommonStockSharesOutstanding
RIVN,2022-11-09,2022-09-30,921000000,us-gaap:CommonStockSharesOutstanding
RIVN,2023-02-28,2022-12-31,926000000,us-gaap:CommonStockSharesOutstanding
RIVN,2023-05-09,2023-03-31,939000000,us-gaap:CommonStockSharesOutstanding
RIVN,2023-08-08,2023-06-30,946000000,us-gaap:CommonStockSharesOutstanding
RIVN,2023-11-07,2023-09-30,956000000,us-gaap:CommonStockSharesOutstanding
RIVN,2024-02-26,2023-12-31,968000000,us-gaap:CommonStockSharesOutstanding
RIVN,2024-05-07,2024-03-31,994000000,us-gaap:CommonStockSharesOutstanding
RIVN,2024-08-06,2024-06-30,1008000000,us-gaap:CommonStockSharesOutstanding
RIVN,2024-11-07,2024-09-30,1021000000,us-gaap:CommonStockSharesOutstanding
RIVN,2025-02-24,2024-12-31,1131000000,us-gaap:CommonStockSharesOutstanding
RIVN,2025-05-06,2025-03-31,1146000000,us-gaap:CommonStockSharesOutstanding
RIVN,2025-08-05,2025-06-30,1214000000,us-gaap:CommonStockSharesOutstanding
RIVN,2025-11-04,2025-09-30,1226000000,us-gaap:CommonStockSharesOutstanding
RIVN,2026-02-12,2025-12-31,1240000000,us-gaap:CommonStockSharesOutstanding
RIVN,2026-04-30,2026-03-31,1260000000,us-gaap:CommonStockSharesOutstanding
RKLB,2021-11-15,2021-11-09,449204556,dei:EntityCommonStockSharesOutstanding
RKLB,2022-03-24,2022-03-17,464776507,dei:EntityCommonStockSharesOutstanding
RKLB,2022-05-16,2022-05-11,463803788,dei:EntityCommonStockSharesOutstanding
RKLB,2022-08-11,2022-08-08,469025580,dei:EntityCommonStockSharesOutstanding
RKLB,2022-11-09,2022-11-04,473257191,dei:EntityCommonStockSharesOutstanding
RKLB,2023-03-07,2023-03-03,477649258,dei:EntityCommonStockSharesOutstanding
RKLB,2023-05-09,2023-05-04,478661458,dei:EntityCommonStockSharesOutstanding
RKLB,2023-08-08,2023-08-03,483326614,dei:EntityCommonStockSharesOutstanding
RKLB,2023-11-08,2023-11-03,485886993,dei:EntityCommonStockSharesOutstanding
RKLB,2024-02-28,2024-02-22,489140411,dei:EntityCommonStockSharesOutstanding
RKLB,2024-05-06,2024-05-02,492779716,dei:EntityCommonStockSharesOutstanding
RKLB,2024-08-08,2024-08-05,496640145,dei:EntityCommonStockSharesOutstanding
RKLB,2024-11-12,2024-11-07,499911078,dei:EntityCommonStockSharesOutstanding
RKLB,2025-02-27,2025-02-21,453545095,dei:EntityCommonStockSharesOutstanding
RKLB,2025-04-30,2025-04-25,461432393,dei:EntityCommonStockSharesOutstanding
RKLB,2025-05-08,2025-05-05,461432393,dei:EntityCommonStockSharesOutstanding
RKLB,2025-08-07,2025-08-04,479355713,dei:EntityCommonStockSharesOutstanding
RKLB,2025-11-10,2025-11-05,534156333,dei:EntityCommonStockSharesOutstanding
RKLB,2026-02-26,2026-02-20,567445449,dei:EntityCommonStockSharesOutstanding
RKLB,2026-05-07,2026-04-30,578750990,dei:EntityCommonStockSharesOutstanding
ROP,2009-08-17,2009-06-30,90824287,dei:EntityCommonStockSharesOutstanding
ROP,2009-11-02,2009-09-30,90800000,dei:EntityCommonStockSharesOutstanding
ROP,2010-02-26,2009-12-31,93684013,dei:EntityCommonStockSharesOutstanding
ROP,2010-05-07,2010-03-31,93968290,dei:EntityCommonStockSharesOutstanding
ROP,2010-08-06,2010-07-29,94178951,dei:EntityCommonStockSharesOutstanding
ROP,2010-11-05,2010-09-30,94670518,dei:EntityCommonStockSharesOutstanding
ROP,2011-02-25,2010-12-31,95072024,dei:EntityCommonStockSharesOutstanding
ROP,2011-05-05,2011-03-31,95897213,dei:EntityCommonStockSharesOutstanding
ROP,2011-08-08,2011-06-30,96072598,dei:EntityCommonStockSharesOutstanding
ROP,2011-11-02,2011-09-30,96477262,dei:EntityCommonStockSharesOutstanding
ROP,2012-02-24,2011-12-31,96892635,dei:EntityCommonStockSharesOutstanding
ROP,2012-05-07,2012-03-31,97431464,dei:EntityCommonStockSharesOutstanding
ROP,2012-11-05,2012-09-30,98351581,dei:EntityCommonStockSharesOutstanding
ROP,2013-02-25,2012-12-31,98891400,dei:EntityCommonStockSharesOutstanding
ROP,2013-05-10,2013-03-31,99018313,dei:EntityCommonStockSharesOutstanding
ROP,2013-08-07,2013-06-30,99183286,dei:EntityCommonStockSharesOutstanding
ROP,2013-11-08,2013-09-30,99309540,dei:EntityCommonStockSharesOutstanding
ROP,2014-02-21,2013-12-31,99547874,dei:EntityCommonStockSharesOutstanding
ROP,2014-05-02,2014-03-31,99787266,dei:EntityCommonStockSharesOutstanding
ROP,2014-08-06,2014-08-01,100034360,dei:EntityCommonStockSharesOutstanding
ROP,2014-11-05,2014-10-24,102105552,dei:EntityCommonStockSharesOutstanding
ROP,2015-02-20,2014-12-31,100356523,dei:EntityCommonStockSharesOutstanding
ROP,2015-05-06,2015-03-31,100521210,dei:EntityCommonStockSharesOutstanding
ROP,2015-08-06,2015-03-31,100665880,dei:EntityCommonStockSharesOutstanding
ROP,2015-11-03,2015-09-30,0,dei:EntityCommonStockSharesOutstanding
ROP,2016-02-26,2015-12-31,101064624,dei:EntityCommonStockSharesOutstanding
ROP,2016-05-06,2016-04-29,101200868,dei:EntityCommonStockSharesOutstanding
ROP,2016-08-05,2016-04-29,101340384,dei:EntityCommonStockSharesOutstanding
ROP,2016-11-04,2016-10-28,101434201,dei:EntityCommonStockSharesOutstanding
ROP,2017-02-27,2017-02-24,101434201,dei:EntityCommonStockSharesOutstanding
ROP,2017-05-05,2017-04-28,102031970,dei:EntityCommonStockSharesOutstanding
ROP,2017-08-07,2017-07-28,102219663,dei:EntityCommonStockSharesOutstanding
ROP,2017-11-06,2017-10-27,102362184,dei:EntityCommonStockSharesOutstanding
ROP,2018-02-23,2018-02-16,102826454,dei:EntityCommonStockSharesOutstanding
ROP,2018-05-04,2018-04-27,103160340,dei:EntityCommonStockSharesOutstanding
ROP,2018-08-06,2018-07-27,103345379,dei:EntityCommonStockSharesOutstanding
ROP,2018-11-05,2018-10-26,103430854,dei:EntityCommonStockSharesOutstanding
ROP,2019-02-25,2019-02-15,103607782,dei:EntityCommonStockSharesOutstanding
ROP,2019-05-03,2019-04-26,103841015,dei:EntityCommonStockSharesOutstanding
ROP,2019-08-02,2019-07-26,104001819,dei:EntityCommonStockSharesOutstanding
ROP,2019-11-01,2019-10-25,104057938,dei:EntityCommonStockSharesOutstanding
ROP,2020-02-28,2020-02-21,106109664,dei:EntityCommonStockSharesOutstanding
ROP,2020-05-06,2020-04-24,104396635,dei:EntityCommonStockSharesOutstanding
ROP,2020-08-05,2020-07-31,104710813,dei:EntityCommonStockSharesOutstanding
ROP,2020-11-04,2020-10-30,104872361,dei:EntityCommonStockSharesOutstanding
ROP,2021-02-22,2021-02-12,104939597,dei:EntityCommonStockSharesOutstanding
ROP,2021-05-05,2021-04-30,105239028,dei:EntityCommonStockSharesOutstanding
ROP,2021-08-05,2021-07-30,105423844,dei:EntityCommonStockSharesOutstanding
ROP,2021-11-04,2021-10-29,105484900,dei:EntityCommonStockSharesOutstanding
ROP,2022-02-22,2022-02-11,105602835,dei:EntityCommonStockSharesOutstanding
ROP,2022-05-04,2022-04-29,105912655,dei:EntityCommonStockSharesOutstanding
ROP,2022-08-03,2022-07-29,106009642,dei:EntityCommonStockSharesOutstanding
ROP,2022-11-02,2022-10-28,106052054,dei:EntityCommonStockSharesOutstanding
ROP,2023-02-27,2023-02-17,106243275,dei:EntityCommonStockSharesOutstanding
ROP,2023-05-03,2023-04-28,106592234,dei:EntityCommonStockSharesOutstanding
ROP,2023-08-03,2023-07-28,106710899,dei:EntityCommonStockSharesOutstanding
ROP,2023-11-02,2023-10-27,106822117,dei:EntityCommonStockSharesOutstanding
ROP,2024-02-22,2024-02-16,107022333,dei:EntityCommonStockSharesOutstanding
ROP,2024-05-03,2024-04-26,107044532,dei:EntityCommonStockSharesOutstanding
ROP,2024-08-01,2024-07-26,107198665,dei:EntityCommonStockSharesOutstanding
ROP,2024-11-01,2024-10-25,107229151,dei:EntityCommonStockSharesOutstanding
ROP,2025-02-24,2025-02-14,107385207,dei:EntityCommonStockSharesOutstanding
ROP,2025-05-02,2025-04-25,107515397,dei:EntityCommonStockSharesOutstanding
ROP,2025-08-01,2025-07-25,107613824,dei:EntityCommonStockSharesOutstanding
ROP,2025-10-31,2025-10-24,107637430,dei:EntityCommonStockSharesOutstanding
ROP,2026-02-24,2026-02-20,102927515,dei:EntityCommonStockSharesOutstanding
ROP,2026-05-01,2026-04-30,100917359,dei:EntityCommonStockSharesOutstanding
ROST,2010-06-09,2010-05-20,122094664,dei:EntityCommonStockSharesOutstanding
ROST,2010-09-08,2010-08-19,120457145,dei:EntityCommonStockSharesOutstanding
ROST,2010-12-08,2010-11-18,138169080,dei:EntityCommonStockSharesOutstanding
ROST,2011-03-29,2011-03-10,117599994,dei:EntityCommonStockSharesOutstanding
ROST,2011-06-08,2011-05-19,116956306,dei:EntityCommonStockSharesOutstanding
ROST,2011-09-07,2011-08-18,115598812,dei:EntityCommonStockSharesOutstanding
ROST,2011-12-07,2011-11-17,114320487,dei:EntityCommonStockSharesOutstanding
ROST,2012-03-27,2012-03-08,226520166,dei:EntityCommonStockSharesOutstanding
ROST,2012-06-06,2012-05-17,225578030,dei:EntityCommonStockSharesOutstanding
ROST,2012-09-05,2012-08-16,223927978,dei:EntityCommonStockSharesOutstanding
ROST,2012-12-05,2012-11-15,222380667,dei:EntityCommonStockSharesOutstanding
ROST,2013-04-02,2013-03-14,220018890,dei:EntityCommonStockSharesOutstanding
ROST,2013-06-12,2013-05-23,218677597,dei:EntityCommonStockSharesOutstanding
ROST,2013-09-11,2013-08-22,216683333,dei:EntityCommonStockSharesOutstanding
ROST,2013-12-11,2013-11-21,214915331,dei:EntityCommonStockSharesOutstanding
ROST,2014-04-01,2014-03-12,212969295,dei:EntityCommonStockSharesOutstanding
ROST,2014-06-11,2014-05-21,211593659,dei:EntityCommonStockSharesOutstanding
ROST,2014-09-10,2014-08-21,209831704,dei:EntityCommonStockSharesOutstanding
ROST,2014-12-10,2014-11-20,208486401,dei:EntityCommonStockSharesOutstanding
ROST,2015-03-31,2015-03-09,207489276,dei:EntityCommonStockSharesOutstanding
ROST,2015-06-10,2015-05-20,205678629,dei:EntityCommonStockSharesOutstanding
ROST,2015-09-09,2015-08-19,408072468,dei:EntityCommonStockSharesOutstanding
ROST,2015-12-09,2015-11-17,405005042,dei:EntityCommonStockSharesOutstanding
ROST,2016-03-29,2016-03-07,401287592,dei:EntityCommonStockSharesOutstanding
ROST,2016-06-08,2016-05-18,399509797,dei:EntityCommonStockSharesOutstanding
ROST,2016-09-07,2016-08-17,396579811,dei:EntityCommonStockSharesOutstanding
ROST,2016-12-07,2016-11-15,394120444,dei:EntityCommonStockSharesOutstanding
ROST,2017-03-28,2017-03-06,391895145,dei:EntityCommonStockSharesOutstanding
ROST,2017-06-07,2017-05-17,389182128,dei:EntityCommonStockSharesOutstanding
ROST,2017-09-06,2017-08-16,385592082,dei:EntityCommonStockSharesOutstanding
ROST,2017-12-06,2017-11-14,382145997,dei:EntityCommonStockSharesOutstanding
ROST,2018-04-03,2018-03-12,378713373,dei:EntityCommonStockSharesOutstanding
ROST,2018-06-13,2018-05-23,376540575,dei:EntityCommonStockSharesOutstanding
ROST,2018-09-12,2018-08-22,373365687,dei:EntityCommonStockSharesOutstanding
ROST,2018-12-12,2018-11-21,370588820,dei:EntityCommonStockSharesOutstanding
ROST,2019-04-02,2019-03-11,368247009,dei:EntityCommonStockSharesOutstanding
ROST,2019-06-12,2019-05-22,364695608,dei:EntityCommonStockSharesOutstanding
ROST,2019-09-11,2019-08-21,361730420,dei:EntityCommonStockSharesOutstanding
ROST,2019-12-11,2019-11-20,358882342,dei:EntityCommonStockSharesOutstanding
ROST,2020-03-31,2020-03-09,355896821,dei:EntityCommonStockSharesOutstanding
ROST,2020-06-10,2020-05-18,355921611,dei:EntityCommonStockSharesOutstanding
ROST,2020-09-09,2020-08-14,356005661,dei:EntityCommonStockSharesOutstanding
ROST,2020-12-09,2020-11-13,356463102,dei:EntityCommonStockSharesOutstanding
ROST,2021-03-30,2021-03-08,356523349,dei:EntityCommonStockSharesOutstanding
ROST,2021-06-09,2021-05-14,357120667,dei:EntityCommonStockSharesOutstanding
ROST,2021-09-08,2021-08-13,355365961,dei:EntityCommonStockSharesOutstanding
ROST,2021-12-08,2021-11-12,353329735,dei:EntityCommonStockSharesOutstanding
ROST,2022-03-29,2022-03-07,350892474,dei:EntityCommonStockSharesOutstanding
ROST,2022-06-08,2022-05-13,349926401,dei:EntityCommonStockSharesOutstanding
ROST,2022-09-07,2022-08-12,347062803,dei:EntityCommonStockSharesOutstanding
ROST,2022-12-07,2022-11-11,344371009,dei:EntityCommonStockSharesOutstanding
ROST,2023-03-28,2023-03-06,342048439,dei:EntityCommonStockSharesOutstanding
ROST,2023-06-07,2023-05-12,340655837,dei:EntityCommonStockSharesOutstanding
ROST,2023-09-06,2023-08-11,338632172,dei:EntityCommonStockSharesOutstanding
ROST,2023-12-06,2023-11-10,336666266,dei:EntityCommonStockSharesOutstanding
ROST,2024-04-02,2024-03-11,335174141,dei:EntityCommonStockSharesOutstanding
ROST,2024-06-12,2024-05-17,333574906,dei:EntityCommonStockSharesOutstanding
ROST,2024-09-11,2024-08-16,331762504,dei:EntityCommonStockSharesOutstanding
ROST,2024-12-11,2024-11-15,329929197,dei:EntityCommonStockSharesOutstanding
ROST,2025-04-01,2025-03-10,328821469,dei:EntityCommonStockSharesOutstanding
ROST,2025-06-11,2025-05-16,327070521,dei:EntityCommonStockSharesOutstanding
ROST,2025-09-10,2025-08-15,325226266,dei:EntityCommonStockSharesOutstanding
ROST,2025-12-10,2025-11-14,323444928,dei:EntityCommonStockSharesOutstanding
ROST,2026-03-31,2026-03-09,322356795,dei:EntityCommonStockSharesOutstanding
ROST,2026-06-02,2026-05-15,320781076,dei:EntityCommonStockSharesOutstanding
SBAC,2010-08-04,2010-07-29,114634391,dei:EntityCommonStockSharesOutstanding
SBAC,2010-11-04,2010-10-28,114964560,dei:EntityCommonStockSharesOutstanding
SBAC,2011-02-25,2011-02-16,114919445,dei:EntityCommonStockSharesOutstanding
SBAC,2011-05-06,2011-05-02,113342192,dei:EntityCommonStockSharesOutstanding
SBAC,2011-08-05,2011-08-01,111482031,dei:EntityCommonStockSharesOutstanding
SBAC,2011-11-04,2011-11-01,109358811,dei:EntityCommonStockSharesOutstanding
SBAC,2012-02-27,2012-02-16,109734800,dei:EntityCommonStockSharesOutstanding
SBAC,2012-05-07,2012-05-01,121276174,dei:EntityCommonStockSharesOutstanding
SBAC,2012-08-07,2012-08-01,121612229,dei:EntityCommonStockSharesOutstanding
SBAC,2012-11-08,2012-10-31,126417771,dei:EntityCommonStockSharesOutstanding
SBAC,2013-02-27,2013-02-15,126954515,dei:EntityCommonStockSharesOutstanding
SBAC,2013-05-10,2013-05-06,127597366,dei:EntityCommonStockSharesOutstanding
SBAC,2013-08-06,2013-07-31,127786853,dei:EntityCommonStockSharesOutstanding
SBAC,2013-11-07,2013-11-01,128387897,dei:EntityCommonStockSharesOutstanding
SBAC,2014-02-27,2014-02-14,128506612,dei:EntityCommonStockSharesOutstanding
SBAC,2014-05-09,2014-05-01,128806508,dei:EntityCommonStockSharesOutstanding
SBAC,2014-08-05,2014-07-25,129006538,dei:EntityCommonStockSharesOutstanding
SBAC,2014-11-07,2014-10-30,129096733,dei:EntityCommonStockSharesOutstanding
SBAC,2015-03-02,2015-02-19,129175989,dei:EntityCommonStockSharesOutstanding
SBAC,2015-05-08,2015-04-30,129454487,dei:EntityCommonStockSharesOutstanding
SBAC,2015-08-06,2015-07-31,127707070,dei:EntityCommonStockSharesOutstanding
SBAC,2015-11-09,2015-10-30,126151128,dei:EntityCommonStockSharesOutstanding
SBAC,2016-02-26,2016-02-19,125257417,dei:EntityCommonStockSharesOutstanding
SBAC,2016-05-10,2016-04-26,125524099,dei:EntityCommonStockSharesOutstanding
SBAC,2016-08-09,2016-07-31,124615402,dei:EntityCommonStockSharesOutstanding
SBAC,2016-11-09,2016-10-31,124072843,dei:EntityCommonStockSharesOutstanding
SBAC,2017-03-01,2017-02-21,120977227,dei:EntityCommonStockSharesOutstanding
SBAC,2017-05-08,2017-04-30,121301176,dei:EntityCommonStockSharesOutstanding
SBAC,2017-08-04,2017-07-26,120357721,dei:EntityCommonStockSharesOutstanding
SBAC,2017-11-07,2017-10-27,117542678,dei:EntityCommonStockSharesOutstanding
SBAC,2018-03-01,2018-02-21,116507867,dei:EntityCommonStockSharesOutstanding
SBAC,2018-05-07,2018-04-26,115185962,dei:EntityCommonStockSharesOutstanding
SBAC,2018-08-06,2018-07-31,114844339,dei:EntityCommonStockSharesOutstanding
SBAC,2018-11-08,2018-10-31,113321450,dei:EntityCommonStockSharesOutstanding
SBAC,2019-02-28,2019-02-21,112589177,dei:EntityCommonStockSharesOutstanding
SBAC,2019-05-09,2019-04-30,113251125,dei:EntityCommonStockSharesOutstanding
SBAC,2019-08-06,2019-07-31,113105564,dei:EntityCommonStockSharesOutstanding
SBAC,2019-11-07,2019-10-31,112601008,dei:EntityCommonStockSharesOutstanding
SBAC,2020-02-24,2020-02-18,111929411,dei:EntityCommonStockSharesOutstanding
SBAC,2020-05-06,2020-04-27,111624887,dei:EntityCommonStockSharesOutstanding
SBAC,2020-08-06,2020-07-31,111938546,dei:EntityCommonStockSharesOutstanding
SBAC,2020-11-05,2020-10-31,111114641,dei:EntityCommonStockSharesOutstanding
SBAC,2021-02-25,2021-02-18,109324399,dei:EntityCommonStockSharesOutstanding
SBAC,2021-05-06,2021-04-26,109344636,dei:EntityCommonStockSharesOutstanding
SBAC,2021-08-05,2021-07-28,109553452,dei:EntityCommonStockSharesOutstanding
SBAC,2021-11-05,2021-10-27,108781359,dei:EntityCommonStockSharesOutstanding
SBAC,2022-03-01,2022-02-18,107919638,dei:EntityCommonStockSharesOutstanding
SBAC,2022-04-29,2022-04-19,107829051,dei:EntityCommonStockSharesOutstanding
SBAC,2022-08-04,2022-07-27,107878343,dei:EntityCommonStockSharesOutstanding
SBAC,2022-11-03,2022-10-25,107965538,dei:EntityCommonStockSharesOutstanding
SBAC,2023-03-01,2023-02-15,108038955,dei:EntityCommonStockSharesOutstanding
SBAC,2023-05-09,2023-04-26,108339393,dei:EntityCommonStockSharesOutstanding
SBAC,2023-08-03,2023-07-26,108382724,dei:EntityCommonStockSharesOutstanding
SBAC,2023-11-07,2023-10-25,107887031,dei:EntityCommonStockSharesOutstanding
SBAC,2024-02-28,2024-02-15,108108678,dei:EntityCommonStockSharesOutstanding
SBAC,2024-05-06,2024-04-26,107443014,dei:EntityCommonStockSharesOutstanding
SBAC,2024-08-02,2024-07-24,107472463,dei:EntityCommonStockSharesOutstanding
SBAC,2024-11-01,2024-10-23,107522616,dei:EntityCommonStockSharesOutstanding
SBAC,2025-02-26,2025-02-14,107615241,dei:EntityCommonStockSharesOutstanding
SBAC,2025-05-01,2025-04-23,107451771,dei:EntityCommonStockSharesOutstanding
SBAC,2025-08-07,2025-07-30,107379013,dei:EntityCommonStockSharesOutstanding
SBAC,2025-11-06,2025-10-29,106546867,dei:EntityCommonStockSharesOutstanding
SBAC,2026-02-27,2026-02-17,105788592,dei:EntityCommonStockSharesOutstanding
SBAC,2026-05-05,2026-04-22,106063017,dei:EntityCommonStockSharesOutstanding
SBUX,2009-08-05,2009-06-28,737100000,dei:EntityCommonStockSharesOutstanding
SBUX,2009-11-20,2009-11-13,740200000,dei:EntityCommonStockSharesOutstanding
SBUX,2010-02-02,2010-01-26,743400000,dei:EntityCommonStockSharesOutstanding
SBUX,2010-05-04,2010-04-26,745100000,dei:EntityCommonStockSharesOutstanding
SBUX,2010-08-02,2010-07-26,740100000,dei:EntityCommonStockSharesOutstanding
SBUX,2010-11-22,2010-11-12,741100000,dei:EntityCommonStockSharesOutstanding
SBUX,2011-02-04,2011-01-28,746000000,dei:EntityCommonStockSharesOutstanding
SBUX,2011-05-06,2011-04-29,749600000,dei:EntityCommonStockSharesOutstanding
SBUX,2011-08-05,2011-07-29,746100000,dei:EntityCommonStockSharesOutstanding
SBUX,2011-11-18,2011-11-11,745400000,dei:EntityCommonStockSharesOutstanding
SBUX,2012-01-31,2012-01-25,753400000,dei:EntityCommonStockSharesOutstanding
SBUX,2012-05-02,2012-04-25,758500000,dei:EntityCommonStockSharesOutstanding
SBUX,2012-08-02,2012-07-25,760000000,dei:EntityCommonStockSharesOutstanding
SBUX,2012-11-16,2012-11-09,743600000,dei:EntityCommonStockSharesOutstanding
SBUX,2013-01-29,2013-01-23,749300000,dei:EntityCommonStockSharesOutstanding
SBUX,2013-04-30,2013-04-24,748700000,dei:EntityCommonStockSharesOutstanding
SBUX,2013-07-30,2013-07-24,751400000,dei:EntityCommonStockSharesOutstanding
SBUX,2013-11-18,2013-11-08,753600000,dei:EntityCommonStockSharesOutstanding
SBUX,2014-01-28,2014-01-22,755900000,dei:EntityCommonStockSharesOutstanding
SBUX,2014-04-29,2014-04-23,752800000,dei:EntityCommonStockSharesOutstanding
SBUX,2014-07-29,2014-07-23,751200000,dei:EntityCommonStockSharesOutstanding
SBUX,2014-11-14,2014-11-07,748300000,dei:EntityCommonStockSharesOutstanding
SBUX,2015-01-27,2015-01-21,749800000,dei:EntityCommonStockSharesOutstanding
SBUX,2015-04-28,2015-04-22,1500500000,dei:EntityCommonStockSharesOutstanding
SBUX,2015-07-28,2015-07-22,1484200000,dei:EntityCommonStockSharesOutstanding
SBUX,2015-11-12,2015-11-06,1484800000,dei:EntityCommonStockSharesOutstanding
SBUX,2016-01-26,2016-01-20,1478100000,dei:EntityCommonStockSharesOutstanding
SBUX,2016-04-26,2016-04-20,1464900000,dei:EntityCommonStockSharesOutstanding
SBUX,2016-07-27,2016-07-20,1466600000,dei:EntityCommonStockSharesOutstanding
SBUX,2016-11-18,2016-11-11,1455400000,dei:EntityCommonStockSharesOutstanding
SBUX,2017-01-31,2017-01-25,1457400000,dei:EntityCommonStockSharesOutstanding
SBUX,2017-05-02,2017-04-26,1448100000,dei:EntityCommonStockSharesOutstanding
SBUX,2017-08-01,2017-07-27,1443900000,dei:EntityCommonStockSharesOutstanding
SBUX,2017-11-17,2017-11-10,1422800000,dei:EntityCommonStockSharesOutstanding
SBUX,2018-01-31,2018-01-24,1405600000,dei:EntityCommonStockSharesOutstanding
SBUX,2018-05-01,2018-04-25,1380000000,dei:EntityCommonStockSharesOutstanding
SBUX,2018-07-31,2018-07-25,1349100000,dei:EntityCommonStockSharesOutstanding
SBUX,2018-11-16,2018-11-09,1240600000,dei:EntityCommonStockSharesOutstanding
SBUX,2019-01-29,2019-01-23,1243600000,dei:EntityCommonStockSharesOutstanding
SBUX,2019-04-30,2019-04-24,1211200000,dei:EntityCommonStockSharesOutstanding
SBUX,2019-07-30,2019-07-24,1197000000,dei:EntityCommonStockSharesOutstanding
SBUX,2019-11-15,2019-11-08,1181000000,dei:EntityCommonStockSharesOutstanding
SBUX,2020-01-28,2020-01-22,1173700000,dei:EntityCommonStockSharesOutstanding
SBUX,2020-04-28,2020-04-22,1168300000,dei:EntityCommonStockSharesOutstanding
SBUX,2020-07-28,2020-07-22,1169000000,dei:EntityCommonStockSharesOutstanding
SBUX,2020-11-12,2020-11-06,1173700000,dei:EntityCommonStockSharesOutstanding
SBUX,2021-01-26,2021-01-20,1177300000,dei:EntityCommonStockSharesOutstanding
SBUX,2021-04-27,2021-04-21,1178300000,dei:EntityCommonStockSharesOutstanding
SBUX,2021-07-27,2021-07-21,1179100000,dei:EntityCommonStockSharesOutstanding
SBUX,2021-11-19,2021-11-12,1173200000,dei:EntityCommonStockSharesOutstanding
SBUX,2022-02-01,2022-01-26,1150300000,dei:EntityCommonStockSharesOutstanding
SBUX,2022-05-03,2022-04-27,1146900000,dei:EntityCommonStockSharesOutstanding
SBUX,2022-08-02,2022-07-27,1147400000,dei:EntityCommonStockSharesOutstanding
SBUX,2022-11-18,2022-11-11,1147800000,dei:EntityCommonStockSharesOutstanding
SBUX,2023-02-02,2023-01-27,1149300000,dei:EntityCommonStockSharesOutstanding
SBUX,2023-05-02,2023-04-26,1146400000,dei:EntityCommonStockSharesOutstanding
SBUX,2023-08-01,2023-07-26,1145400000,dei:EntityCommonStockSharesOutstanding
SBUX,2023-11-17,2023-11-10,1136700000,dei:EntityCommonStockSharesOutstanding
SBUX,2024-01-30,2024-01-24,1132200000,dei:EntityCommonStockSharesOutstanding
SBUX,2024-04-30,2024-04-24,1132700000,dei:EntityCommonStockSharesOutstanding
SBUX,2024-07-30,2024-07-24,1133200000,dei:EntityCommonStockSharesOutstanding
SBUX,2024-11-20,2024-11-13,1133800000,dei:EntityCommonStockSharesOutstanding
SBUX,2025-01-28,2025-01-22,1135900000,dei:EntityCommonStockSharesOutstanding
SBUX,2025-04-29,2025-04-23,1136400000,dei:EntityCommonStockSharesOutstanding
SBUX,2025-07-29,2025-07-23,1136700000,dei:EntityCommonStockSharesOutstanding
SBUX,2025-11-14,2025-11-07,1137100000,dei:EntityCommonStockSharesOutstanding
SBUX,2026-01-28,2026-01-22,1139300000,dei:EntityCommonStockSharesOutstanding
SBUX,2026-04-28,2026-04-22,1139700000,dei:EntityCommonStockSharesOutstanding
SGEN,2011-05-06,2011-05-03,113776331,dei:EntityCommonStockSharesOutstanding
SGEN,2011-08-05,2011-08-01,114730639,dei:EntityCommonStockSharesOutstanding
SGEN,2011-11-04,2011-10-31,115011284,dei:EntityCommonStockSharesOutstanding
SGEN,2012-02-29,2012-02-23,116361172,dei:EntityCommonStockSharesOutstanding
SGEN,2012-05-09,2012-05-02,117051559,dei:EntityCommonStockSharesOutstanding
SGEN,2012-08-08,2012-08-02,118207214,dei:EntityCommonStockSharesOutstanding
SGEN,2012-11-07,2012-11-01,119093407,dei:EntityCommonStockSharesOutstanding
SGEN,2013-02-27,2013-02-20,120437524,dei:EntityCommonStockSharesOutstanding
SGEN,2013-05-08,2013-05-02,121265608,dei:EntityCommonStockSharesOutstanding
SGEN,2013-08-07,2013-08-02,121843582,dei:EntityCommonStockSharesOutstanding
SGEN,2013-11-08,2013-11-05,122481320,dei:EntityCommonStockSharesOutstanding
SGEN,2014-02-28,2014-02-24,122982860,dei:EntityCommonStockSharesOutstanding
SGEN,2014-05-09,2014-05-05,123146418,dei:EntityCommonStockSharesOutstanding
SGEN,2014-08-08,2014-08-04,123447871,dei:EntityCommonStockSharesOutstanding
SGEN,2014-11-07,2014-11-04,123891580,dei:EntityCommonStockSharesOutstanding
SGEN,2015-02-27,2015-02-23,124318682,dei:EntityCommonStockSharesOutstanding
SGEN,2015-05-01,2015-04-28,124886861,dei:EntityCommonStockSharesOutstanding
SGEN,2015-07-30,2015-07-27,125340038,dei:EntityCommonStockSharesOutstanding
SGEN,2015-10-30,2015-10-27,139480932,dei:EntityCommonStockSharesOutstanding
SGEN,2016-02-19,2016-02-16,139932886,dei:EntityCommonStockSharesOutstanding
SGEN,2016-04-29,2016-04-25,140167032,dei:EntityCommonStockSharesOutstanding
SGEN,2016-07-26,2016-07-20,140516451,dei:EntityCommonStockSharesOutstanding
SGEN,2016-10-27,2016-10-21,141552646,dei:EntityCommonStockSharesOutstanding
SGEN,2017-02-21,2017-02-16,142493676,dei:EntityCommonStockSharesOutstanding
SGEN,2017-05-01,2017-04-26,142716597,dei:EntityCommonStockSharesOutstanding
SGEN,2017-08-01,2017-07-26,143027210,dei:EntityCommonStockSharesOutstanding
SGEN,2017-11-06,2017-11-01,143928341,dei:EntityCommonStockSharesOutstanding
SGEN,2018-02-15,2018-02-08,157951354,dei:EntityCommonStockSharesOutstanding
SGEN,2018-04-26,2018-04-23,158224428,dei:EntityCommonStockSharesOutstanding
SGEN,2018-07-26,2018-07-23,158791482,dei:EntityCommonStockSharesOutstanding
SGEN,2018-10-26,2018-10-22,160145888,dei:EntityCommonStockSharesOutstanding
SGEN,2019-02-07,2019-02-04,160561234,dei:EntityCommonStockSharesOutstanding
SGEN,2019-04-26,2019-04-22,161314623,dei:EntityCommonStockSharesOutstanding
SGEN,2019-07-16,2019-07-11,161720181,dei:EntityCommonStockSharesOutstanding
SGEN,2019-10-30,2019-10-25,171385656,dei:EntityCommonStockSharesOutstanding
SGEN,2020-02-06,2020-02-03,172259645,dei:EntityCommonStockSharesOutstanding
SGEN,2020-04-30,2020-04-27,173101783,dei:EntityCommonStockSharesOutstanding
SGEN,2020-07-31,2020-07-27,173996620,dei:EntityCommonStockSharesOutstanding
SGEN,2020-10-30,2020-10-27,180306390,dei:EntityCommonStockSharesOutstanding
SGEN,2021-02-12,2021-02-09,181164446,dei:EntityCommonStockSharesOutstanding
SGEN,2021-04-29,2021-04-26,181477076,dei:EntityCommonStockSharesOutstanding
SGEN,2021-07-29,2021-07-26,181934500,dei:EntityCommonStockSharesOutstanding
SGEN,2021-10-28,2021-10-25,182855795,dei:EntityCommonStockSharesOutstanding
SGEN,2022-02-09,2022-02-04,183626064,dei:EntityCommonStockSharesOutstanding
SGEN,2022-04-28,2022-04-25,184075643,dei:EntityCommonStockSharesOutstanding
SGEN,2022-07-28,2022-07-25,184435456,dei:EntityCommonStockSharesOutstanding
SGEN,2022-10-27,2022-10-24,185664901,dei:EntityCommonStockSharesOutstanding
SGEN,2023-02-15,2023-02-10,186789367,dei:EntityCommonStockSharesOutstanding
SGEN,2023-04-27,2023-04-24,187503979,dei:EntityCommonStockSharesOutstanding
SGEN,2023-08-02,2023-07-28,187697935,dei:EntityCommonStockSharesOutstanding
SGEN,2023-11-01,2023-10-27,188662672,dei:EntityCommonStockSharesOutstanding
SHOP,2016-02-17,2015-12-31,39310446,us-gaap:CommonStockSharesOutstanding
SHPG,2009-08-28,2009-07-31,560286326,dei:EntityCommonStockSharesOutstanding
SHPG,2009-11-06,2009-10-30,561053621,dei:EntityCommonStockSharesOutstanding
SHPG,2010-02-26,2009-12-31,561527864,dei:EntityCommonStockSharesOutstanding
SHPG,2010-05-06,2010-03-31,562110523,dei:EntityCommonStockSharesOutstanding
SHPG,2010-08-25,2010-07-30,562144763,dei:EntityCommonStockSharesOutstanding
SHPG,2010-11-05,2010-10-29,562177929,dei:EntityCommonStockSharesOutstanding
SHPG,2011-02-23,2011-02-11,562225943,dei:EntityCommonStockSharesOutstanding
SHPG,2011-05-04,2011-04-29,562247530,dei:EntityCommonStockSharesOutstanding
SHPG,2011-08-08,2011-07-29,562367582,dei:EntityCommonStockSharesOutstanding
SHPG,2011-11-07,2011-10-28,562466971,dei:EntityCommonStockSharesOutstanding
SHPG,2012-02-23,2012-02-21,562500000,dei:EntityCommonStockSharesOutstanding
SHPG,2012-05-09,2012-04-27,562500000,dei:EntityCommonStockSharesOutstanding
SHPG,2012-08-06,2012-07-27,562500000,dei:EntityCommonStockSharesOutstanding
SHPG,2012-11-02,2012-10-26,562500000,dei:EntityCommonStockSharesOutstanding
SHPG,2013-02-25,2013-02-15,562600000,dei:EntityCommonStockSharesOutstanding
SHPG,2013-05-07,2013-04-29,562800000,dei:EntityCommonStockSharesOutstanding
SHPG,2013-08-01,2013-07-26,562900000,dei:EntityCommonStockSharesOutstanding
SHPG,2013-10-25,2013-10-18,562900000,dei:EntityCommonStockSharesOutstanding
SHPG,2014-02-24,2014-02-14,597700000,dei:EntityCommonStockSharesOutstanding
SHPG,2014-05-07,2014-05-02,598000000,dei:EntityCommonStockSharesOutstanding
SHPG,2014-08-01,2014-08-01,598500000,dei:EntityCommonStockSharesOutstanding
SHPG,2014-10-31,2014-10-24,598500000,dei:EntityCommonStockSharesOutstanding
SHPG,2015-02-24,2015-02-13,599200000,dei:EntityCommonStockSharesOutstanding
SHPG,2015-05-05,2015-04-24,600300000,dei:EntityCommonStockSharesOutstanding
SHPG,2015-07-30,2015-07-17,600500000,dei:EntityCommonStockSharesOutstanding
SHPG,2015-10-30,2015-10-23,600600000,dei:EntityCommonStockSharesOutstanding
SHPG,2016-02-23,2016-02-12,601100000,dei:EntityCommonStockSharesOutstanding
SHPG,2016-05-04,2016-04-22,592100000,dei:EntityCommonStockSharesOutstanding
SHPG,2016-08-05,2016-07-29,900200000,dei:EntityCommonStockSharesOutstanding
SHPG,2016-09-02,2016-04-22,601100000,dei:EntityCommonStockSharesOutstanding
SHPG,2016-11-02,2016-10-28,903175914,dei:EntityCommonStockSharesOutstanding
SHPG,2017-02-22,2017-02-10,904721016,dei:EntityCommonStockSharesOutstanding
SHPG,2017-05-02,2017-04-21,907025186,dei:EntityCommonStockSharesOutstanding
SHPG,2017-08-03,2017-07-31,908114281,dei:EntityCommonStockSharesOutstanding
SHPG,2017-10-27,2017-10-23,908613457,dei:EntityCommonStockSharesOutstanding
SHPG,2018-02-20,2018-02-12,910072739,dei:EntityCommonStockSharesOutstanding
SHPG,2018-04-26,2018-04-25,913527187,dei:EntityCommonStockSharesOutstanding
SHPG,2018-07-31,2018-07-27,914397895,dei:EntityCommonStockSharesOutstanding
SHPG,2018-11-01,2018-11-01,914818708,dei:EntityCommonStockSharesOutstanding
SIAL,2009-08-03,2009-06-30,121814222,dei:EntityCommonStockSharesOutstanding
SIAL,2009-10-30,2009-09-30,121694782,dei:EntityCommonStockSharesOutstanding
SIAL,2010-02-10,2010-01-31,121772581,dei:EntityCommonStockSharesOutstanding
SIAL,2010-04-22,2010-03-31,121385537,dei:EntityCommonStockSharesOutstanding
SIAL,2010-07-28,2010-06-30,121324703,dei:EntityCommonStockSharesOutstanding
SIAL,2010-10-21,2010-09-30,121298893,dei:EntityCommonStockSharesOutstanding
SIAL,2011-02-09,2011-01-31,121935896,dei:EntityCommonStockSharesOutstanding
SIAL,2011-04-26,2011-03-31,121826546,dei:EntityCommonStockSharesOutstanding
SIAL,2011-07-26,2011-06-30,122082381,dei:EntityCommonStockSharesOutstanding
SIAL,2011-10-25,2011-09-30,120438430,dei:EntityCommonStockSharesOutstanding
SIAL,2012-02-13,2012-01-31,120732849,dei:EntityCommonStockSharesOutstanding
SIAL,2012-04-24,2012-03-31,120888621,dei:EntityCommonStockSharesOutstanding
SIAL,2012-07-24,2012-06-30,120760558,dei:EntityCommonStockSharesOutstanding
SIAL,2012-10-23,2012-09-30,120325759,dei:EntityCommonStockSharesOutstanding
SIAL,2013-02-07,2013-01-31,120444940,dei:EntityCommonStockSharesOutstanding
SIAL,2013-04-25,2013-03-31,120334566,dei:EntityCommonStockSharesOutstanding
SIAL,2013-07-23,2013-06-30,120239314,dei:EntityCommonStockSharesOutstanding
SIAL,2013-10-22,2013-09-30,119665716,dei:EntityCommonStockSharesOutstanding
SIAL,2014-02-06,2014-01-31,119454220,dei:EntityCommonStockSharesOutstanding
SIAL,2014-04-24,2014-03-31,118841567,dei:EntityCommonStockSharesOutstanding
SIAL,2014-07-24,2014-06-30,118974827,dei:EntityCommonStockSharesOutstanding
SIAL,2014-10-23,2014-09-30,119085357,dei:EntityCommonStockSharesOutstanding
SIAL,2015-02-12,2015-01-31,119428462,dei:EntityCommonStockSharesOutstanding
SIAL,2015-05-07,2015-03-31,119658442,dei:EntityCommonStockSharesOutstanding
SIAL,2015-07-30,2015-06-30,119803692,dei:EntityCommonStockSharesOutstanding
SIAL,2015-11-03,2015-09-30,119992547,dei:EntityCommonStockSharesOutstanding
SIRI,2010-08-06,2010-07-30,3888667924,dei:EntityCommonStockSharesOutstanding
SIRI,2010-11-04,2010-10-29,3925899619,dei:EntityCommonStockSharesOutstanding
SIRI,2011-02-16,2011-02-14,3933999616,dei:EntityCommonStockSharesOutstanding
SIRI,2011-05-03,2011-04-29,3946383454,dei:EntityCommonStockSharesOutstanding
SIRI,2011-08-04,2011-08-01,3949186152,dei:EntityCommonStockSharesOutstanding
SIRI,2011-11-03,2011-10-31,3750481308,dei:EntityCommonStockSharesOutstanding
SIRI,2012-02-09,2012-02-07,3755256475,dei:EntityCommonStockSharesOutstanding
SIRI,2012-05-01,2012-04-27,3801029929,dei:EntityCommonStockSharesOutstanding
SIRI,2012-08-07,2012-08-03,3833253534,dei:EntityCommonStockSharesOutstanding
SIRI,2012-11-01,2012-10-25,5207146165,dei:EntityCommonStockSharesOutstanding
SIRI,2013-02-06,2013-02-01,6558986663,dei:EntityCommonStockSharesOutstanding
SIRI,2013-04-30,2013-04-26,6382193346,dei:EntityCommonStockSharesOutstanding
SIRI,2013-07-26,2013-07-24,6209264140,dei:EntityCommonStockSharesOutstanding
SIRI,2013-10-24,2013-10-22,6135513195,dei:EntityCommonStockSharesOutstanding
SIRI,2014-02-04,2014-01-31,6097317573,dei:EntityCommonStockSharesOutstanding
SIRI,2014-04-25,2014-04-23,6033782973,dei:EntityCommonStockSharesOutstanding
SIRI,2014-07-29,2014-07-25,5671876695,dei:EntityCommonStockSharesOutstanding
SIRI,2014-10-28,2014-10-24,5494443257,dei:EntityCommonStockSharesOutstanding
SIRI,2015-02-05,2015-02-03,5581438748,dei:EntityCommonStockSharesOutstanding
SIRI,2015-04-28,2015-04-24,5472783776,dei:EntityCommonStockSharesOutstanding
SIRI,2015-07-28,2015-07-24,5323245038,dei:EntityCommonStockSharesOutstanding
SIRI,2015-10-22,2015-10-20,5212117469,dei:EntityCommonStockSharesOutstanding
SIRI,2016-02-02,2016-01-29,5095994772,dei:EntityCommonStockSharesOutstanding
SIRI,2016-04-28,2016-04-26,4958140435,dei:EntityCommonStockSharesOutstanding
SIRI,2016-07-26,2016-07-22,4877889221,dei:EntityCommonStockSharesOutstanding
SIRI,2016-10-27,2016-10-25,4824886096,dei:EntityCommonStockSharesOutstanding
SIRI,2017-02-02,2017-01-31,4715160369,dei:EntityCommonStockSharesOutstanding
SIRI,2017-04-27,2017-04-25,4665016103,dei:EntityCommonStockSharesOutstanding
SIRI,2017-07-27,2017-07-25,4613015656,dei:EntityCommonStockSharesOutstanding
SIRI,2017-10-25,2017-10-23,4595820002,dei:EntityCommonStockSharesOutstanding
SIRI,2018-01-31,2018-01-29,4491863747,dei:EntityCommonStockSharesOutstanding
SIRI,2018-04-25,2018-04-23,4478744103,dei:EntityCommonStockSharesOutstanding
SIRI,2018-07-25,2018-07-23,4488104672,dei:EntityCommonStockSharesOutstanding
SIRI,2018-10-24,2018-10-22,4441648517,dei:EntityCommonStockSharesOutstanding
SIRI,2019-01-30,2019-01-28,4345777230,dei:EntityCommonStockSharesOutstanding
SIRI,2019-04-24,2019-04-22,4607284743,dei:EntityCommonStockSharesOutstanding
SIRI,2019-07-30,2019-07-26,4449815890,dei:EntityCommonStockSharesOutstanding
SIRI,2019-10-31,2019-10-29,4423719942,dei:EntityCommonStockSharesOutstanding
SIRI,2020-02-04,2020-01-31,4413944475,dei:EntityCommonStockSharesOutstanding
SIRI,2020-04-28,2020-04-24,4379119828,dei:EntityCommonStockSharesOutstanding
SIRI,2020-07-30,2020-07-28,4340289704,dei:EntityCommonStockSharesOutstanding
SIRI,2020-10-22,2020-10-20,4249501448,dei:EntityCommonStockSharesOutstanding
SIRI,2021-02-02,2021-01-29,4139978947,dei:EntityCommonStockSharesOutstanding
SIRI,2021-04-28,2021-04-26,4090766059,dei:EntityCommonStockSharesOutstanding
SIRI,2021-07-27,2021-07-23,4050435824,dei:EntityCommonStockSharesOutstanding
SIRI,2021-10-28,2021-10-26,3999493824,dei:EntityCommonStockSharesOutstanding
SIRI,2022-02-01,2022-01-28,3947927403,dei:EntityCommonStockSharesOutstanding
SIRI,2022-04-28,2022-04-26,3936116505,dei:EntityCommonStockSharesOutstanding
SIRI,2022-07-28,2022-07-26,3894220452,dei:EntityCommonStockSharesOutstanding
SIRI,2022-11-01,2022-10-28,3889537171,dei:EntityCommonStockSharesOutstanding
SIRI,2023-02-02,2023-01-31,3890500442,dei:EntityCommonStockSharesOutstanding
SIRI,2023-04-27,2023-04-25,3868399027,dei:EntityCommonStockSharesOutstanding
SIRI,2023-08-01,2023-07-28,3842403049,dei:EntityCommonStockSharesOutstanding
SIRI,2023-10-31,2023-10-27,3838939821,dei:EntityCommonStockSharesOutstanding
SIRI,2024-02-01,2024-01-30,3842461994,dei:EntityCommonStockSharesOutstanding
SIRI,2024-04-30,2024-04-26,3846631694,dei:EntityCommonStockSharesOutstanding
SIRI,2024-08-01,2024-07-30,3850363154,dei:EntityCommonStockSharesOutstanding
SIRI,2024-10-31,2024-10-29,339202065,dei:EntityCommonStockSharesOutstanding
SIRI,2025-01-30,2025-01-28,338768644,dei:EntityCommonStockSharesOutstanding
SIRI,2025-05-01,2025-04-29,337924539,dei:EntityCommonStockSharesOutstanding
SIRI,2025-07-31,2025-07-29,336740461,dei:EntityCommonStockSharesOutstanding
SIRI,2025-10-30,2025-10-28,336561636,dei:EntityCommonStockSharesOutstanding
SIRI,2026-02-05,2026-02-03,334772877,dei:EntityCommonStockSharesOutstanding
SIRI,2026-04-30,2026-04-28,336619936,dei:EntityCommonStockSharesOutstanding
SMCI,2011-11-07,2011-10-27,40479571,dei:EntityCommonStockSharesOutstanding
SMCI,2012-02-06,2012-01-26,40678166,dei:EntityCommonStockSharesOutstanding
SMCI,2012-05-07,2012-04-26,41486563,dei:EntityCommonStockSharesOutstanding
SMCI,2012-09-13,2012-08-28,41654183,dei:EntityCommonStockSharesOutstanding
SMCI,2012-11-07,2012-10-25,41792466,dei:EntityCommonStockSharesOutstanding
SMCI,2013-02-06,2013-01-24,42080357,dei:EntityCommonStockSharesOutstanding
SMCI,2013-05-10,2013-04-25,42239626,dei:EntityCommonStockSharesOutstanding
SMCI,2013-09-11,2013-09-06,42702605,dei:EntityCommonStockSharesOutstanding
SMCI,2013-11-07,2013-10-29,42761172,dei:EntityCommonStockSharesOutstanding
SMCI,2014-02-07,2014-01-28,43720499,dei:EntityCommonStockSharesOutstanding
SMCI,2014-05-07,2014-04-28,44931042,dei:EntityCommonStockSharesOutstanding
SMCI,2014-09-15,2014-08-31,45675186,dei:EntityCommonStockSharesOutstanding
SMCI,2014-11-06,2014-10-30,45976613,dei:EntityCommonStockSharesOutstanding
SMCI,2015-02-09,2015-01-29,46540736,dei:EntityCommonStockSharesOutstanding
SMCI,2015-05-07,2015-04-28,47265389,dei:EntityCommonStockSharesOutstanding
SMCI,2015-09-10,2015-08-20,47521065,dei:EntityCommonStockSharesOutstanding
SMCI,2015-11-16,2015-10-28,47589491,dei:EntityCommonStockSharesOutstanding
SMCI,2016-02-04,2016-01-31,47756966,dei:EntityCommonStockSharesOutstanding
SMCI,2016-05-06,2016-04-29,48395436,dei:EntityCommonStockSharesOutstanding
SMCI,2016-08-26,2016-08-18,48656429,dei:EntityCommonStockSharesOutstanding
SMCI,2016-11-07,2016-10-27,47980148,dei:EntityCommonStockSharesOutstanding
SMCI,2017-02-07,2017-01-30,48295896,dei:EntityCommonStockSharesOutstanding
SMCI,2017-05-10,2017-04-30,48692992,dei:EntityCommonStockSharesOutstanding
SMCI,2019-05-17,2019-03-31,49881914,dei:EntityCommonStockSharesOutstanding
SMCI,2019-12-19,2019-11-30,50085282,dei:EntityCommonStockSharesOutstanding
SMCI,2020-02-07,2020-01-31,51260228,dei:EntityCommonStockSharesOutstanding
SMCI,2020-05-11,2020-04-30,51923646,dei:EntityCommonStockSharesOutstanding
SMCI,2020-08-31,2020-07-31,52436548,dei:EntityCommonStockSharesOutstanding
SMCI,2020-11-06,2020-10-31,51782128,dei:EntityCommonStockSharesOutstanding
SMCI,2021-02-05,2021-01-31,50575310,dei:EntityCommonStockSharesOutstanding
SMCI,2021-05-07,2021-04-30,49934337,dei:EntityCommonStockSharesOutstanding
SMCI,2021-08-27,2021-07-31,50590466,dei:EntityCommonStockSharesOutstanding
SMCI,2021-11-05,2021-10-31,51075818,dei:EntityCommonStockSharesOutstanding
SMCI,2022-02-04,2022-01-31,51563316,dei:EntityCommonStockSharesOutstanding
SMCI,2022-05-06,2022-04-30,51906873,dei:EntityCommonStockSharesOutstanding
SMCI,2022-08-29,2022-07-31,52347039,dei:EntityCommonStockSharesOutstanding
SMCI,2022-11-04,2022-10-31,52922886,dei:EntityCommonStockSharesOutstanding
SMCI,2023-02-03,2023-01-31,53637158,dei:EntityCommonStockSharesOutstanding
SMCI,2023-05-05,2023-04-30,52488494,dei:EntityCommonStockSharesOutstanding
SMCI,2023-08-28,2023-07-31,52905947,dei:EntityCommonStockSharesOutstanding
SMCI,2023-11-03,2023-10-31,53313542,dei:EntityCommonStockSharesOutstanding
SMCI,2024-02-02,2024-01-31,55933330,dei:EntityCommonStockSharesOutstanding
SMCI,2024-05-06,2024-04-30,58556527,dei:EntityCommonStockSharesOutstanding
SMCI,2025-02-25,2025-01-31,593481352,dei:EntityCommonStockSharesOutstanding
SMCI,2025-05-12,2025-04-30,596817646,dei:EntityCommonStockSharesOutstanding
SMCI,2025-08-28,2025-07-31,594273308,dei:EntityCommonStockSharesOutstanding
SMCI,2025-11-07,2025-10-31,596971133,dei:EntityCommonStockSharesOutstanding
SMCI,2026-02-06,2026-01-31,598989428,dei:EntityCommonStockSharesOutstanding
SMCI,2026-05-11,2026-04-30,601418482,dei:EntityCommonStockSharesOutstanding
SNDK,2025-03-07,2025-02-27,114863251,dei:EntityCommonStockSharesOutstanding
SNDK,2025-03-17,2025-02-27,144863251,dei:EntityCommonStockSharesOutstanding
SNDK,2025-05-12,2025-05-05,145299218,dei:EntityCommonStockSharesOutstanding
SNDK,2025-08-21,2025-08-13,145805548,dei:EntityCommonStockSharesOutstanding
SNDK,2025-11-07,2025-10-31,146553179,dei:EntityCommonStockSharesOutstanding
SNDK,2026-01-30,2026-01-23,147567249,dei:EntityCommonStockSharesOutstanding
SNDK,2026-05-01,2026-04-24,148089758,dei:EntityCommonStockSharesOutstanding
SNPS,2010-09-08,2010-09-03,148561589,dei:EntityCommonStockSharesOutstanding
SNPS,2010-12-17,2010-12-04,149300000,dei:EntityCommonStockSharesOutstanding
SNPS,2011-03-02,2011-03-01,150936792,dei:EntityCommonStockSharesOutstanding
SNPS,2011-05-27,2011-05-23,0,dei:EntityCommonStockSharesOutstanding
SNPS,2011-06-02,2011-05-23,146679418,dei:EntityCommonStockSharesOutstanding
SNPS,2011-09-02,2011-08-29,144053580,dei:EntityCommonStockSharesOutstanding
SNPS,2011-12-16,2011-12-03,144200000,dei:EntityCommonStockSharesOutstanding
SNPS,2012-03-06,2012-02-29,145795657,dei:EntityCommonStockSharesOutstanding
SNPS,2012-06-04,2012-05-29,147089645,dei:EntityCommonStockSharesOutstanding
SNPS,2012-08-31,2012-08-27,149126370,dei:EntityCommonStockSharesOutstanding
SNPS,2012-12-20,2012-12-08,151200000,dei:EntityCommonStockSharesOutstanding
SNPS,2013-03-04,2013-03-01,153796717,dei:EntityCommonStockSharesOutstanding
SNPS,2013-05-31,2013-05-28,153764405,dei:EntityCommonStockSharesOutstanding
SNPS,2013-08-30,2013-08-28,154408347,dei:EntityCommonStockSharesOutstanding
SNPS,2013-12-20,2013-12-13,154342900,dei:EntityCommonStockSharesOutstanding
SNPS,2014-02-26,2014-02-24,154083614,dei:EntityCommonStockSharesOutstanding
SNPS,2014-05-28,2014-05-23,154734978,dei:EntityCommonStockSharesOutstanding
SNPS,2014-08-26,2014-08-22,155825554,dei:EntityCommonStockSharesOutstanding
SNPS,2014-12-15,2014-12-10,153103327,dei:EntityCommonStockSharesOutstanding
SNPS,2015-02-24,2015-02-20,153686533,dei:EntityCommonStockSharesOutstanding
SNPS,2015-05-22,2015-05-20,155086820,dei:EntityCommonStockSharesOutstanding
SNPS,2015-08-24,2015-08-20,155947407,dei:EntityCommonStockSharesOutstanding
SNPS,2015-12-14,2015-12-10,151452864,dei:EntityCommonStockSharesOutstanding
SNPS,2016-02-22,2016-02-19,151527833,dei:EntityCommonStockSharesOutstanding
SNPS,2016-05-24,2016-05-23,151826274,dei:EntityCommonStockSharesOutstanding
SNPS,2016-08-22,2016-08-19,151338876,dei:EntityCommonStockSharesOutstanding
SNPS,2016-12-12,2016-12-07,150101203,dei:EntityCommonStockSharesOutstanding
SNPS,2017-02-17,2017-02-15,150497680,dei:EntityCommonStockSharesOutstanding
SNPS,2017-05-19,2017-05-17,150310618,dei:EntityCommonStockSharesOutstanding
SNPS,2017-08-18,2017-08-15,150247663,dei:EntityCommonStockSharesOutstanding
SNPS,2017-12-14,2017-12-11,148713662,dei:EntityCommonStockSharesOutstanding
SNPS,2018-02-23,2018-02-21,148725114,dei:EntityCommonStockSharesOutstanding
SNPS,2018-05-25,2018-05-23,149010904,dei:EntityCommonStockSharesOutstanding
SNPS,2018-08-24,2018-08-22,148588107,dei:EntityCommonStockSharesOutstanding
SNPS,2018-12-17,2018-12-12,149515012,dei:EntityCommonStockSharesOutstanding
SNPS,2019-02-25,2019-02-22,149675824,dei:EntityCommonStockSharesOutstanding
SNPS,2019-05-24,2019-05-22,149899115,dei:EntityCommonStockSharesOutstanding
SNPS,2019-08-26,2019-08-21,150286586,dei:EntityCommonStockSharesOutstanding
SNPS,2019-12-20,2019-12-13,150534877,dei:EntityCommonStockSharesOutstanding
SNPS,2020-02-21,2020-02-19,150227140,dei:EntityCommonStockSharesOutstanding
SNPS,2020-05-22,2020-05-20,150788707,dei:EntityCommonStockSharesOutstanding
SNPS,2020-08-21,2020-08-19,151761689,dei:EntityCommonStockSharesOutstanding
SNPS,2020-12-15,2020-12-10,153032497,dei:EntityCommonStockSharesOutstanding
SNPS,2021-02-19,2021-02-17,152373162,dei:EntityCommonStockSharesOutstanding
SNPS,2021-05-21,2021-05-19,152574904,dei:EntityCommonStockSharesOutstanding
SNPS,2021-08-20,2021-08-18,152502754,dei:EntityCommonStockSharesOutstanding
SNPS,2021-12-13,2021-12-08,153438336,dei:EntityCommonStockSharesOutstanding
SNPS,2022-02-18,2022-02-16,153098717,dei:EntityCommonStockSharesOutstanding
SNPS,2022-05-20,2022-05-18,152970249,dei:EntityCommonStockSharesOutstanding
SNPS,2022-08-19,2022-08-17,152911344,dei:EntityCommonStockSharesOutstanding
SNPS,2022-12-12,2022-12-07,152417194,dei:EntityCommonStockSharesOutstanding
SNPS,2023-02-17,2023-02-15,152301677,dei:EntityCommonStockSharesOutstanding
SNPS,2023-05-19,2023-05-17,152159561,dei:EntityCommonStockSharesOutstanding
SNPS,2023-08-18,2023-08-16,152083817,dei:EntityCommonStockSharesOutstanding
SNPS,2023-12-12,2023-12-06,151986878,dei:EntityCommonStockSharesOutstanding
SNPS,2024-02-23,2024-02-21,152543690,dei:EntityCommonStockSharesOutstanding
SNPS,2024-05-24,2024-05-22,153216093,dei:EntityCommonStockSharesOutstanding
SNPS,2024-08-23,2024-08-21,153613744,dei:EntityCommonStockSharesOutstanding
SNPS,2024-12-19,2024-12-16,154578449,dei:EntityCommonStockSharesOutstanding
SNPS,2025-02-26,2025-02-24,154620076,dei:EntityCommonStockSharesOutstanding
SNPS,2025-05-28,2025-05-23,155160938,dei:EntityCommonStockSharesOutstanding
SNPS,2025-09-09,2025-09-05,185748673,dei:EntityCommonStockSharesOutstanding
SNPS,2025-12-22,2025-12-15,191318206,dei:EntityCommonStockSharesOutstanding
SNPS,2026-02-25,2026-02-23,191562027,dei:EntityCommonStockSharesOutstanding
SNPS,2026-05-27,2026-05-22,191479325,dei:EntityCommonStockSharesOutstanding
SOLS,2025-11-13,2025-11-07,158727456,dei:EntityCommonStockSharesOutstanding
SOLS,2026-02-19,2026-02-12,158747545,dei:EntityCommonStockSharesOutstanding
SOLS,2026-05-06,2026-04-29,158804273,dei:EntityCommonStockSharesOutstanding
SPLK,2012-06-13,2012-06-01,95644103,dei:EntityCommonStockSharesOutstanding
SPLK,2012-09-13,2012-09-07,96764673,dei:EntityCommonStockSharesOutstanding
SPLK,2012-12-13,2012-12-10,98614774,dei:EntityCommonStockSharesOutstanding
SPLK,2013-04-01,2013-03-25,102620584,dei:EntityCommonStockSharesOutstanding
SPLK,2013-06-13,2013-06-07,103812024,dei:EntityCommonStockSharesOutstanding
SPLK,2013-09-13,2013-09-06,105800351,dei:EntityCommonStockSharesOutstanding
SPLK,2013-12-13,2013-12-09,107269581,dei:EntityCommonStockSharesOutstanding
SPLK,2014-03-31,2014-03-24,117903935,dei:EntityCommonStockSharesOutstanding
SPLK,2014-06-09,2014-06-03,118569400,dei:EntityCommonStockSharesOutstanding
SPLK,2014-09-09,2014-09-02,119916714,dei:EntityCommonStockSharesOutstanding
SPLK,2014-12-10,2014-12-02,121262760,dei:EntityCommonStockSharesOutstanding
SPLK,2015-03-31,2015-03-23,125017093,dei:EntityCommonStockSharesOutstanding
SPLK,2015-06-09,2015-06-03,125711976,dei:EntityCommonStockSharesOutstanding
SPLK,2015-09-09,2015-09-02,128475148,dei:EntityCommonStockSharesOutstanding
SPLK,2015-12-10,2015-12-03,129704691,dei:EntityCommonStockSharesOutstanding
SPLK,2016-03-30,2016-03-23,132376844,dei:EntityCommonStockSharesOutstanding
SPLK,2016-06-09,2016-06-02,132879875,dei:EntityCommonStockSharesOutstanding
SPLK,2016-09-08,2016-09-01,134543363,dei:EntityCommonStockSharesOutstanding
SPLK,2016-12-09,2016-12-01,135660772,dei:EntityCommonStockSharesOutstanding
SPLK,2017-03-29,2017-03-21,138246501,dei:EntityCommonStockSharesOutstanding
SPLK,2017-06-08,2017-05-31,138371174,dei:EntityCommonStockSharesOutstanding
SPLK,2017-09-06,2017-08-30,139990162,dei:EntityCommonStockSharesOutstanding
SPLK,2017-12-06,2017-11-29,141458410,dei:EntityCommonStockSharesOutstanding
SPLK,2018-03-30,2018-03-22,144033697,dei:EntityCommonStockSharesOutstanding
SPLK,2018-06-08,2018-05-30,145002842,dei:EntityCommonStockSharesOutstanding
SPLK,2018-09-05,2018-08-29,146625790,dei:EntityCommonStockSharesOutstanding
SPLK,2018-12-07,2018-11-29,147783032,dei:EntityCommonStockSharesOutstanding
SPLK,2019-03-27,2019-03-18,150074503,dei:EntityCommonStockSharesOutstanding
SPLK,2019-06-06,2019-05-30,150171710,dei:EntityCommonStockSharesOutstanding
SPLK,2019-09-05,2019-08-29,151348574,dei:EntityCommonStockSharesOutstanding
SPLK,2019-12-04,2019-11-26,155969418,dei:EntityCommonStockSharesOutstanding
SPLK,2020-03-26,2020-03-19,158619718,dei:EntityCommonStockSharesOutstanding
SPLK,2020-06-01,2020-05-26,158868955,dei:EntityCommonStockSharesOutstanding
SPLK,2020-09-03,2020-08-28,160393964,dei:EntityCommonStockSharesOutstanding
SPLK,2020-12-10,2020-12-01,161720841,dei:EntityCommonStockSharesOutstanding
SPLK,2021-03-31,2021-03-19,163839113,dei:EntityCommonStockSharesOutstanding
SPLK,2021-06-09,2021-06-02,163917375,dei:EntityCommonStockSharesOutstanding
SPLK,2021-09-08,2021-09-01,161545802,dei:EntityCommonStockSharesOutstanding
SPLK,2021-12-02,2021-11-24,158787176,dei:EntityCommonStockSharesOutstanding
SPLK,2022-03-24,2022-03-17,160700000,dei:EntityCommonStockSharesOutstanding
SPLK,2022-05-26,2022-05-19,160900000,dei:EntityCommonStockSharesOutstanding
SPLK,2022-08-25,2022-08-18,162700000,dei:EntityCommonStockSharesOutstanding
SPLK,2022-12-01,2022-11-22,163700000,dei:EntityCommonStockSharesOutstanding
SPLK,2023-03-23,2023-03-14,165500000,dei:EntityCommonStockSharesOutstanding
SPLK,2023-05-25,2023-05-16,165600000,dei:EntityCommonStockSharesOutstanding
SPLK,2023-08-24,2023-08-15,167700000,dei:EntityCommonStockSharesOutstanding
SPLK,2023-11-28,2023-11-16,168500000,dei:EntityCommonStockSharesOutstanding
SPLS,2009-08-25,2009-08-21,722342271,dei:EntityCommonStockSharesOutstanding
SPLS,2009-12-01,2009-11-27,723896610,dei:EntityCommonStockSharesOutstanding
SPLS,2010-03-02,2010-02-26,728997152,dei:EntityCommonStockSharesOutstanding
SPLS,2010-05-20,2010-05-18,729918637,dei:EntityCommonStockSharesOutstanding
SPLS,2010-08-19,2010-08-17,730112192,dei:EntityCommonStockSharesOutstanding
SPLS,2010-11-18,2010-11-16,723195266,dei:EntityCommonStockSharesOutstanding
SPLS,2011-03-02,2011-02-28,719466365,dei:EntityCommonStockSharesOutstanding
SPLS,2011-05-18,2011-05-16,713154085,dei:EntityCommonStockSharesOutstanding
SPLS,2011-08-17,2011-08-15,709189395,dei:EntityCommonStockSharesOutstanding
SPLS,2011-11-15,2011-11-11,699422666,dei:EntityCommonStockSharesOutstanding
SPLS,2012-02-29,2012-02-27,694102453,dei:EntityCommonStockSharesOutstanding
SPLS,2012-05-16,2012-05-14,689174382,dei:EntityCommonStockSharesOutstanding
SPLS,2012-08-15,2012-08-13,682375141,dei:EntityCommonStockSharesOutstanding
SPLS,2012-11-14,2012-11-12,673881646,dei:EntityCommonStockSharesOutstanding
SPLS,2013-03-06,2013-03-04,668351385,dei:EntityCommonStockSharesOutstanding
SPLS,2013-05-22,2013-05-20,663915458,dei:EntityCommonStockSharesOutstanding
SPLS,2013-08-21,2013-08-19,660493841,dei:EntityCommonStockSharesOutstanding
SPLS,2013-11-20,2013-11-18,653676033,dei:EntityCommonStockSharesOutstanding
SPLS,2014-03-06,2014-03-04,650720496,dei:EntityCommonStockSharesOutstanding
SPLS,2014-05-20,2014-05-16,646619307,dei:EntityCommonStockSharesOutstanding
SPLS,2014-08-20,2014-08-18,644201146,dei:EntityCommonStockSharesOutstanding
SPLS,2014-11-19,2014-11-17,639801830,dei:EntityCommonStockSharesOutstanding
SPLS,2015-03-06,2015-03-04,640487106,dei:EntityCommonStockSharesOutstanding
SPLS,2015-05-20,2015-05-18,640653554,dei:EntityCommonStockSharesOutstanding
SPLS,2015-08-19,2015-08-17,643565792,dei:EntityCommonStockSharesOutstanding
SPLS,2015-11-18,2015-11-16,643622868,dei:EntityCommonStockSharesOutstanding
SPLS,2016-03-04,2016-03-02,645757022,dei:EntityCommonStockSharesOutstanding
SPLS,2016-05-18,2016-05-16,646287207,dei:EntityCommonStockSharesOutstanding
SPLS,2016-08-17,2016-08-15,650423472,dei:EntityCommonStockSharesOutstanding
SPLS,2016-11-17,2016-11-15,650546297,dei:EntityCommonStockSharesOutstanding
SPLS,2017-03-09,2017-03-07,652529821,dei:EntityCommonStockSharesOutstanding
SPLS,2017-05-16,2017-05-14,653165581,dei:EntityCommonStockSharesOutstanding
SPLS,2017-08-24,2017-08-22,656713321,dei:EntityCommonStockSharesOutstanding
SRCL,2010-08-09,2010-07-30,85299835,dei:EntityCommonStockSharesOutstanding
SRCL,2010-11-05,2010-11-02,85530675,dei:EntityCommonStockSharesOutstanding
SRCL,2011-02-28,2011-02-14,85395907,dei:EntityCommonStockSharesOutstanding
SRCL,2011-05-10,2011-05-03,85848988,dei:EntityCommonStockSharesOutstanding
SRCL,2011-08-09,2011-08-01,86114347,dei:EntityCommonStockSharesOutstanding
SRCL,2011-11-09,2011-10-31,85113990,dei:EntityCommonStockSharesOutstanding
SRCL,2012-02-28,2012-02-14,84762386,dei:EntityCommonStockSharesOutstanding
SRCL,2012-05-09,2012-04-30,85082990,dei:EntityCommonStockSharesOutstanding
SRCL,2012-08-08,2012-08-01,85651695,dei:EntityCommonStockSharesOutstanding
SRCL,2012-11-08,2012-11-01,85889501,dei:EntityCommonStockSharesOutstanding
SRCL,2013-02-28,2013-02-14,86089532,dei:EntityCommonStockSharesOutstanding
SRCL,2013-05-09,2013-05-06,86281407,dei:EntityCommonStockSharesOutstanding
SRCL,2013-08-08,2013-08-05,85890966,dei:EntityCommonStockSharesOutstanding
SRCL,2013-11-07,2013-11-01,85710402,dei:EntityCommonStockSharesOutstanding
SRCL,2014-02-28,2014-02-14,85158773,dei:EntityCommonStockSharesOutstanding
SRCL,2014-05-08,2014-05-02,84690834,dei:EntityCommonStockSharesOutstanding
SRCL,2014-08-07,2014-08-01,84810277,dei:EntityCommonStockSharesOutstanding
SRCL,2014-11-07,2014-11-03,84924367,dei:EntityCommonStockSharesOutstanding
SRCL,2015-03-02,2015-02-16,84940511,dei:EntityCommonStockSharesOutstanding
SRCL,2015-05-07,2015-05-04,85047014,dei:EntityCommonStockSharesOutstanding
SRCL,2015-08-05,2015-07-31,84832922,dei:EntityCommonStockSharesOutstanding
SRCL,2015-11-09,2015-10-30,84984775,dei:EntityCommonStockSharesOutstanding
SRCL,2016-03-15,2016-02-19,84647029,dei:EntityCommonStockSharesOutstanding
SRCL,2016-05-09,2016-04-29,84912603,dei:EntityCommonStockSharesOutstanding
SRCL,2016-08-09,2016-07-29,85041964,dei:EntityCommonStockSharesOutstanding
SRCL,2016-11-09,2016-11-01,85083481,dei:EntityCommonStockSharesOutstanding
SRCL,2017-03-15,2017-03-01,85247156,dei:EntityCommonStockSharesOutstanding
SRCL,2017-05-10,2017-05-04,85268109,dei:EntityCommonStockSharesOutstanding
SRCL,2017-08-09,2017-08-03,85338685,dei:EntityCommonStockSharesOutstanding
SRCL,2017-11-08,2017-11-02,85372876,dei:EntityCommonStockSharesOutstanding
SRCL,2018-02-26,2018-02-19,85544357,dei:EntityCommonStockSharesOutstanding
SRCL,2018-05-03,2018-04-27,85576526,dei:EntityCommonStockSharesOutstanding
SRCL,2018-08-02,2018-07-27,85887780,dei:EntityCommonStockSharesOutstanding
SRCL,2018-11-01,2018-10-29,90594855,dei:EntityCommonStockSharesOutstanding
SRCL,2019-02-28,2019-02-25,90703162,dei:EntityCommonStockSharesOutstanding
SRCL,2019-05-02,2019-04-30,91040915,dei:EntityCommonStockSharesOutstanding
SRCL,2019-08-01,2019-07-29,91120794,dei:EntityCommonStockSharesOutstanding
SRCL,2019-10-31,2019-10-28,91127712,dei:EntityCommonStockSharesOutstanding
SRCL,2020-02-28,2020-02-24,91271184,dei:EntityCommonStockSharesOutstanding
SRCL,2020-05-07,2020-05-04,91417049,dei:EntityCommonStockSharesOutstanding
SRCL,2020-08-06,2020-08-03,91482888,dei:EntityCommonStockSharesOutstanding
SRCL,2020-11-05,2020-11-02,91552471,dei:EntityCommonStockSharesOutstanding
SRCL,2021-02-25,2021-02-22,91609194,dei:EntityCommonStockSharesOutstanding
SRCL,2021-04-29,2021-04-26,91760677,dei:EntityCommonStockSharesOutstanding
SRCL,2021-08-06,2021-08-02,91854225,dei:EntityCommonStockSharesOutstanding
SRCL,2021-11-02,2021-10-29,91863023,dei:EntityCommonStockSharesOutstanding
SRCL,2022-02-24,2022-02-22,91913507,dei:EntityCommonStockSharesOutstanding
SRCL,2022-04-28,2022-04-25,92088094,dei:EntityCommonStockSharesOutstanding
SRCL,2022-08-05,2022-08-02,92180327,dei:EntityCommonStockSharesOutstanding
SRCL,2022-11-03,2022-10-31,92184219,dei:EntityCommonStockSharesOutstanding
SRCL,2023-02-23,2023-02-17,92233061,dei:EntityCommonStockSharesOutstanding
SRCL,2023-04-27,2023-04-24,92445372,dei:EntityCommonStockSharesOutstanding
SRCL,2023-07-27,2023-07-24,92521649,dei:EntityCommonStockSharesOutstanding
SRCL,2023-11-02,2023-10-30,92523391,dei:EntityCommonStockSharesOutstanding
SRCL,2024-02-28,2024-02-23,92567104,dei:EntityCommonStockSharesOutstanding
SRCL,2024-04-25,2024-04-22,92785315,dei:EntityCommonStockSharesOutstanding
SRCL,2024-07-25,2024-07-22,92836450,dei:EntityCommonStockSharesOutstanding
SRCL,2024-11-01,2024-10-28,92837446,dei:EntityCommonStockSharesOutstanding
STX,2010-11-03,2010-10-27,472685331,dei:EntityCommonStockSharesOutstanding
STX,2011-02-03,2011-01-26,452967750,dei:EntityCommonStockSharesOutstanding
STX,2011-05-03,2011-04-26,430085128,dei:EntityCommonStockSharesOutstanding
STX,2011-08-17,2011-08-11,419546623,dei:EntityCommonStockSharesOutstanding
STX,2011-10-27,2011-10-24,419865110,dei:EntityCommonStockSharesOutstanding
STX,2012-02-01,2012-01-25,448725600,dei:EntityCommonStockSharesOutstanding
STX,2012-04-30,2012-04-25,425234957,dei:EntityCommonStockSharesOutstanding
STX,2012-08-09,2012-07-30,397268225,dei:EntityCommonStockSharesOutstanding
STX,2012-10-31,2012-04-25,377494162,dei:EntityCommonStockSharesOutstanding
STX,2013-01-29,2013-01-28,358861313,dei:EntityCommonStockSharesOutstanding
STX,2013-05-02,2013-04-26,358552370,dei:EntityCommonStockSharesOutstanding
STX,2013-08-08,2013-07-31,356816941,dei:EntityCommonStockSharesOutstanding
STX,2013-10-29,2013-10-25,326142206,dei:EntityCommonStockSharesOutstanding
STX,2014-01-28,2014-01-24,328755155,dei:EntityCommonStockSharesOutstanding
STX,2014-04-30,2014-04-25,326559178,dei:EntityCommonStockSharesOutstanding
STX,2014-08-08,2014-07-25,326812299,dei:EntityCommonStockSharesOutstanding
STX,2014-11-03,2014-10-27,327238884,dei:EntityCommonStockSharesOutstanding
STX,2015-01-30,2015-01-26,328338005,dei:EntityCommonStockSharesOutstanding
STX,2015-04-30,2015-04-30,317381531000000,dei:EntityCommonStockSharesOutstanding
STX,2015-08-12,2015-08-04,302033939,dei:EntityCommonStockSharesOutstanding
STX,2015-10-30,2015-10-26,299031866,dei:EntityCommonStockSharesOutstanding
STX,2016-01-29,2016-01-25,296421970,dei:EntityCommonStockSharesOutstanding
STX,2016-04-29,2016-04-25,298483729,dei:EntityCommonStockSharesOutstanding
STX,2016-08-05,2016-07-29,298609231,dei:EntityCommonStockSharesOutstanding
STX,2016-10-28,2016-10-24,294522779,dei:EntityCommonStockSharesOutstanding
STX,2017-01-26,2017-01-23,295176874,dei:EntityCommonStockSharesOutstanding
STX,2017-04-28,2017-04-24,296627443,dei:EntityCommonStockSharesOutstanding
STX,2017-08-04,2017-07-31,291813271,dei:EntityCommonStockSharesOutstanding
STX,2017-10-27,2017-10-23,289318580,dei:EntityCommonStockSharesOutstanding
STX,2018-01-29,2018-01-23,284827401,dei:EntityCommonStockSharesOutstanding
STX,2018-05-01,2018-04-25,287062166,dei:EntityCommonStockSharesOutstanding
STX,2018-08-03,2018-07-30,287184721,dei:EntityCommonStockSharesOutstanding
STX,2018-11-02,2018-10-29,286201437,dei:EntityCommonStockSharesOutstanding
STX,2019-02-04,2019-01-29,281740077,dei:EntityCommonStockSharesOutstanding
STX,2019-04-30,2019-04-24,276842805,dei:EntityCommonStockSharesOutstanding
STX,2019-08-02,2019-07-29,269037767,dei:EntityCommonStockSharesOutstanding
STX,2019-11-01,2019-10-28,262711116,dei:EntityCommonStockSharesOutstanding
STX,2020-02-05,2020-01-31,260956046,dei:EntityCommonStockSharesOutstanding
STX,2020-04-30,2020-04-27,256624915,dei:EntityCommonStockSharesOutstanding
STX,2020-08-07,2020-08-03,257461532,dei:EntityCommonStockSharesOutstanding
STX,2020-10-29,2020-10-26,256932251,dei:EntityCommonStockSharesOutstanding
STX,2021-01-28,2021-01-25,236682057,dei:EntityCommonStockSharesOutstanding
STX,2021-04-29,2021-04-26,228873365,dei:EntityCommonStockSharesOutstanding
STX,2021-08-06,2021-08-02,227603061,dei:EntityCommonStockSharesOutstanding
STX,2021-10-28,2021-10-25,222635945,dei:EntityCommonStockSharesOutstanding
STX,2022-01-27,2022-01-24,218898339,dei:EntityCommonStockSharesOutstanding
STX,2022-04-28,2022-04-25,214843969,dei:EntityCommonStockSharesOutstanding
STX,2022-08-05,2022-08-01,208755418,dei:EntityCommonStockSharesOutstanding
STX,2022-10-27,2022-10-24,206454363,dei:EntityCommonStockSharesOutstanding
STX,2023-01-25,2023-01-23,206483864,dei:EntityCommonStockSharesOutstanding
STX,2023-04-26,2023-04-24,207082374,dei:EntityCommonStockSharesOutstanding
STX,2023-08-04,2023-07-31,207393242,dei:EntityCommonStockSharesOutstanding
STX,2023-10-27,2023-10-23,209183986,dei:EntityCommonStockSharesOutstanding
STX,2024-01-26,2024-01-22,209510729,dei:EntityCommonStockSharesOutstanding
STX,2024-04-26,2024-04-22,209988542,dei:EntityCommonStockSharesOutstanding
STX,2024-08-02,2024-07-30,210195239,dei:EntityCommonStockSharesOutstanding
STX,2024-10-25,2024-10-23,211529509,dei:EntityCommonStockSharesOutstanding
STX,2025-01-24,2025-01-22,211707393,dei:EntityCommonStockSharesOutstanding
STX,2025-05-02,2025-04-29,212217463,dei:EntityCommonStockSharesOutstanding
STX,2025-08-01,2025-07-29,212677178,dei:EntityCommonStockSharesOutstanding
STX,2025-10-31,2025-10-28,213558113,dei:EntityCommonStockSharesOutstanding
STX,2026-01-30,2026-01-27,218073067,dei:EntityCommonStockSharesOutstanding
STX,2026-04-29,2026-04-27,224228992,dei:EntityCommonStockSharesOutstanding
SWKS,2010-05-11,2010-04-30,176793291,dei:EntityCommonStockSharesOutstanding
SWKS,2010-08-10,2010-07-23,177700396,dei:EntityCommonStockSharesOutstanding
SWKS,2010-11-29,2010-11-21,183287033,dei:EntityCommonStockSharesOutstanding
SWKS,2011-02-08,2011-01-27,185435623,dei:EntityCommonStockSharesOutstanding
SWKS,2011-05-11,2011-04-29,186187121,dei:EntityCommonStockSharesOutstanding
SWKS,2011-08-09,2011-07-31,186277145,dei:EntityCommonStockSharesOutstanding
SWKS,2011-11-28,2011-11-22,187889808000,dei:EntityCommonStockSharesOutstanding
SWKS,2012-02-07,2012-01-27,188415515000,dei:EntityCommonStockSharesOutstanding
SWKS,2012-05-08,2012-04-27,189651416,dei:EntityCommonStockSharesOutstanding
SWKS,2012-08-01,2012-07-26,190841047,dei:EntityCommonStockSharesOutstanding
SWKS,2012-11-21,2012-11-13,194321490,dei:EntityCommonStockSharesOutstanding
SWKS,2013-01-31,2013-01-25,191983618,dei:EntityCommonStockSharesOutstanding
SWKS,2013-05-01,2013-04-19,191193425,dei:EntityCommonStockSharesOutstanding
SWKS,2013-07-31,2013-07-19,187738368,dei:EntityCommonStockSharesOutstanding
SWKS,2013-11-18,2013-11-12,188414735,dei:EntityCommonStockSharesOutstanding
SWKS,2014-01-29,2014-01-15,188930302,dei:EntityCommonStockSharesOutstanding
SWKS,2014-05-02,2014-04-25,189592345,dei:EntityCommonStockSharesOutstanding
SWKS,2014-07-30,2014-07-22,189526242,dei:EntityCommonStockSharesOutstanding
SWKS,2014-11-25,2014-11-14,190653624,dei:EntityCommonStockSharesOutstanding
SWKS,2015-02-04,2015-01-15,190819868,dei:EntityCommonStockSharesOutstanding
SWKS,2015-05-06,2015-05-01,191098414,dei:EntityCommonStockSharesOutstanding
SWKS,2015-08-05,2015-07-31,190737961,dei:EntityCommonStockSharesOutstanding
SWKS,2015-11-24,2015-11-13,191151089,dei:EntityCommonStockSharesOutstanding
SWKS,2016-02-03,2016-01-15,191668400,dei:EntityCommonStockSharesOutstanding
SWKS,2016-05-04,2016-04-29,190238136,dei:EntityCommonStockSharesOutstanding
SWKS,2016-08-03,2016-07-22,187496060,dei:EntityCommonStockSharesOutstanding
SWKS,2016-11-22,2016-11-11,185813926,dei:EntityCommonStockSharesOutstanding
SWKS,2017-02-07,2017-01-23,184918356,dei:EntityCommonStockSharesOutstanding
SWKS,2017-05-03,2017-04-21,184524549,dei:EntityCommonStockSharesOutstanding
SWKS,2017-07-27,2017-07-20,183740136,dei:EntityCommonStockSharesOutstanding
SWKS,2017-11-13,2017-11-03,183189590,dei:EntityCommonStockSharesOutstanding
SWKS,2018-02-05,2018-01-26,182482749,dei:EntityCommonStockSharesOutstanding
SWKS,2018-05-04,2018-04-30,182074657,dei:EntityCommonStockSharesOutstanding
SWKS,2018-07-20,2018-07-17,178981545,dei:EntityCommonStockSharesOutstanding
SWKS,2018-11-15,2018-11-07,177531995,dei:EntityCommonStockSharesOutstanding
SWKS,2019-02-06,2019-01-30,174064672,dei:EntityCommonStockSharesOutstanding
SWKS,2019-05-03,2019-05-01,172693582,dei:EntityCommonStockSharesOutstanding
SWKS,2019-08-07,2019-08-01,171703134,dei:EntityCommonStockSharesOutstanding
SWKS,2019-11-14,2019-11-12,170375324,dei:EntityCommonStockSharesOutstanding
SWKS,2020-01-24,2020-01-21,170155181,dei:EntityCommonStockSharesOutstanding
SWKS,2020-01-27,2020-01-20,170155181,dei:EntityCommonStockSharesOutstanding
SWKS,2020-05-05,2020-04-28,166835903,dei:EntityCommonStockSharesOutstanding
SWKS,2020-07-24,2020-07-17,167036087,dei:EntityCommonStockSharesOutstanding
SWKS,2020-11-17,2020-11-11,166081720,dei:EntityCommonStockSharesOutstanding
SWKS,2021-01-29,2021-01-22,164900017,dei:EntityCommonStockSharesOutstanding
SWKS,2021-04-30,2021-04-23,165092532,dei:EntityCommonStockSharesOutstanding
SWKS,2021-07-30,2021-07-23,165144931,dei:EntityCommonStockSharesOutstanding
SWKS,2021-11-24,2021-11-18,165387253,dei:EntityCommonStockSharesOutstanding
SWKS,2022-01-28,2021-01-22,166691622,dei:EntityCommonStockSharesOutstanding
SWKS,2022-02-04,2022-01-27,164005766,dei:EntityCommonStockSharesOutstanding
SWKS,2022-05-04,2022-04-29,160926134,dei:EntityCommonStockSharesOutstanding
SWKS,2022-08-05,2022-07-29,160445593,dei:EntityCommonStockSharesOutstanding
SWKS,2022-11-23,2022-11-11,160161064,dei:EntityCommonStockSharesOutstanding
SWKS,2023-01-27,2023-01-20,158974105,dei:EntityCommonStockSharesOutstanding
SWKS,2023-02-07,2023-01-30,158974172,dei:EntityCommonStockSharesOutstanding
SWKS,2023-05-09,2023-05-02,159154716,dei:EntityCommonStockSharesOutstanding
SWKS,2023-08-08,2023-08-01,159392574,dei:EntityCommonStockSharesOutstanding
SWKS,2023-11-17,2023-11-10,159954867,dei:EntityCommonStockSharesOutstanding
SWKS,2024-01-26,2024-01-18,160225891,dei:EntityCommonStockSharesOutstanding
SWKS,2024-01-31,2024-01-24,160225891,dei:EntityCommonStockSharesOutstanding
SWKS,2024-05-01,2024-04-25,160446602,dei:EntityCommonStockSharesOutstanding
SWKS,2024-07-31,2024-07-25,159716371,dei:EntityCommonStockSharesOutstanding
SWKS,2024-11-15,2024-11-07,159920649,dei:EntityCommonStockSharesOutstanding
SWKS,2025-01-24,2025-01-17,160741022,dei:EntityCommonStockSharesOutstanding
SWKS,2025-02-05,2025-01-31,160741022,dei:EntityCommonStockSharesOutstanding
SWKS,2025-05-07,2025-05-02,150129146,dei:EntityCommonStockSharesOutstanding
SWKS,2025-08-05,2025-07-31,148427568,dei:EntityCommonStockSharesOutstanding
SWKS,2025-11-07,2025-10-30,148679767,dei:EntityCommonStockSharesOutstanding
SWKS,2026-01-30,2026-01-26,149935620,dei:EntityCommonStockSharesOutstanding
SWKS,2026-02-05,2026-02-03,150373612,dei:EntityCommonStockSharesOutstanding
SWKS,2026-05-05,2026-04-30,150405963,dei:EntityCommonStockSharesOutstanding
TCOM,2011-03-31,2009-12-31,35885163,dei:EntityCommonStockSharesOutstanding
TCOM,2012-03-30,2011-12-31,35849473,dei:EntityCommonStockSharesOutstanding
TCOM,2013-03-29,2012-12-31,32354634,dei:EntityCommonStockSharesOutstanding
TCOM,2014-03-28,2013-12-31,33828251,dei:EntityCommonStockSharesOutstanding
TCOM,2015-04-27,2014-12-31,35146982,dei:EntityCommonStockSharesOutstanding
TCOM,2016-04-22,2015-12-31,51167228,dei:EntityCommonStockSharesOutstanding
TCOM,2017-04-13,2016-12-31,64155412,dei:EntityCommonStockSharesOutstanding
TCOM,2018-04-23,2017-12-31,67600654,dei:EntityCommonStockSharesOutstanding
TCOM,2019-03-15,2018-12-31,69122824,dei:EntityCommonStockSharesOutstanding
TCOM,2020-04-09,2019-12-31,74086404,dei:EntityCommonStockSharesOutstanding
TCOM,2021-03-15,2020-12-31,74953392,dei:EntityCommonStockSharesOutstanding
TCOM,2022-04-27,2021-12-31,641329557,dei:EntityCommonStockSharesOutstanding
TCOM,2023-03-27,2022-12-31,646066830,dei:EntityCommonStockSharesOutstanding
TCOM,2024-04-29,2023-12-31,644089050,dei:EntityCommonStockSharesOutstanding
TCOM,2025-04-11,2024-12-31,653270717,dei:EntityCommonStockSharesOutstanding
TCOM,2026-04-28,2025-12-31,649583574,dei:EntityCommonStockSharesOutstanding
TEAM,2022-11-04,2022-09-30,507273000,us-gaap:WeightedAverageNumberOfSharesOutstandingBasic
TEAM,2023-02-03,2022-12-31,1016887000,us-gaap:WeightedAverageNumberOfSharesOutstandingBasic
TEAM,2023-05-05,2023-03-31,1019421000,us-gaap:WeightedAverageNumberOfSharesOutstandingBasic
TEAM,2023-08-18,2023-06-30,759298000,us-gaap:WeightedAverageNumberOfSharesOutstandingBasic
TEAM,2023-11-03,2023-09-30,257907000,us-gaap:WeightedAverageNumberOfSharesOutstandingBasic
TEAM,2024-02-02,2023-12-31,516855000,us-gaap:WeightedAverageNumberOfSharesOutstandingBasic
TEAM,2024-04-26,2024-03-31,518455000,us-gaap:WeightedAverageNumberOfSharesOutstandingBasic
TEAM,2024-08-16,2024-06-30,259133000,us-gaap:WeightedAverageNumberOfSharesOutstandingBasic
TEAM,2024-11-01,2024-09-30,260477000,us-gaap:WeightedAverageNumberOfSharesOutstandingBasic
TEAM,2025-01-31,2024-12-31,521959000,us-gaap:WeightedAverageNumberOfSharesOutstandingBasic
TEAM,2025-05-02,2025-03-31,524094000,us-gaap:WeightedAverageNumberOfSharesOutstandingBasic
TEAM,2025-08-15,2025-06-30,261787000,us-gaap:WeightedAverageNumberOfSharesOutstandingBasic
TEAM,2025-10-31,2025-09-30,262991000,us-gaap:WeightedAverageNumberOfSharesOutstandingBasic
TEAM,2026-02-06,2025-12-31,527237000,us-gaap:WeightedAverageNumberOfSharesOutstandingBasic
TEAM,2026-05-01,2026-03-31,523571000,us-gaap:WeightedAverageNumberOfSharesOutstandingBasic
TER,2010-08-12,2010-08-09,181347263,dei:EntityCommonStockSharesOutstanding
TER,2010-11-10,2010-11-08,181400000,dei:EntityCommonStockSharesOutstanding
TER,2011-03-01,2011-02-22,185346619,dei:EntityCommonStockSharesOutstanding
TER,2011-05-13,2011-05-09,185438574,dei:EntityCommonStockSharesOutstanding
TER,2011-08-12,2011-08-08,186184101,dei:EntityCommonStockSharesOutstanding
TER,2011-11-14,2011-11-07,184056173,dei:EntityCommonStockSharesOutstanding
TER,2012-02-29,2012-02-22,186457258,dei:EntityCommonStockSharesOutstanding
TER,2012-05-11,2012-05-07,186671490,dei:EntityCommonStockSharesOutstanding
TER,2012-08-10,2012-08-06,187592476,dei:EntityCommonStockSharesOutstanding
TER,2012-11-09,2012-11-05,187852103,dei:EntityCommonStockSharesOutstanding
TER,2013-03-01,2013-02-22,190315020,dei:EntityCommonStockSharesOutstanding
TER,2013-05-10,2013-05-03,190641051,dei:EntityCommonStockSharesOutstanding
TER,2013-08-09,2013-08-02,191459202,dei:EntityCommonStockSharesOutstanding
TER,2013-11-08,2013-11-01,191611017,dei:EntityCommonStockSharesOutstanding
TER,2014-02-28,2014-02-21,193977544,dei:EntityCommonStockSharesOutstanding
TER,2014-05-07,2014-05-02,194252893,dei:EntityCommonStockSharesOutstanding
TER,2014-08-08,2014-08-01,204676850,dei:EntityCommonStockSharesOutstanding
TER,2014-11-07,2014-10-31,216494252,dei:EntityCommonStockSharesOutstanding
TER,2015-02-27,2015-02-20,217783809,dei:EntityCommonStockSharesOutstanding
TER,2015-05-08,2015-05-01,214540853,dei:EntityCommonStockSharesOutstanding
TER,2015-08-14,2015-08-07,210834989,dei:EntityCommonStockSharesOutstanding
TER,2015-11-13,2015-11-06,205517339,dei:EntityCommonStockSharesOutstanding
TER,2016-02-29,2016-02-22,204336493,dei:EntityCommonStockSharesOutstanding
TER,2016-05-13,2016-05-06,203178976,dei:EntityCommonStockSharesOutstanding
TER,2016-08-12,2016-08-05,202330816,dei:EntityCommonStockSharesOutstanding
TER,2016-11-10,2016-11-04,201222112,dei:EntityCommonStockSharesOutstanding
TER,2017-03-01,2017-02-24,200302178,dei:EntityCommonStockSharesOutstanding
TER,2017-05-12,2017-05-08,198950727,dei:EntityCommonStockSharesOutstanding
TER,2017-08-11,2017-08-07,197831996,dei:EntityCommonStockSharesOutstanding
TER,2017-11-09,2017-11-03,196157730,dei:EntityCommonStockSharesOutstanding
TER,2018-03-01,2018-02-23,195422673,dei:EntityCommonStockSharesOutstanding
TER,2018-05-11,2018-05-07,191316067,dei:EntityCommonStockSharesOutstanding
TER,2018-08-10,2018-08-06,186437930,dei:EntityCommonStockSharesOutstanding
TER,2018-11-09,2018-11-05,179249910,dei:EntityCommonStockSharesOutstanding
TER,2019-03-01,2019-02-25,173629283,dei:EntityCommonStockSharesOutstanding
TER,2019-05-10,2019-05-06,171395402,dei:EntityCommonStockSharesOutstanding
TER,2019-08-09,2019-08-05,169945820,dei:EntityCommonStockSharesOutstanding
TER,2019-11-08,2019-11-04,167577669,dei:EntityCommonStockSharesOutstanding
TER,2020-03-02,2020-02-24,166784497,dei:EntityCommonStockSharesOutstanding
TER,2020-05-04,2020-04-27,165768292,dei:EntityCommonStockSharesOutstanding
TER,2020-08-03,2020-07-24,166032335,dei:EntityCommonStockSharesOutstanding
TER,2020-11-02,2020-10-26,166055827,dei:EntityCommonStockSharesOutstanding
TER,2021-02-22,2021-02-16,166694772,dei:EntityCommonStockSharesOutstanding
TER,2021-05-07,2021-04-30,166266321,dei:EntityCommonStockSharesOutstanding
TER,2021-08-06,2021-08-02,164973199,dei:EntityCommonStockSharesOutstanding
TER,2021-11-05,2021-11-01,163004340,dei:EntityCommonStockSharesOutstanding
TER,2022-02-23,2022-02-16,162417046,dei:EntityCommonStockSharesOutstanding
TER,2022-05-06,2022-05-02,160203017,dei:EntityCommonStockSharesOutstanding
TER,2022-08-05,2022-08-01,156781680,dei:EntityCommonStockSharesOutstanding
TER,2022-11-04,2022-10-31,155756146,dei:EntityCommonStockSharesOutstanding
TER,2023-02-22,2023-02-17,156047868,dei:EntityCommonStockSharesOutstanding
TER,2023-05-05,2023-05-01,155038743,dei:EntityCommonStockSharesOutstanding
TER,2023-08-04,2023-07-31,154013736,dei:EntityCommonStockSharesOutstanding
TER,2023-11-03,2023-10-30,152878728,dei:EntityCommonStockSharesOutstanding
TER,2024-02-22,2024-02-16,153080607,dei:EntityCommonStockSharesOutstanding
TER,2024-05-03,2024-04-29,156111885,dei:EntityCommonStockSharesOutstanding
TER,2024-08-02,2024-07-29,163176091,dei:EntityCommonStockSharesOutstanding
TER,2024-11-01,2024-10-28,162861462,dei:EntityCommonStockSharesOutstanding
TER,2025-02-20,2025-02-14,161718766,dei:EntityCommonStockSharesOutstanding
TER,2025-05-02,2025-04-28,160420287,dei:EntityCommonStockSharesOutstanding
TER,2025-08-01,2025-07-28,159073532,dei:EntityCommonStockSharesOutstanding
TER,2025-10-30,2025-10-27,156608303,dei:EntityCommonStockSharesOutstanding
TER,2026-02-19,2026-02-16,156555950,dei:EntityCommonStockSharesOutstanding
TER,2026-05-01,2026-04-27,156542162,dei:EntityCommonStockSharesOutstanding
TMUS,2010-08-09,2010-07-30,353890321,dei:EntityCommonStockSharesOutstanding
TMUS,2010-11-05,2010-10-29,354414781,dei:EntityCommonStockSharesOutstanding
TMUS,2011-03-01,2011-01-31,356626174,dei:EntityCommonStockSharesOutstanding
TMUS,2011-05-06,2011-04-29,358760901,dei:EntityCommonStockSharesOutstanding
TMUS,2011-08-03,2011-07-29,361965610,dei:EntityCommonStockSharesOutstanding
TMUS,2011-11-01,2011-10-28,362259788,dei:EntityCommonStockSharesOutstanding
TMUS,2012-02-29,2012-01-31,362504956,dei:EntityCommonStockSharesOutstanding
TMUS,2012-04-26,2012-04-23,363186192,dei:EntityCommonStockSharesOutstanding
TMUS,2012-07-26,2012-07-20,363424295,dei:EntityCommonStockSharesOutstanding
TMUS,2012-10-30,2012-10-19,364103435,dei:EntityCommonStockSharesOutstanding
TMUS,2013-03-01,2013-01-31,367887191,dei:EntityCommonStockSharesOutstanding
TMUS,2013-04-25,2013-04-19,370274013,dei:EntityCommonStockSharesOutstanding
TMUS,2013-08-08,2013-07-31,726716596,dei:EntityCommonStockSharesOutstanding
TMUS,2013-11-07,2013-10-31,728696706,dei:EntityCommonStockSharesOutstanding
TMUS,2014-02-25,2014-01-31,802454478,dei:EntityCommonStockSharesOutstanding
TMUS,2014-05-01,2014-04-28,802928895,dei:EntityCommonStockSharesOutstanding
TMUS,2014-07-31,2014-07-28,807165830,dei:EntityCommonStockSharesOutstanding
TMUS,2014-10-28,2014-10-23,807350358,dei:EntityCommonStockSharesOutstanding
TMUS,2015-02-19,2015-02-17,807778654,dei:EntityCommonStockSharesOutstanding
TMUS,2015-04-28,2015-04-24,810415343,dei:EntityCommonStockSharesOutstanding
TMUS,2015-07-30,2015-07-27,814874652,dei:EntityCommonStockSharesOutstanding
TMUS,2015-10-27,2015-10-23,816037384,dei:EntityCommonStockSharesOutstanding
TMUS,2016-02-17,2016-02-11,818420728,dei:EntityCommonStockSharesOutstanding
TMUS,2016-04-26,2016-04-21,822185586,dei:EntityCommonStockSharesOutstanding
TMUS,2016-07-27,2016-07-21,822740120,dei:EntityCommonStockSharesOutstanding
TMUS,2016-10-24,2016-10-20,824015429,dei:EntityCommonStockSharesOutstanding
TMUS,2017-02-14,2017-02-08,826525821,dei:EntityCommonStockSharesOutstanding
TMUS,2017-04-24,2017-04-19,830835887,dei:EntityCommonStockSharesOutstanding
TMUS,2017-07-20,2017-07-17,831048573,dei:EntityCommonStockSharesOutstanding
TMUS,2017-10-23,2017-10-19,831964098,dei:EntityCommonStockSharesOutstanding
TMUS,2018-02-08,2018-02-02,854428593,dei:EntityCommonStockSharesOutstanding
TMUS,2018-05-01,2018-04-27,846845766,dei:EntityCommonStockSharesOutstanding
TMUS,2018-08-01,2018-07-27,847231474,dei:EntityCommonStockSharesOutstanding
TMUS,2018-10-30,2018-10-25,848393022,dei:EntityCommonStockSharesOutstanding
TMUS,2019-02-07,2019-02-04,850221464,dei:EntityCommonStockSharesOutstanding
TMUS,2019-04-25,2019-04-18,854303011,dei:EntityCommonStockSharesOutstanding
TMUS,2019-07-26,2019-07-22,854457048,dei:EntityCommonStockSharesOutstanding
TMUS,2019-10-28,2019-10-23,855574798,dei:EntityCommonStockSharesOutstanding
TMUS,2020-02-06,2020-01-31,856932845,dei:EntityCommonStockSharesOutstanding
TMUS,2020-05-06,2020-04-30,1235763488,dei:EntityCommonStockSharesOutstanding
TMUS,2020-08-06,2020-08-03,1237808926,dei:EntityCommonStockSharesOutstanding
TMUS,2020-11-05,2020-10-30,1241186776,dei:EntityCommonStockSharesOutstanding
TMUS,2021-02-23,2021-02-17,1242804085,dei:EntityCommonStockSharesOutstanding
TMUS,2021-05-04,2021-04-28,1246857781,dei:EntityCommonStockSharesOutstanding
TMUS,2021-08-03,2021-07-28,1247966318,dei:EntityCommonStockSharesOutstanding
TMUS,2021-11-02,2021-10-27,1249053529,dei:EntityCommonStockSharesOutstanding
TMUS,2022-02-11,2022-02-07,1249289954,dei:EntityCommonStockSharesOutstanding
TMUS,2022-05-06,2022-04-29,1253584833,dei:EntityCommonStockSharesOutstanding
TMUS,2022-07-29,2022-07-22,1254041236,dei:EntityCommonStockSharesOutstanding
TMUS,2022-10-27,2022-10-20,1244154134,dei:EntityCommonStockSharesOutstanding
TMUS,2023-02-14,2023-02-10,1219383110,dei:EntityCommonStockSharesOutstanding
TMUS,2023-04-27,2023-04-21,1199892465,dei:EntityCommonStockSharesOutstanding
TMUS,2023-07-27,2023-07-21,1176457229,dei:EntityCommonStockSharesOutstanding
TMUS,2023-10-25,2023-10-20,1156475060,dei:EntityCommonStockSharesOutstanding
TMUS,2024-02-02,2024-01-31,1186867575,dei:EntityCommonStockSharesOutstanding
TMUS,2024-04-26,2024-04-19,1171854259,dei:EntityCommonStockSharesOutstanding
TMUS,2024-07-31,2024-07-26,1166784033,dei:EntityCommonStockSharesOutstanding
TMUS,2024-10-23,2024-10-18,1160486648,dei:EntityCommonStockSharesOutstanding
TMUS,2025-01-31,2025-01-24,1141744952,dei:EntityCommonStockSharesOutstanding
TMUS,2025-04-24,2025-04-17,1135445108,dei:EntityCommonStockSharesOutstanding
TMUS,2025-07-23,2025-07-18,1125419038,dei:EntityCommonStockSharesOutstanding
TMUS,2025-10-23,2025-10-17,1118506626,dei:EntityCommonStockSharesOutstanding
TMUS,2026-02-11,2026-02-06,1101862739,dei:EntityCommonStockSharesOutstanding
TMUS,2026-04-28,2026-04-24,1082204717,dei:EntityCommonStockSharesOutstanding
TRI,2018-03-16,2017-12-31,709302084,dei:EntityCommonStockSharesOutstanding
TRI,2018-08-10,2018-06-30,0,dei:EntityCommonStockSharesOutstanding
TRI,2019-03-13,2018-12-31,501493187,dei:EntityCommonStockSharesOutstanding
TRI,2020-03-10,2019-12-31,497459546,dei:EntityCommonStockSharesOutstanding
TRI,2021-03-10,2020-12-31,497117528,dei:EntityCommonStockSharesOutstanding
TRI,2022-03-10,2021-12-31,486092864,dei:EntityCommonStockSharesOutstanding
TRIP,2011-12-06,2011-12-08,1000,dei:EntityCommonStockSharesOutstanding
TRIP,2025-05-07,2025-05-01,118092104,dei:EntityCommonStockSharesOutstanding
TRIP,2025-08-07,2025-08-01,116133591,dei:EntityCommonStockSharesOutstanding
TRIP,2025-11-06,2025-10-31,116908339,dei:EntityCommonStockSharesOutstanding
TRIP,2026-02-13,2026-02-06,114755221,dei:EntityCommonStockSharesOutstanding
TRIP,2026-05-07,2026-05-01,116361169,dei:EntityCommonStockSharesOutstanding
TSCO,2010-08-03,2010-07-24,36299512,dei:EntityCommonStockSharesOutstanding
TSCO,2010-11-02,2010-10-23,72911934,dei:EntityCommonStockSharesOutstanding
TSCO,2011-05-03,2011-04-23,72244620,dei:EntityCommonStockSharesOutstanding
TSCO,2011-08-04,2011-07-23,71407144,dei:EntityCommonStockSharesOutstanding
TSCO,2011-11-03,2011-10-22,71024867,dei:EntityCommonStockSharesOutstanding
TSCO,2012-02-29,2012-01-28,71313650,dei:EntityCommonStockSharesOutstanding
TSCO,2012-05-07,2012-04-28,72054245,dei:EntityCommonStockSharesOutstanding
TSCO,2012-08-06,2012-07-28,70889653,dei:EntityCommonStockSharesOutstanding
TSCO,2012-11-05,2012-10-27,70436783,dei:EntityCommonStockSharesOutstanding
TSCO,2013-02-20,2013-01-26,69208915,dei:EntityCommonStockSharesOutstanding
TSCO,2013-05-06,2013-04-27,69788440,dei:EntityCommonStockSharesOutstanding
TSCO,2013-08-05,2013-07-27,69808880,dei:EntityCommonStockSharesOutstanding
TSCO,2013-11-04,2013-10-26,139587064,dei:EntityCommonStockSharesOutstanding
TSCO,2014-02-19,2014-01-25,139559289,dei:EntityCommonStockSharesOutstanding
TSCO,2014-05-05,2014-04-26,138492953,dei:EntityCommonStockSharesOutstanding
TSCO,2014-08-04,2014-07-26,137676558,dei:EntityCommonStockSharesOutstanding
TSCO,2014-11-03,2014-10-25,135938869,dei:EntityCommonStockSharesOutstanding
TSCO,2015-02-18,2015-01-24,136194193,dei:EntityCommonStockSharesOutstanding
TSCO,2015-05-07,2015-04-25,136426761,dei:EntityCommonStockSharesOutstanding
TSCO,2015-08-05,2015-07-25,135819050,dei:EntityCommonStockSharesOutstanding
TSCO,2015-11-05,2015-10-24,134333917,dei:EntityCommonStockSharesOutstanding
TSCO,2016-02-23,2016-01-23,133740424,dei:EntityCommonStockSharesOutstanding
TSCO,2016-05-05,2016-04-23,133426962,dei:EntityCommonStockSharesOutstanding
TSCO,2016-08-04,2016-07-23,133664784,dei:EntityCommonStockSharesOutstanding
TSCO,2016-11-04,2016-10-22,131249687,dei:EntityCommonStockSharesOutstanding
TSCO,2017-02-23,2017-01-28,130725876,dei:EntityCommonStockSharesOutstanding
TSCO,2017-05-10,2017-04-29,128564140,dei:EntityCommonStockSharesOutstanding
TSCO,2017-08-10,2017-07-29,126695953,dei:EntityCommonStockSharesOutstanding
TSCO,2017-11-09,2017-10-28,125564364,dei:EntityCommonStockSharesOutstanding
TSCO,2018-02-22,2018-01-27,125116910,dei:EntityCommonStockSharesOutstanding
TSCO,2018-05-11,2018-04-28,122050289,dei:EntityCommonStockSharesOutstanding
TSCO,2018-08-09,2018-07-28,121804677,dei:EntityCommonStockSharesOutstanding
TSCO,2018-11-08,2018-10-27,122068054,dei:EntityCommonStockSharesOutstanding
TSCO,2019-02-21,2019-01-26,121279792,dei:EntityCommonStockSharesOutstanding
TSCO,2019-05-09,2019-04-27,120641792,dei:EntityCommonStockSharesOutstanding
TSCO,2019-08-08,2019-07-27,119264959,dei:EntityCommonStockSharesOutstanding
TSCO,2019-11-07,2019-10-26,118386226,dei:EntityCommonStockSharesOutstanding
TSCO,2020-02-20,2020-01-25,117282010,dei:EntityCommonStockSharesOutstanding
TSCO,2020-05-07,2020-04-25,115630120,dei:EntityCommonStockSharesOutstanding
TSCO,2020-08-06,2020-07-25,116223704,dei:EntityCommonStockSharesOutstanding
TSCO,2020-10-22,2020-09-26,116497394,dei:EntityCommonStockSharesOutstanding
TSCO,2021-02-18,2021-01-23,116301841,dei:EntityCommonStockSharesOutstanding
TSCO,2021-05-06,2021-04-24,115255974,dei:EntityCommonStockSharesOutstanding
TSCO,2021-08-05,2021-07-24,114338347,dei:EntityCommonStockSharesOutstanding
TSCO,2021-11-04,2021-10-23,113814924,dei:EntityCommonStockSharesOutstanding
TSCO,2022-02-17,2022-01-22,112772349,dei:EntityCommonStockSharesOutstanding
TSCO,2022-05-05,2022-04-23,111881628,dei:EntityCommonStockSharesOutstanding
TSCO,2022-08-04,2022-07-23,111000088,dei:EntityCommonStockSharesOutstanding
TSCO,2022-11-03,2022-10-22,110463245,dei:EntityCommonStockSharesOutstanding
TSCO,2023-02-23,2023-01-28,110072658,dei:EntityCommonStockSharesOutstanding
TSCO,2023-04-27,2023-04-24,109568348,dei:EntityCommonStockSharesOutstanding
TSCO,2023-08-10,2023-07-29,108807868,dei:EntityCommonStockSharesOutstanding
TSCO,2023-11-09,2023-10-28,108114204,dei:EntityCommonStockSharesOutstanding
TSCO,2024-02-23,2024-01-27,107916530,dei:EntityCommonStockSharesOutstanding
TSCO,2024-05-09,2024-04-27,107810395,dei:EntityCommonStockSharesOutstanding
TSCO,2024-08-08,2024-07-27,107868874,dei:EntityCommonStockSharesOutstanding
TSCO,2024-11-07,2024-10-26,106839001,dei:EntityCommonStockSharesOutstanding
TSCO,2025-02-20,2025-01-25,531548314,dei:EntityCommonStockSharesOutstanding
TSCO,2025-05-08,2025-04-26,530202933,dei:EntityCommonStockSharesOutstanding
TSCO,2025-08-07,2025-07-26,529951669,dei:EntityCommonStockSharesOutstanding
TSCO,2025-11-06,2025-10-25,528403595,dei:EntityCommonStockSharesOutstanding
TSCO,2026-02-19,2026-01-24,526351286,dei:EntityCommonStockSharesOutstanding
TSCO,2026-05-07,2026-04-25,524449616,dei:EntityCommonStockSharesOutstanding
TSLA,2011-08-12,2011-07-31,104018274,dei:EntityCommonStockSharesOutstanding
TSLA,2011-11-14,2011-10-31,104298634,dei:EntityCommonStockSharesOutstanding
TSLA,2012-02-27,2012-01-31,104604044,dei:EntityCommonStockSharesOutstanding
TSLA,2012-05-10,2012-04-30,105214400,dei:EntityCommonStockSharesOutstanding
TSLA,2012-08-02,2012-07-16,105432497,dei:EntityCommonStockSharesOutstanding
TSLA,2012-11-07,2012-10-31,113778865,dei:EntityCommonStockSharesOutstanding
TSLA,2013-03-07,2013-01-31,114517973,dei:EntityCommonStockSharesOutstanding
TSLA,2013-05-10,2013-04-30,115552703,dei:EntityCommonStockSharesOutstanding
TSLA,2013-08-09,2013-07-31,121449647,dei:EntityCommonStockSharesOutstanding
TSLA,2013-11-08,2013-10-31,122593928,dei:EntityCommonStockSharesOutstanding
TSLA,2014-02-26,2014-01-31,123191938,dei:EntityCommonStockSharesOutstanding
TSLA,2014-05-09,2014-04-30,124090160,dei:EntityCommonStockSharesOutstanding
TSLA,2014-08-08,2014-07-31,124629814,dei:EntityCommonStockSharesOutstanding
TSLA,2014-11-07,2014-10-31,125381798,dei:EntityCommonStockSharesOutstanding
TSLA,2015-02-26,2015-01-31,125762835,dei:EntityCommonStockSharesOutstanding
TSLA,2015-05-11,2015-04-30,126403793,dei:EntityCommonStockSharesOutstanding
TSLA,2015-08-07,2015-07-30,127142147,dei:EntityCommonStockSharesOutstanding
TSLA,2015-11-05,2015-10-29,130951319,dei:EntityCommonStockSharesOutstanding
TSLA,2016-02-24,2016-01-31,132056338,dei:EntityCommonStockSharesOutstanding
TSLA,2016-05-10,2016-04-29,133944622,dei:EntityCommonStockSharesOutstanding
TSLA,2016-08-05,2016-07-29,148692605,dei:EntityCommonStockSharesOutstanding
TSLA,2016-11-02,2016-10-25,149891190,dei:EntityCommonStockSharesOutstanding
TSLA,2017-03-01,2017-01-31,161670428,dei:EntityCommonStockSharesOutstanding
TSLA,2017-05-10,2017-04-30,164259736,dei:EntityCommonStockSharesOutstanding
TSLA,2017-08-04,2017-07-31,166887023,dei:EntityCommonStockSharesOutstanding
TSLA,2017-11-03,2017-10-27,168067395,dei:EntityCommonStockSharesOutstanding
TSLA,2018-02-23,2018-02-14,168919941,dei:EntityCommonStockSharesOutstanding
TSLA,2018-05-07,2018-04-30,169793685,dei:EntityCommonStockSharesOutstanding
TSLA,2018-08-06,2018-07-27,170593144,dei:EntityCommonStockSharesOutstanding
TSLA,2018-11-02,2018-10-26,171732775,dei:EntityCommonStockSharesOutstanding
TSLA,2019-02-19,2019-02-12,172721487,dei:EntityCommonStockSharesOutstanding
TSLA,2019-04-29,2019-04-22,173720801,dei:EntityCommonStockSharesOutstanding
TSLA,2019-07-29,2019-07-22,179127239,dei:EntityCommonStockSharesOutstanding
TSLA,2019-10-29,2019-10-21,180244858,dei:EntityCommonStockSharesOutstanding
TSLA,2020-02-13,2020-02-07,181341586,dei:EntityCommonStockSharesOutstanding
TSLA,2020-04-30,2020-04-23,185371105,dei:EntityCommonStockSharesOutstanding
TSLA,2020-07-28,2020-07-20,186361726,dei:EntityCommonStockSharesOutstanding
TSLA,2020-10-26,2020-10-20,947900733,dei:EntityCommonStockSharesOutstanding
TSLA,2021-02-08,2021-02-01,959853504,dei:EntityCommonStockSharesOutstanding
TSLA,2021-04-28,2021-04-21,963330448,dei:EntityCommonStockSharesOutstanding
TSLA,2021-07-27,2021-07-22,990015158,dei:EntityCommonStockSharesOutstanding
TSLA,2021-10-25,2021-10-21,1004264852,dei:EntityCommonStockSharesOutstanding
TSLA,2022-02-07,2022-01-31,1033507611,dei:EntityCommonStockSharesOutstanding
TSLA,2022-04-25,2022-04-19,1036009925,dei:EntityCommonStockSharesOutstanding
TSLA,2022-07-25,2022-07-19,1044490015,dei:EntityCommonStockSharesOutstanding
TSLA,2022-10-24,2022-10-18,3157752449,dei:EntityCommonStockSharesOutstanding
TSLA,2023-01-31,2023-01-25,3164102701,dei:EntityCommonStockSharesOutstanding
TSLA,2023-04-24,2023-04-17,3169504301,dei:EntityCommonStockSharesOutstanding
TSLA,2023-07-24,2023-07-17,3173994467,dei:EntityCommonStockSharesOutstanding
TSLA,2023-10-23,2023-10-16,3178921391,dei:EntityCommonStockSharesOutstanding
TSLA,2024-01-29,2024-01-22,3184790415,dei:EntityCommonStockSharesOutstanding
TSLA,2024-04-24,2024-04-18,3189196167,dei:EntityCommonStockSharesOutstanding
TSLA,2024-07-24,2024-07-18,3194640415,dei:EntityCommonStockSharesOutstanding
TSLA,2024-10-24,2024-10-18,3210059659,dei:EntityCommonStockSharesOutstanding
TSLA,2025-01-30,2025-01-22,3216517037,dei:EntityCommonStockSharesOutstanding
TSLA,2025-04-23,2025-04-16,3220956211,dei:EntityCommonStockSharesOutstanding
TSLA,2025-07-24,2025-07-17,3225448889,dei:EntityCommonStockSharesOutstanding
TSLA,2025-10-23,2025-10-16,3325819167,dei:EntityCommonStockSharesOutstanding
TSLA,2026-01-29,2026-01-23,3752431984,dei:EntityCommonStockSharesOutstanding
TSLA,2026-04-23,2026-04-16,3755723871,dei:EntityCommonStockSharesOutstanding
TTD,2016-11-10,2016-09-30,44511000,us-gaap:WeightedAverageNumberOfSharesOutstandingBasic
TTD,2017-02-16,2016-12-31,38803000,us-gaap:WeightedAverageNumberOfSharesOutstandingBasic
TTD,2017-05-11,2017-03-31,50015000,us-gaap:WeightedAverageNumberOfSharesOutstandingBasic
TTD,2017-08-11,2017-06-30,101419000,us-gaap:WeightedAverageNumberOfSharesOutstandingBasic
TTD,2017-11-13,2017-09-30,80677000,us-gaap:WeightedAverageNumberOfSharesOutstandingBasic
TTD,2018-02-28,2017-12-31,40262000,us-gaap:WeightedAverageNumberOfSharesOutstandingBasic
TTD,2018-05-10,2018-03-31,41629000,us-gaap:WeightedAverageNumberOfSharesOutstandingBasic
TTD,2018-08-09,2018-06-30,84077000,us-gaap:WeightedAverageNumberOfSharesOutstandingBasic
TTD,2018-11-09,2018-09-30,84899000,us-gaap:WeightedAverageNumberOfSharesOutstandingBasic
TTD,2019-02-22,2018-12-31,42442000,us-gaap:WeightedAverageNumberOfSharesOutstandingBasic
TTD,2019-05-09,2019-03-31,43906000,us-gaap:WeightedAverageNumberOfSharesOutstandingBasic
TTD,2019-08-09,2019-06-30,88561000,us-gaap:WeightedAverageNumberOfSharesOutstandingBasic
TTD,2019-11-08,2019-09-30,89134000,us-gaap:WeightedAverageNumberOfSharesOutstandingBasic
TTD,2020-02-28,2019-12-31,44533000,us-gaap:WeightedAverageNumberOfSharesOutstandingBasic
TTD,2020-05-08,2020-03-31,45501000,us-gaap:WeightedAverageNumberOfSharesOutstandingBasic
TTD,2020-08-07,2020-06-30,91954000,us-gaap:WeightedAverageNumberOfSharesOutstandingBasic
TTD,2020-11-06,2020-09-30,92657000,us-gaap:WeightedAverageNumberOfSharesOutstandingBasic
TTD,2021-02-19,2020-12-31,46287000,us-gaap:WeightedAverageNumberOfSharesOutstandingBasic
TTD,2021-05-10,2021-03-31,47282000,us-gaap:WeightedAverageNumberOfSharesOutstandingBasic
TTD,2021-08-09,2021-06-30,1869224000,us-gaap:WeightedAverageNumberOfSharesOutstandingBasic
TTD,2021-11-08,2021-09-30,1880163000,us-gaap:WeightedAverageNumberOfSharesOutstandingBasic
TTD,2022-02-16,2021-12-31,1385045000,us-gaap:WeightedAverageNumberOfSharesOutstandingBasic
TTD,2022-05-10,2022-03-31,957006000,us-gaap:WeightedAverageNumberOfSharesOutstandingBasic
TTD,2022-08-09,2022-06-30,971566000,us-gaap:WeightedAverageNumberOfSharesOutstandingBasic
TTD,2022-11-09,2022-09-30,974131000,us-gaap:WeightedAverageNumberOfSharesOutstandingBasic
TTD,2023-02-15,2022-12-31,486937000,us-gaap:WeightedAverageNumberOfSharesOutstandingBasic
TTD,2023-05-10,2023-03-31,489712000,us-gaap:WeightedAverageNumberOfSharesOutstandingBasic
TTD,2023-08-09,2023-06-30,977499000,us-gaap:WeightedAverageNumberOfSharesOutstandingBasic
TTD,2023-11-09,2023-09-30,978642000,us-gaap:WeightedAverageNumberOfSharesOutstandingBasic
TTD,2024-02-15,2023-12-31,489261000,us-gaap:WeightedAverageNumberOfSharesOutstandingBasic
TTD,2024-05-10,2024-03-31,488551000,us-gaap:WeightedAverageNumberOfSharesOutstandingBasic
TTD,2024-08-08,2024-06-30,978305000,us-gaap:WeightedAverageNumberOfSharesOutstandingBasic
TTD,2024-11-07,2024-09-30,981459000,us-gaap:WeightedAverageNumberOfSharesOutstandingBasic
TTD,2025-02-21,2024-12-31,490879000,us-gaap:WeightedAverageNumberOfSharesOutstandingBasic
TTD,2025-05-08,2025-03-31,494927000,us-gaap:WeightedAverageNumberOfSharesOutstandingBasic
TTD,2025-08-07,2025-06-30,983398000,us-gaap:WeightedAverageNumberOfSharesOutstandingBasic
TTD,2025-11-06,2025-09-30,978798000,us-gaap:WeightedAverageNumberOfSharesOutstandingBasic
TTD,2026-02-27,2025-12-31,488278000,us-gaap:WeightedAverageNumberOfSharesOutstandingBasic
TTD,2026-05-07,2026-03-31,474663000,us-gaap:WeightedAverageNumberOfSharesOutstandingBasic
TTWO,2010-09-03,2010-08-31,84977766,dei:EntityCommonStockSharesOutstanding
TTWO,2011-02-09,2011-02-02,85529946,dei:EntityCommonStockSharesOutstanding
TTWO,2011-05-25,2011-05-23,86678915,dei:EntityCommonStockSharesOutstanding
TTWO,2011-08-09,2011-08-03,86743220,dei:EntityCommonStockSharesOutstanding
TTWO,2011-11-08,2011-11-03,86659775,dei:EntityCommonStockSharesOutstanding
TTWO,2012-02-03,2012-01-31,89577402,dei:EntityCommonStockSharesOutstanding
TTWO,2012-05-23,2012-05-21,89877335,dei:EntityCommonStockSharesOutstanding
TTWO,2012-08-01,2012-07-27,90160732,dei:EntityCommonStockSharesOutstanding
TTWO,2012-10-31,2012-10-24,90753166,dei:EntityCommonStockSharesOutstanding
TTWO,2013-02-06,2013-02-01,91642586,dei:EntityCommonStockSharesOutstanding
TTWO,2013-05-14,2013-05-09,91870014,dei:EntityCommonStockSharesOutstanding
TTWO,2013-07-31,2013-07-26,92879333,dei:EntityCommonStockSharesOutstanding
TTWO,2013-10-30,2013-10-28,97101554,dei:EntityCommonStockSharesOutstanding
TTWO,2014-02-04,2014-01-31,98013610,dei:EntityCommonStockSharesOutstanding
TTWO,2014-05-14,2014-05-07,98970156,dei:EntityCommonStockSharesOutstanding
TTWO,2014-08-06,2014-08-01,83470429,dei:EntityCommonStockSharesOutstanding
TTWO,2014-10-30,2014-10-24,84123809,dei:EntityCommonStockSharesOutstanding
TTWO,2015-02-06,2015-02-02,84368648,dei:EntityCommonStockSharesOutstanding
TTWO,2015-05-22,2015-05-15,84609452,dei:EntityCommonStockSharesOutstanding
TTWO,2015-08-10,2015-08-05,85403489,dei:EntityCommonStockSharesOutstanding
TTWO,2015-11-06,2015-10-30,84622403,dei:EntityCommonStockSharesOutstanding
TTWO,2016-02-04,2016-01-29,84812555,dei:EntityCommonStockSharesOutstanding
TTWO,2016-05-19,2016-05-13,84834119,dei:EntityCommonStockSharesOutstanding
TTWO,2016-08-05,2016-07-29,86015312,dei:EntityCommonStockSharesOutstanding
TTWO,2016-11-03,2016-10-28,86560317,dei:EntityCommonStockSharesOutstanding
TTWO,2017-02-08,2017-01-31,101410198,dei:EntityCommonStockSharesOutstanding
TTWO,2017-05-24,2017-05-16,103836895,dei:EntityCommonStockSharesOutstanding
TTWO,2017-08-03,2017-07-31,106527814,dei:EntityCommonStockSharesOutstanding
TTWO,2017-11-08,2017-10-31,114053077,dei:EntityCommonStockSharesOutstanding
TTWO,2018-02-08,2018-01-31,114398287,dei:EntityCommonStockSharesOutstanding
TTWO,2018-05-17,2018-05-04,114379624,dei:EntityCommonStockSharesOutstanding
TTWO,2018-08-03,2018-07-25,113828217,dei:EntityCommonStockSharesOutstanding
TTWO,2018-11-08,2018-10-26,113872075,dei:EntityCommonStockSharesOutstanding
TTWO,2019-02-06,2019-01-25,113161938,dei:EntityCommonStockSharesOutstanding
TTWO,2019-05-14,2019-05-10,112541501,dei:EntityCommonStockSharesOutstanding
TTWO,2019-08-06,2019-07-24,113178103,dei:EntityCommonStockSharesOutstanding
TTWO,2019-11-08,2019-10-28,113346942,dei:EntityCommonStockSharesOutstanding
TTWO,2020-02-07,2020-01-27,113424323,dei:EntityCommonStockSharesOutstanding
TTWO,2020-05-22,2020-05-07,113942760,dei:EntityCommonStockSharesOutstanding
TTWO,2020-08-04,2020-07-23,114338838,dei:EntityCommonStockSharesOutstanding
TTWO,2020-11-06,2020-10-23,115021621,dei:EntityCommonStockSharesOutstanding
TTWO,2021-02-09,2021-01-28,115177650,dei:EntityCommonStockSharesOutstanding
TTWO,2021-05-19,2021-05-05,115656093,dei:EntityCommonStockSharesOutstanding
TTWO,2021-08-03,2021-07-22,116518331,dei:EntityCommonStockSharesOutstanding
TTWO,2021-11-04,2021-10-22,115299786,dei:EntityCommonStockSharesOutstanding
TTWO,2022-02-08,2022-01-26,115416162,dei:EntityCommonStockSharesOutstanding
TTWO,2022-05-17,2022-05-05,115808814,dei:EntityCommonStockSharesOutstanding
TTWO,2022-08-09,2022-07-29,166690699,dei:EntityCommonStockSharesOutstanding
TTWO,2022-11-08,2022-10-27,167819126,dei:EntityCommonStockSharesOutstanding
TTWO,2023-02-07,2023-01-26,168674529,dei:EntityCommonStockSharesOutstanding
TTWO,2023-05-26,2023-05-05,169333577,dei:EntityCommonStockSharesOutstanding
TTWO,2023-08-09,2023-07-27,169830769,dei:EntityCommonStockSharesOutstanding
TTWO,2023-11-09,2023-10-27,170067620,dei:EntityCommonStockSharesOutstanding
TTWO,2024-02-09,2024-01-29,170586411,dei:EntityCommonStockSharesOutstanding
TTWO,2024-05-22,2024-05-06,171385386,dei:EntityCommonStockSharesOutstanding
TTWO,2024-08-09,2024-07-29,175282774,dei:EntityCommonStockSharesOutstanding
TTWO,2024-11-07,2024-10-25,175627391,dei:EntityCommonStockSharesOutstanding
TTWO,2025-02-07,2025-01-27,176495706,dei:EntityCommonStockSharesOutstanding
TTWO,2025-05-20,2025-05-05,177424908,dei:EntityCommonStockSharesOutstanding
TTWO,2025-08-07,2025-07-28,184470212,dei:EntityCommonStockSharesOutstanding
TTWO,2025-11-07,2025-10-27,184778832,dei:EntityCommonStockSharesOutstanding
TTWO,2026-02-04,2026-01-26,185175456,dei:EntityCommonStockSharesOutstanding
TTWO,2026-05-22,2026-05-11,185666663,dei:EntityCommonStockSharesOutstanding
TXN,2009-07-29,2009-06-30,1261424435,dei:EntityCommonStockSharesOutstanding
TXN,2009-10-30,2009-09-30,1252873398,dei:EntityCommonStockSharesOutstanding
TXN,2010-02-23,2010-01-31,1241888536,dei:EntityCommonStockSharesOutstanding
TXN,2010-04-30,2010-03-31,1222226383,dei:EntityCommonStockSharesOutstanding
TXN,2010-07-30,2010-06-30,1195195435,dei:EntityCommonStockSharesOutstanding
TXN,2010-11-04,2010-09-30,1174157492,dei:EntityCommonStockSharesOutstanding
TXN,2011-02-25,2010-12-31,1172051474,dei:EntityCommonStockSharesOutstanding
TXN,2011-05-05,2011-03-31,1161168787,dei:EntityCommonStockSharesOutstanding
TXN,2011-08-05,2011-06-30,1155320663,dei:EntityCommonStockSharesOutstanding
TXN,2011-11-04,2011-09-30,1142649874,dei:EntityCommonStockSharesOutstanding
TXN,2012-02-24,2012-01-31,1144971512,dei:EntityCommonStockSharesOutstanding
TXN,2012-05-04,2012-03-31,1144353291,dei:EntityCommonStockSharesOutstanding
TXN,2012-08-03,2012-06-30,1137757862,dei:EntityCommonStockSharesOutstanding
TXN,2012-11-02,2012-09-30,1120802980,dei:EntityCommonStockSharesOutstanding
TXN,2013-02-22,2013-01-31,1104787389,dei:EntityCommonStockSharesOutstanding
TXN,2013-05-03,2013-03-31,1109154388,dei:EntityCommonStockSharesOutstanding
TXN,2013-08-02,2013-06-30,1101172804,dei:EntityCommonStockSharesOutstanding
TXN,2013-11-01,2013-09-30,1094563114,dei:EntityCommonStockSharesOutstanding
TXN,2014-02-24,2014-01-31,1084213991,dei:EntityCommonStockSharesOutstanding
TXN,2014-05-02,2014-03-31,1079351194,dei:EntityCommonStockSharesOutstanding
TXN,2014-07-31,2014-06-30,1067555579,dei:EntityCommonStockSharesOutstanding
TXN,2014-10-31,2014-09-30,1056299947,dei:EntityCommonStockSharesOutstanding
TXN,2015-02-24,2015-02-17,1047142301,dei:EntityCommonStockSharesOutstanding
TXN,2015-05-05,2015-04-29,1040363377,dei:EntityCommonStockSharesOutstanding
TXN,2015-08-04,2015-07-27,1026385794,dei:EntityCommonStockSharesOutstanding
TXN,2015-11-05,2015-10-28,1014412071,dei:EntityCommonStockSharesOutstanding
TXN,2016-02-24,2016-02-22,1005257723,dei:EntityCommonStockSharesOutstanding
TXN,2016-05-04,2016-04-27,1004226911,dei:EntityCommonStockSharesOutstanding
TXN,2016-08-04,2016-07-26,1003209756,dei:EntityCommonStockSharesOutstanding
TXN,2016-11-03,2016-10-26,999485728,dei:EntityCommonStockSharesOutstanding
TXN,2017-02-23,2017-02-21,999639733,dei:EntityCommonStockSharesOutstanding
TXN,2017-05-03,2017-04-25,996323814,dei:EntityCommonStockSharesOutstanding
TXN,2017-08-03,2017-07-25,990038629,dei:EntityCommonStockSharesOutstanding
TXN,2017-11-02,2017-10-24,985560591,dei:EntityCommonStockSharesOutstanding
TXN,2018-02-22,2018-02-20,983787502,dei:EntityCommonStockSharesOutstanding
TXN,2018-05-03,2018-04-24,978918151,dei:EntityCommonStockSharesOutstanding
TXN,2018-08-02,2018-07-24,972195072,dei:EntityCommonStockSharesOutstanding
TXN,2018-11-02,2018-10-23,960543238,dei:EntityCommonStockSharesOutstanding
TXN,2019-02-22,2019-02-18,938484603,dei:EntityCommonStockSharesOutstanding
TXN,2019-04-30,2019-04-23,938206171,dei:EntityCommonStockSharesOutstanding
TXN,2019-07-31,2019-07-24,933619937,dei:EntityCommonStockSharesOutstanding
TXN,2019-10-31,2019-10-25,934775441,dei:EntityCommonStockSharesOutstanding
TXN,2020-02-20,2020-02-14,933975619,dei:EntityCommonStockSharesOutstanding
TXN,2020-04-22,2020-04-14,917772641,dei:EntityCommonStockSharesOutstanding
TXN,2020-07-22,2020-07-14,915943779,dei:EntityCommonStockSharesOutstanding
TXN,2020-10-21,2020-10-13,917942130,dei:EntityCommonStockSharesOutstanding
TXN,2021-02-05,2021-01-27,920239191,dei:EntityCommonStockSharesOutstanding
TXN,2021-04-28,2021-04-20,923523523,dei:EntityCommonStockSharesOutstanding
TXN,2021-07-22,2021-07-14,923209971,dei:EntityCommonStockSharesOutstanding
TXN,2021-10-27,2021-10-19,923526047,dei:EntityCommonStockSharesOutstanding
TXN,2022-02-04,2022-01-25,923547062,dei:EntityCommonStockSharesOutstanding
TXN,2022-04-27,2022-04-19,922133845,dei:EntityCommonStockSharesOutstanding
TXN,2022-07-27,2022-07-19,913707365,dei:EntityCommonStockSharesOutstanding
TXN,2022-10-26,2022-10-18,907571712,dei:EntityCommonStockSharesOutstanding
TXN,2023-02-03,2023-01-24,906205795,dei:EntityCommonStockSharesOutstanding
TXN,2023-04-26,2023-04-18,907653862,dei:EntityCommonStockSharesOutstanding
TXN,2023-07-26,2023-07-18,907966327,dei:EntityCommonStockSharesOutstanding
TXN,2023-10-25,2023-10-17,908204093,dei:EntityCommonStockSharesOutstanding
TXN,2024-02-02,2024-01-23,909287673,dei:EntityCommonStockSharesOutstanding
TXN,2024-04-24,2024-04-16,910482146,dei:EntityCommonStockSharesOutstanding
TXN,2024-07-24,2024-07-16,913045963,dei:EntityCommonStockSharesOutstanding
TXN,2024-10-23,2024-10-15,912216614,dei:EntityCommonStockSharesOutstanding
TXN,2025-02-14,2025-01-28,910332971,dei:EntityCommonStockSharesOutstanding
TXN,2025-04-24,2025-04-15,908472079,dei:EntityCommonStockSharesOutstanding
TXN,2025-07-29,2025-07-22,909137169,dei:EntityCommonStockSharesOutstanding
TXN,2025-10-23,2025-10-14,908623020,dei:EntityCommonStockSharesOutstanding
TXN,2026-02-06,2026-01-27,907550774,dei:EntityCommonStockSharesOutstanding
TXN,2026-04-24,2026-04-15,910092791,dei:EntityCommonStockSharesOutstanding
UAL,2011-02-22,2011-02-15,328550825,dei:EntityCommonStockSharesOutstanding
UAL,2011-04-21,2011-04-15,330468892,dei:EntityCommonStockSharesOutstanding
UAL,2012-07-26,2012-07-15,332356058,dei:EntityCommonStockSharesOutstanding
UAL,2012-10-25,2012-10-15,332426868,dei:EntityCommonStockSharesOutstanding
UAL,2013-02-25,2013-01-31,332635139,dei:EntityCommonStockSharesOutstanding
UAL,2013-04-25,2013-04-15,333937517,dei:EntityCommonStockSharesOutstanding
UAL,2013-07-25,2013-07-15,355903723,dei:EntityCommonStockSharesOutstanding
UAL,2013-10-24,2013-10-15,361871592,dei:EntityCommonStockSharesOutstanding
UAL,2014-02-20,2014-02-14,371556314,dei:EntityCommonStockSharesOutstanding
UAL,2014-04-24,2014-04-14,373504409,dei:EntityCommonStockSharesOutstanding
UAL,2014-07-24,2014-07-14,373574562,dei:EntityCommonStockSharesOutstanding
UAL,2014-10-23,2014-10-15,369070761,dei:EntityCommonStockSharesOutstanding
UAL,2015-02-20,2015-02-10,384226369,dei:EntityCommonStockSharesOutstanding
UAL,2015-04-23,2015-04-13,382001450,dei:EntityCommonStockSharesOutstanding
UAL,2015-07-23,2015-07-14,377762286,dei:EntityCommonStockSharesOutstanding
UAL,2015-10-22,2015-10-13,372810266,dei:EntityCommonStockSharesOutstanding
UAL,2016-02-18,2016-02-09,359484808,dei:EntityCommonStockSharesOutstanding
UAL,2016-04-21,2016-04-11,336823228,dei:EntityCommonStockSharesOutstanding
UAL,2016-07-19,2016-07-12,322408298,dei:EntityCommonStockSharesOutstanding
UAL,2016-10-17,2016-10-11,317285583,dei:EntityCommonStockSharesOutstanding
UAL,2017-02-23,2017-02-13,314622651,dei:EntityCommonStockSharesOutstanding
UAL,2017-04-18,2017-04-12,309656006,dei:EntityCommonStockSharesOutstanding
UAL,2017-07-19,2017-07-12,304225391,dei:EntityCommonStockSharesOutstanding
UAL,2017-10-19,2017-10-12,296252435,dei:EntityCommonStockSharesOutstanding
UAL,2018-02-22,2018-02-14,284700547,dei:EntityCommonStockSharesOutstanding
UAL,2018-04-18,2018-04-12,277265493,dei:EntityCommonStockSharesOutstanding
UAL,2018-07-18,2018-07-13,272603972,dei:EntityCommonStockSharesOutstanding
UAL,2018-10-17,2018-10-12,272464412,dei:EntityCommonStockSharesOutstanding
UAL,2019-02-28,2019-02-22,266727577,dei:EntityCommonStockSharesOutstanding
UAL,2019-04-17,2019-04-12,263129397,dei:EntityCommonStockSharesOutstanding
UAL,2019-07-17,2019-07-12,256921469,dei:EntityCommonStockSharesOutstanding
UAL,2019-10-16,2019-10-11,253043650,dei:EntityCommonStockSharesOutstanding
UAL,2020-02-25,2020-02-18,247951116,dei:EntityCommonStockSharesOutstanding
UAL,2020-05-04,2020-04-30,290432163,dei:EntityCommonStockSharesOutstanding
UAL,2020-07-22,2020-07-17,290983657,dei:EntityCommonStockSharesOutstanding
UAL,2020-10-15,2020-10-12,290990973,dei:EntityCommonStockSharesOutstanding
UAL,2021-03-01,2021-02-24,318476280,dei:EntityCommonStockSharesOutstanding
UAL,2021-04-22,2021-04-20,323578254,dei:EntityCommonStockSharesOutstanding
UAL,2021-07-22,2021-07-14,323612861,dei:EntityCommonStockSharesOutstanding
UAL,2021-10-20,2021-10-14,323806517,dei:EntityCommonStockSharesOutstanding
UAL,2022-02-18,2022-02-10,324626332,dei:EntityCommonStockSharesOutstanding
UAL,2022-04-21,2022-04-14,326730982,dei:EntityCommonStockSharesOutstanding
UAL,2022-07-21,2022-07-14,326744698,dei:EntityCommonStockSharesOutstanding
UAL,2022-10-19,2022-10-13,326927831,dei:EntityCommonStockSharesOutstanding
UAL,2023-02-16,2023-02-09,327092997,dei:EntityCommonStockSharesOutstanding
UAL,2023-04-20,2023-04-13,327968872,dei:EntityCommonStockSharesOutstanding
UAL,2023-07-20,2023-07-13,327979705,dei:EntityCommonStockSharesOutstanding
UAL,2023-10-18,2023-10-12,328014680,dei:EntityCommonStockSharesOutstanding
UAL,2024-02-29,2024-02-22,328025881,dei:EntityCommonStockSharesOutstanding
UAL,2024-04-17,2024-04-11,328803431,dei:EntityCommonStockSharesOutstanding
UAL,2024-07-18,2024-07-11,328833907,dei:EntityCommonStockSharesOutstanding
UAL,2024-10-16,2024-10-10,328875900,dei:EntityCommonStockSharesOutstanding
UAL,2025-02-27,2025-02-24,327339564,dei:EntityCommonStockSharesOutstanding
UAL,2025-04-16,2025-04-10,326600570,dei:EntityCommonStockSharesOutstanding
UAL,2025-07-17,2025-07-10,323732094,dei:EntityCommonStockSharesOutstanding
UAL,2025-10-16,2025-10-09,323737989,dei:EntityCommonStockSharesOutstanding
UAL,2026-02-12,2026-02-05,323430419,dei:EntityCommonStockSharesOutstanding
UAL,2026-04-22,2026-04-16,324569728,dei:EntityCommonStockSharesOutstanding
ULTA,2011-06-07,2011-05-31,61197344,dei:EntityCommonStockSharesOutstanding
ULTA,2011-09-08,2011-09-01,61347990,dei:EntityCommonStockSharesOutstanding
ULTA,2011-12-01,2011-11-23,61890609,dei:EntityCommonStockSharesOutstanding
ULTA,2012-03-28,2012-03-22,62474444,dei:EntityCommonStockSharesOutstanding
ULTA,2012-06-05,2012-05-29,62942562,dei:EntityCommonStockSharesOutstanding
ULTA,2012-09-06,2012-08-29,63247830,dei:EntityCommonStockSharesOutstanding
ULTA,2012-11-29,2012-11-20,63773520,dei:EntityCommonStockSharesOutstanding
ULTA,2013-04-03,2013-03-28,63670003,dei:EntityCommonStockSharesOutstanding
ULTA,2013-06-11,2013-06-03,63766528,dei:EntityCommonStockSharesOutstanding
ULTA,2013-09-12,2013-09-04,63924139,dei:EntityCommonStockSharesOutstanding
ULTA,2013-12-05,2013-11-26,64232412,dei:EntityCommonStockSharesOutstanding
ULTA,2014-04-02,2014-03-27,64295291,dei:EntityCommonStockSharesOutstanding
ULTA,2014-06-10,2014-06-02,64324524,dei:EntityCommonStockSharesOutstanding
ULTA,2014-09-11,2014-09-03,64376784,dei:EntityCommonStockSharesOutstanding
ULTA,2014-12-04,2014-11-25,64365655,dei:EntityCommonStockSharesOutstanding
ULTA,2015-04-01,2015-03-26,64230316,dei:EntityCommonStockSharesOutstanding
ULTA,2015-06-04,2015-05-28,64232738,dei:EntityCommonStockSharesOutstanding
ULTA,2015-09-03,2015-08-27,63939120,dei:EntityCommonStockSharesOutstanding
ULTA,2015-12-03,2015-11-25,63699389,dei:EntityCommonStockSharesOutstanding
ULTA,2016-03-30,2016-03-24,62618206,dei:EntityCommonStockSharesOutstanding
ULTA,2016-06-02,2016-05-26,62454627,dei:EntityCommonStockSharesOutstanding
ULTA,2016-08-25,2016-08-22,62369759,dei:EntityCommonStockSharesOutstanding
ULTA,2016-12-01,2016-11-28,62232788,dei:EntityCommonStockSharesOutstanding
ULTA,2017-03-28,2017-03-23,62132265,dei:EntityCommonStockSharesOutstanding
ULTA,2017-06-01,2017-05-26,62032502,dei:EntityCommonStockSharesOutstanding
ULTA,2017-08-31,2017-08-28,61430613,dei:EntityCommonStockSharesOutstanding
ULTA,2017-11-30,2017-11-27,60992388,dei:EntityCommonStockSharesOutstanding
ULTA,2018-04-03,2018-03-29,60611334,dei:EntityCommonStockSharesOutstanding
ULTA,2018-06-01,2018-05-29,60179958,dei:EntityCommonStockSharesOutstanding
ULTA,2018-08-30,2018-08-28,59770399,dei:EntityCommonStockSharesOutstanding
ULTA,2018-12-06,2018-12-04,59312145,dei:EntityCommonStockSharesOutstanding
ULTA,2019-04-02,2019-03-28,58803744,dei:EntityCommonStockSharesOutstanding
ULTA,2019-05-30,2019-05-24,58457743,dei:EntityCommonStockSharesOutstanding
ULTA,2019-08-29,2019-08-26,58848950,dei:EntityCommonStockSharesOutstanding
ULTA,2019-12-05,2019-12-02,57161342,dei:EntityCommonStockSharesOutstanding
ULTA,2020-03-27,2020-03-23,56309476,dei:EntityCommonStockSharesOutstanding
ULTA,2020-05-28,2020-05-22,56311711,dei:EntityCommonStockSharesOutstanding
ULTA,2020-08-27,2020-08-24,56323104,dei:EntityCommonStockSharesOutstanding
ULTA,2020-12-03,2020-11-30,56338639,dei:EntityCommonStockSharesOutstanding
ULTA,2021-03-26,2021-03-22,56205592,dei:EntityCommonStockSharesOutstanding
ULTA,2021-05-27,2021-05-21,54757556,dei:EntityCommonStockSharesOutstanding
ULTA,2021-08-25,2021-08-23,54357566,dei:EntityCommonStockSharesOutstanding
ULTA,2021-12-02,2021-11-29,54120173,dei:EntityCommonStockSharesOutstanding
ULTA,2022-03-25,2022-03-21,52327263,dei:EntityCommonStockSharesOutstanding
ULTA,2022-05-26,2022-05-23,51818071,dei:EntityCommonStockSharesOutstanding
ULTA,2022-08-25,2022-08-22,51221498,dei:EntityCommonStockSharesOutstanding
ULTA,2022-12-01,2022-11-28,50880771,dei:EntityCommonStockSharesOutstanding
ULTA,2023-03-24,2023-03-20,50195089,dei:EntityCommonStockSharesOutstanding
ULTA,2023-05-25,2023-05-22,49801592,dei:EntityCommonStockSharesOutstanding
ULTA,2023-08-24,2023-08-21,49228649,dei:EntityCommonStockSharesOutstanding
ULTA,2023-11-30,2023-11-27,48561517,dei:EntityCommonStockSharesOutstanding
ULTA,2024-03-26,2024-03-22,48268744,dei:EntityCommonStockSharesOutstanding
ULTA,2024-05-30,2024-05-24,47716365,dei:EntityCommonStockSharesOutstanding
ULTA,2024-08-29,2024-08-26,47114727,dei:EntityCommonStockSharesOutstanding
ULTA,2024-12-05,2024-12-02,46372538,dei:EntityCommonStockSharesOutstanding
ULTA,2025-03-27,2025-03-25,45309488,dei:EntityCommonStockSharesOutstanding
ULTA,2025-05-29,2025-05-23,44945605,dei:EntityCommonStockSharesOutstanding
ULTA,2025-08-28,2025-08-25,44838364,dei:EntityCommonStockSharesOutstanding
ULTA,2025-12-04,2025-12-01,44362172,dei:EntityCommonStockSharesOutstanding
ULTA,2026-03-26,2026-03-23,43736630,dei:EntityCommonStockSharesOutstanding
ULTA,2026-06-02,2026-05-28,42989311,dei:EntityCommonStockSharesOutstanding
VIAB,2009-07-28,2009-06-30,607300000,dei:EntityCommonStockSharesOutstanding
VIAB,2009-11-03,2009-09-30,607400000000000,dei:EntityCommonStockSharesOutstanding
VIAB,2010-02-11,2009-12-31,607400000,dei:EntityCommonStockSharesOutstanding
VIAB,2010-04-29,2010-03-31,607377009000000,dei:EntityCommonStockSharesOutstanding
VIP,2018-03-15,2017-12-31,1756731135,dei:EntityCommonStockSharesOutstanding
VIP,2019-03-14,2018-12-31,1756731135,dei:EntityCommonStockSharesOutstanding
VIP,2020-03-13,2019-12-31,1756731135,dei:EntityCommonStockSharesOutstanding
VIP,2021-03-15,2020-12-31,1756731135,dei:EntityCommonStockSharesOutstanding
VIP,2022-04-29,2021-12-31,1756731135,dei:EntityCommonStockSharesOutstanding
VIP,2023-07-24,2022-12-31,1756731135,dei:EntityCommonStockSharesOutstanding
VIP,2024-10-17,2023-12-31,1756731135,dei:EntityCommonStockSharesOutstanding
VIP,2025-04-25,2024-12-31,1849190667,dei:EntityCommonStockSharesOutstanding
VIP,2026-03-16,2025-12-31,1849190667,dei:EntityCommonStockSharesOutstanding
VOD,2018-06-08,2018-04-30,26676624411,dei:EntityCommonStockSharesOutstanding
VOD,2019-06-07,2019-04-30,27230375568,dei:EntityCommonStockSharesOutstanding
VOD,2020-07-02,2020-03-31,27230375568,dei:EntityCommonStockSharesOutstanding
VOD,2021-06-23,2021-03-31,28816835778,dei:EntityCommonStockSharesOutstanding
VRSK,2012-05-01,2012-04-27,0,dei:EntityCommonStockSharesOutstanding
VRSK,2012-07-31,2012-07-27,165833557,dei:EntityCommonStockSharesOutstanding
VRSK,2012-10-30,2012-10-26,166798524,dei:EntityCommonStockSharesOutstanding
VRSK,2013-02-26,2013-02-21,168141650,dei:EntityCommonStockSharesOutstanding
VRSK,2013-04-30,2013-04-25,168395302,dei:EntityCommonStockSharesOutstanding
VRSK,2013-07-30,2013-07-26,167915445,dei:EntityCommonStockSharesOutstanding
VRSK,2013-11-05,2013-11-01,168231917,dei:EntityCommonStockSharesOutstanding
VRSK,2014-02-25,2014-02-21,166835574,dei:EntityCommonStockSharesOutstanding
VRSK,2014-04-29,2014-04-25,166392110,dei:EntityCommonStockSharesOutstanding
VRSK,2014-07-29,2014-07-25,166475134,dei:EntityCommonStockSharesOutstanding
VRSK,2014-10-28,2014-10-24,164920261,dei:EntityCommonStockSharesOutstanding
VRSK,2015-02-24,2015-02-20,158108455,dei:EntityCommonStockSharesOutstanding
VRSK,2015-04-28,2015-04-24,158465895,dei:EntityCommonStockSharesOutstanding
VRSK,2015-07-28,2015-07-24,168486740,dei:EntityCommonStockSharesOutstanding
VRSK,2015-10-27,2015-10-23,169428352,dei:EntityCommonStockSharesOutstanding
VRSK,2016-02-24,2016-02-19,168034463,dei:EntityCommonStockSharesOutstanding
VRSK,2016-05-03,2016-04-29,168166371,dei:EntityCommonStockSharesOutstanding
VRSK,2016-08-02,2016-07-29,168970219,dei:EntityCommonStockSharesOutstanding
VRSK,2016-11-01,2016-10-28,167450965,dei:EntityCommonStockSharesOutstanding
VRSK,2017-02-21,2017-02-17,166341316,dei:EntityCommonStockSharesOutstanding
VRSK,2017-05-02,2017-04-28,165339952,dei:EntityCommonStockSharesOutstanding
VRSK,2017-08-01,2017-07-28,164555818,dei:EntityCommonStockSharesOutstanding
VRSK,2017-10-31,2017-10-27,164691912,dei:EntityCommonStockSharesOutstanding
VRSK,2018-02-20,2018-02-16,165020572,dei:EntityCommonStockSharesOutstanding
VRSK,2018-05-01,2018-04-27,165259198,dei:EntityCommonStockSharesOutstanding
VRSK,2018-07-31,2018-07-27,164708411,dei:EntityCommonStockSharesOutstanding
VRSK,2018-10-30,2018-10-26,164620141,dei:EntityCommonStockSharesOutstanding
VRSK,2019-02-19,2019-02-15,163509530,dei:EntityCommonStockSharesOutstanding
VRSK,2019-04-30,2019-04-26,163665652,dei:EntityCommonStockSharesOutstanding
VRSK,2019-07-30,2019-07-26,163506061,dei:EntityCommonStockSharesOutstanding
VRSK,2019-10-30,2019-10-25,163869831,dei:EntityCommonStockSharesOutstanding
VRSK,2020-02-18,2020-02-14,163075947,dei:EntityCommonStockSharesOutstanding
VRSK,2020-05-05,2020-05-01,162259111,dei:EntityCommonStockSharesOutstanding
VRSK,2020-08-04,2020-07-31,162385909,dei:EntityCommonStockSharesOutstanding
VRSK,2020-11-04,2020-10-30,162589797,dei:EntityCommonStockSharesOutstanding
VRSK,2021-02-23,2021-02-19,162791583,dei:EntityCommonStockSharesOutstanding
VRSK,2021-05-04,2021-04-30,162091206,dei:EntityCommonStockSharesOutstanding
VRSK,2021-08-03,2021-07-30,161350469,dei:EntityCommonStockSharesOutstanding
VRSK,2021-11-02,2021-10-29,161161375,dei:EntityCommonStockSharesOutstanding
VRSK,2022-02-22,2022-02-18,161282942,dei:EntityCommonStockSharesOutstanding
VRSK,2022-05-03,2022-04-29,157901992,dei:EntityCommonStockSharesOutstanding
VRSK,2022-08-02,2022-07-29,156959955,dei:EntityCommonStockSharesOutstanding
VRSK,2022-11-01,2022-10-28,156387950,dei:EntityCommonStockSharesOutstanding
VRSK,2023-02-28,2023-02-24,154695842,dei:EntityCommonStockSharesOutstanding
VRSK,2023-05-03,2023-04-28,144791178,dei:EntityCommonStockSharesOutstanding
VRSK,2023-08-02,2023-07-28,145027078,dei:EntityCommonStockSharesOutstanding
VRSK,2023-11-01,2023-10-27,144986558,dei:EntityCommonStockSharesOutstanding
VRSK,2024-02-21,2024-02-16,143389884,dei:EntityCommonStockSharesOutstanding
VRSK,2024-05-01,2024-04-26,142675237,dei:EntityCommonStockSharesOutstanding
VRSK,2024-07-31,2024-07-26,142423816,dei:EntityCommonStockSharesOutstanding
VRSK,2024-10-30,2024-10-25,141210634,dei:EntityCommonStockSharesOutstanding
VRSK,2025-02-26,2025-02-21,140276165,dei:EntityCommonStockSharesOutstanding
VRSK,2025-05-07,2025-05-02,139884077,dei:EntityCommonStockSharesOutstanding
VRSK,2025-07-30,2025-07-25,139714971,dei:EntityCommonStockSharesOutstanding
VRSK,2025-10-29,2025-10-24,139372570,dei:EntityCommonStockSharesOutstanding
VRSK,2026-02-18,2026-02-13,137941888,dei:EntityCommonStockSharesOutstanding
VRSK,2026-04-29,2026-04-24,131021840,dei:EntityCommonStockSharesOutstanding
VRSN,2009-08-06,2009-07-31,192868550,dei:EntityCommonStockSharesOutstanding
VRSN,2009-11-06,2009-10-31,192345267,dei:EntityCommonStockSharesOutstanding
VRSN,2010-02-26,2010-02-17,183448405,dei:EntityCommonStockSharesOutstanding
VRSN,2010-04-28,2010-04-23,182497307,dei:EntityCommonStockSharesOutstanding
VRSN,2010-08-03,2010-07-30,174131605,dei:EntityCommonStockSharesOutstanding
VRSN,2010-10-29,2010-10-25,171987671,dei:EntityCommonStockSharesOutstanding
VRSN,2011-02-24,2011-02-18,173450710,dei:EntityCommonStockSharesOutstanding
VRSN,2011-04-29,2011-04-22,168471815,dei:EntityCommonStockSharesOutstanding
VRSN,2011-07-29,2011-07-22,166399334,dei:EntityCommonStockSharesOutstanding
VRSN,2011-10-28,2011-10-21,159066793,dei:EntityCommonStockSharesOutstanding
VRSN,2012-02-24,2012-02-17,159518978,dei:EntityCommonStockSharesOutstanding
VRSN,2012-04-27,2012-04-20,157987693,dei:EntityCommonStockSharesOutstanding
VRSN,2012-07-27,2012-07-20,156394428,dei:EntityCommonStockSharesOutstanding
VRSN,2012-10-25,2012-10-19,155256629,dei:EntityCommonStockSharesOutstanding
VRSN,2013-02-28,2013-02-22,152561275,dei:EntityCommonStockSharesOutstanding
VRSN,2013-04-25,2013-04-19,150744698,dei:EntityCommonStockSharesOutstanding
VRSN,2013-07-25,2013-07-19,143580826,dei:EntityCommonStockSharesOutstanding
VRSN,2013-10-24,2013-10-18,137052343,dei:EntityCommonStockSharesOutstanding
VRSN,2014-02-21,2014-02-14,133662937,dei:EntityCommonStockSharesOutstanding
VRSN,2014-04-24,2014-04-18,131449939,dei:EntityCommonStockSharesOutstanding
VRSN,2014-07-24,2014-07-18,125020600,dei:EntityCommonStockSharesOutstanding
VRSN,2014-10-23,2014-10-17,121090105,dei:EntityCommonStockSharesOutstanding
VRSN,2015-02-13,2015-02-06,116884257,dei:EntityCommonStockSharesOutstanding
VRSN,2015-04-23,2015-04-17,116434450,dei:EntityCommonStockSharesOutstanding
VRSN,2015-07-23,2015-07-17,113492925,dei:EntityCommonStockSharesOutstanding
VRSN,2015-10-22,2015-10-16,111507162,dei:EntityCommonStockSharesOutstanding
VRSN,2016-02-19,2016-02-12,109468547,dei:EntityCommonStockSharesOutstanding
VRSN,2016-04-28,2016-04-22,108475524,dei:EntityCommonStockSharesOutstanding
VRSN,2016-07-28,2016-07-22,106766527,dei:EntityCommonStockSharesOutstanding
VRSN,2016-10-27,2016-10-21,104574465,dei:EntityCommonStockSharesOutstanding
VRSN,2017-02-17,2017-02-10,102328550,dei:EntityCommonStockSharesOutstanding
VRSN,2017-04-27,2017-04-21,101475614,dei:EntityCommonStockSharesOutstanding
VRSN,2017-07-27,2017-07-21,99920686,dei:EntityCommonStockSharesOutstanding
VRSN,2017-10-26,2017-10-20,98570102,dei:EntityCommonStockSharesOutstanding
VRSN,2018-02-16,2018-02-09,97120531,dei:EntityCommonStockSharesOutstanding
VRSN,2018-04-26,2018-04-20,97005831,dei:EntityCommonStockSharesOutstanding
VRSN,2018-07-26,2018-07-20,121918584,dei:EntityCommonStockSharesOutstanding
VRSN,2018-10-25,2018-10-19,120888417,dei:EntityCommonStockSharesOutstanding
VRSN,2019-02-15,2019-02-08,119714949,dei:EntityCommonStockSharesOutstanding
VRSN,2019-04-25,2019-04-19,119183359,dei:EntityCommonStockSharesOutstanding
VRSN,2019-07-25,2019-07-19,118371848,dei:EntityCommonStockSharesOutstanding
VRSN,2019-10-24,2019-10-18,117409010,dei:EntityCommonStockSharesOutstanding
VRSN,2020-02-14,2020-02-07,116417738,dei:EntityCommonStockSharesOutstanding
VRSN,2020-04-23,2020-04-17,115539476,dei:EntityCommonStockSharesOutstanding
VRSN,2020-07-23,2020-07-17,114853683,dei:EntityCommonStockSharesOutstanding
VRSN,2020-10-22,2020-10-16,114109868,dei:EntityCommonStockSharesOutstanding
VRSN,2021-02-19,2021-02-12,113094561,dei:EntityCommonStockSharesOutstanding
VRSN,2021-04-22,2021-04-16,112618804,dei:EntityCommonStockSharesOutstanding
VRSN,2021-07-22,2021-07-16,111874436,dei:EntityCommonStockSharesOutstanding
VRSN,2021-10-28,2021-10-22,111078436,dei:EntityCommonStockSharesOutstanding
VRSN,2022-02-18,2022-02-11,110167438,dei:EntityCommonStockSharesOutstanding
VRSN,2022-04-28,2022-04-22,109544796,dei:EntityCommonStockSharesOutstanding
VRSN,2022-07-28,2022-07-22,107283245,dei:EntityCommonStockSharesOutstanding
VRSN,2022-10-27,2022-10-21,106016456,dei:EntityCommonStockSharesOutstanding
VRSN,2023-02-17,2023-02-10,104879307,dei:EntityCommonStockSharesOutstanding
VRSN,2023-04-27,2023-04-21,104096418,dei:EntityCommonStockSharesOutstanding
VRSN,2023-07-27,2023-07-21,103133765,dei:EntityCommonStockSharesOutstanding
VRSN,2023-10-26,2023-10-20,102100000,dei:EntityCommonStockSharesOutstanding
VRSN,2024-02-15,2024-02-09,100900000,dei:EntityCommonStockSharesOutstanding
VRSN,2024-04-25,2024-04-19,99600000,dei:EntityCommonStockSharesOutstanding
VRSN,2024-07-25,2024-07-19,97600000,dei:EntityCommonStockSharesOutstanding
VRSN,2024-10-24,2024-10-18,96100000,dei:EntityCommonStockSharesOutstanding
VRSN,2025-02-13,2025-02-07,94600000,dei:EntityCommonStockSharesOutstanding
VRSN,2025-04-24,2025-04-18,93900000,dei:EntityCommonStockSharesOutstanding
VRSN,2025-07-24,2025-07-18,93400000,dei:EntityCommonStockSharesOutstanding
VRSN,2025-10-23,2025-10-17,92700000,dei:EntityCommonStockSharesOutstanding
VRSN,2026-02-05,2026-01-30,91700000,dei:EntityCommonStockSharesOutstanding
VRSN,2026-04-23,2026-04-17,91000000,dei:EntityCommonStockSharesOutstanding
VRTX,2010-05-03,2010-04-22,202202912,dei:EntityCommonStockSharesOutstanding
VRTX,2010-08-03,2010-07-29,202831612,dei:EntityCommonStockSharesOutstanding
VRTX,2010-10-28,2010-10-21,203194222,dei:EntityCommonStockSharesOutstanding
VRTX,2011-02-17,2011-02-09,204412712,dei:EntityCommonStockSharesOutstanding
VRTX,2011-05-06,2011-04-28,205997844,dei:EntityCommonStockSharesOutstanding
VRTX,2011-08-09,2011-07-29,208087899,dei:EntityCommonStockSharesOutstanding
VRTX,2011-11-03,2011-10-28,208566194,dei:EntityCommonStockSharesOutstanding
VRTX,2012-02-22,2012-02-08,210335993,dei:EntityCommonStockSharesOutstanding
VRTX,2012-05-10,2012-04-27,211061148,dei:EntityCommonStockSharesOutstanding
VRTX,2012-08-08,2012-07-27,215807482,dei:EntityCommonStockSharesOutstanding
VRTX,2012-11-06,2012-10-26,216827066,dei:EntityCommonStockSharesOutstanding
VRTX,2013-03-01,2013-02-15,218188628,dei:EntityCommonStockSharesOutstanding
VRTX,2013-05-08,2013-04-26,221400864,dei:EntityCommonStockSharesOutstanding
VRTX,2013-08-02,2013-07-26,232812301,dei:EntityCommonStockSharesOutstanding
VRTX,2013-11-07,2013-10-31,233756871,dei:EntityCommonStockSharesOutstanding
VRTX,2014-02-11,2014-02-05,235771942,dei:EntityCommonStockSharesOutstanding
VRTX,2014-05-05,2014-04-25,236194337,dei:EntityCommonStockSharesOutstanding
VRTX,2014-07-31,2014-07-25,238081533,dei:EntityCommonStockSharesOutstanding
VRTX,2014-11-06,2014-10-31,240521809,dei:EntityCommonStockSharesOutstanding
VRTX,2015-02-13,2015-01-31,242088884,dei:EntityCommonStockSharesOutstanding
VRTX,2015-05-04,2015-04-24,243752247,dei:EntityCommonStockSharesOutstanding
VRTX,2015-08-04,2015-07-24,244655527,dei:EntityCommonStockSharesOutstanding
VRTX,2015-10-30,2015-10-23,245717286,dei:EntityCommonStockSharesOutstanding
VRTX,2016-02-16,2016-01-31,246391955,dei:EntityCommonStockSharesOutstanding
VRTX,2016-05-03,2016-04-20,247349864,dei:EntityCommonStockSharesOutstanding
VRTX,2016-08-01,2016-07-22,247778698,dei:EntityCommonStockSharesOutstanding
VRTX,2016-10-31,2016-10-21,248033389,dei:EntityCommonStockSharesOutstanding
VRTX,2017-02-23,2017-02-10,248438127,dei:EntityCommonStockSharesOutstanding
VRTX,2017-04-28,2017-04-21,249068782,dei:EntityCommonStockSharesOutstanding
VRTX,2017-07-28,2017-07-21,252118869,dei:EntityCommonStockSharesOutstanding
VRTX,2017-10-30,2017-10-20,252902848,dei:EntityCommonStockSharesOutstanding
VRTX,2018-02-15,2018-01-31,253891984,dei:EntityCommonStockSharesOutstanding
VRTX,2018-04-27,2018-04-20,254830232,dei:EntityCommonStockSharesOutstanding
VRTX,2018-07-26,2018-07-20,255559939,dei:EntityCommonStockSharesOutstanding
VRTX,2018-10-25,2018-10-19,255558035,dei:EntityCommonStockSharesOutstanding
VRTX,2019-02-13,2019-01-31,255656889,dei:EntityCommonStockSharesOutstanding
VRTX,2019-05-01,2019-04-24,256121360,dei:EntityCommonStockSharesOutstanding
VRTX,2019-08-01,2019-07-26,257035443,dei:EntityCommonStockSharesOutstanding
VRTX,2019-10-31,2019-10-18,257149588,dei:EntityCommonStockSharesOutstanding
VRTX,2020-02-13,2020-01-31,259268593,dei:EntityCommonStockSharesOutstanding
VRTX,2020-05-01,2020-04-24,259276709,dei:EntityCommonStockSharesOutstanding
VRTX,2020-07-31,2020-07-23,260467334,dei:EntityCommonStockSharesOutstanding
VRTX,2020-10-30,2020-10-23,260037894,dei:EntityCommonStockSharesOutstanding
VRTX,2021-02-11,2021-01-31,259960062,dei:EntityCommonStockSharesOutstanding
VRTX,2021-04-30,2021-04-22,258865671,dei:EntityCommonStockSharesOutstanding
VRTX,2021-07-30,2021-07-23,259428394,dei:EntityCommonStockSharesOutstanding
VRTX,2021-11-03,2021-10-29,254251938,dei:EntityCommonStockSharesOutstanding
VRTX,2022-02-09,2022-01-31,254576691,dei:EntityCommonStockSharesOutstanding
VRTX,2022-05-06,2022-04-29,255755961,dei:EntityCommonStockSharesOutstanding
VRTX,2022-08-05,2022-07-29,256459482,dei:EntityCommonStockSharesOutstanding
VRTX,2022-10-28,2022-10-21,256691452,dei:EntityCommonStockSharesOutstanding
VRTX,2023-02-10,2023-01-31,257091441,dei:EntityCommonStockSharesOutstanding
VRTX,2023-05-02,2023-04-25,257551600,dei:EntityCommonStockSharesOutstanding
VRTX,2023-08-02,2023-07-31,258094815,dei:EntityCommonStockSharesOutstanding
VRTX,2023-11-07,2023-10-31,257683184,dei:EntityCommonStockSharesOutstanding
VRTX,2024-02-15,2024-02-09,258307816,dei:EntityCommonStockSharesOutstanding
VRTX,2024-05-07,2024-04-30,258053387,dei:EntityCommonStockSharesOutstanding
VRTX,2024-08-02,2024-07-31,258102203,dei:EntityCommonStockSharesOutstanding
VRTX,2024-11-05,2024-10-31,257529290,dei:EntityCommonStockSharesOutstanding
VRTX,2025-02-13,2025-02-07,256789869,dei:EntityCommonStockSharesOutstanding
VRTX,2025-05-06,2025-04-30,256797187,dei:EntityCommonStockSharesOutstanding
VRTX,2025-08-05,2025-07-31,256390651,dei:EntityCommonStockSharesOutstanding
VRTX,2025-11-04,2025-10-31,253718831,dei:EntityCommonStockSharesOutstanding
VRTX,2026-02-13,2026-02-06,254034190,dei:EntityCommonStockSharesOutstanding
VRTX,2026-05-05,2026-04-30,253805417,dei:EntityCommonStockSharesOutstanding
WBA,2014-12-30,2014-11-30,100,dei:EntityCommonStockSharesOutstanding
WBA,2015-04-09,2015-03-31,1090756509,dei:EntityCommonStockSharesOutstanding
WBA,2015-07-09,2015-06-30,1092282712,dei:EntityCommonStockSharesOutstanding
WBA,2015-10-28,2015-09-30,1088793571,dei:EntityCommonStockSharesOutstanding
WBA,2016-01-07,2015-12-31,1078746871,dei:EntityCommonStockSharesOutstanding
WBA,2016-04-05,2016-03-31,1080245720,dei:EntityCommonStockSharesOutstanding
WBA,2016-07-06,2016-06-30,1082317487,dei:EntityCommonStockSharesOutstanding
WBA,2016-10-20,2016-09-30,1083282661,dei:EntityCommonStockSharesOutstanding
WBA,2017-01-05,2016-12-31,1079409628,dei:EntityCommonStockSharesOutstanding
WBA,2017-04-05,2017-03-31,1080950894,dei:EntityCommonStockSharesOutstanding
WBA,2017-06-29,2017-05-31,1070096486,dei:EntityCommonStockSharesOutstanding
WBA,2017-10-25,2017-09-30,1083282661,dei:EntityCommonStockSharesOutstanding
WBA,2018-01-04,2017-12-31,990668837,dei:EntityCommonStockSharesOutstanding
WBA,2018-03-28,2018-02-28,991665577,dei:EntityCommonStockSharesOutstanding
WBA,2018-06-28,2018-05-31,992411822,dei:EntityCommonStockSharesOutstanding
WBA,2018-10-11,2018-09-30,949164514,dei:EntityCommonStockSharesOutstanding
WBA,2018-12-20,2018-11-30,943444736,dei:EntityCommonStockSharesOutstanding
WBA,2019-04-02,2019-03-31,914298978,dei:EntityCommonStockSharesOutstanding
WBA,2019-06-27,2019-05-31,903143463,dei:EntityCommonStockSharesOutstanding
WBA,2019-10-28,2019-09-30,892541146,dei:EntityCommonStockSharesOutstanding
WBA,2020-01-08,2019-12-31,885861624,dei:EntityCommonStockSharesOutstanding
WBA,2020-04-02,2020-03-31,877220195,dei:EntityCommonStockSharesOutstanding
WBA,2020-07-09,2020-06-30,866534089,dei:EntityCommonStockSharesOutstanding
WBA,2020-10-15,2020-09-30,865915666,dei:EntityCommonStockSharesOutstanding
WBA,2021-01-07,2020-12-31,864041635,dei:EntityCommonStockSharesOutstanding
WBA,2021-03-31,2021-02-28,864394418,dei:EntityCommonStockSharesOutstanding
WBA,2021-07-01,2021-06-30,864987306,dei:EntityCommonStockSharesOutstanding
WBA,2021-10-14,2021-09-30,865612358,dei:EntityCommonStockSharesOutstanding
WBA,2022-01-06,2021-12-31,863272027,dei:EntityCommonStockSharesOutstanding
WBA,2022-03-31,2022-02-28,863773464,dei:EntityCommonStockSharesOutstanding
WBA,2022-06-30,2022-05-31,864256651,dei:EntityCommonStockSharesOutstanding
WBA,2022-10-13,2022-09-30,864813091,dei:EntityCommonStockSharesOutstanding
WBA,2022-11-23,2022-08-31,864813091,dei:EntityCommonStockSharesOutstanding
WBA,2023-01-05,2022-12-30,862503554,dei:EntityCommonStockSharesOutstanding
WBA,2023-03-28,2023-02-28,862795720,dei:EntityCommonStockSharesOutstanding
WBA,2023-06-27,2023-05-31,863261413,dei:EntityCommonStockSharesOutstanding
WBA,2023-10-12,2023-09-29,863914593,dei:EntityCommonStockSharesOutstanding
WBA,2024-01-04,2023-12-29,862375527,dei:EntityCommonStockSharesOutstanding
WBA,2024-03-28,2024-02-29,862713366,dei:EntityCommonStockSharesOutstanding
WBA,2024-06-27,2024-05-31,863275037,dei:EntityCommonStockSharesOutstanding
WBA,2024-10-15,2024-10-08,864617130,dei:EntityCommonStockSharesOutstanding
WBA,2025-01-10,2025-01-03,864153468,dei:EntityCommonStockSharesOutstanding
WBA,2025-04-08,2025-04-01,864737898,dei:EntityCommonStockSharesOutstanding
WBA,2025-06-26,2025-06-19,865560675,dei:EntityCommonStockSharesOutstanding
WBD,2010-02-22,2010-02-11,135226377,dei:EntityCommonStockSharesOutstanding
WBD,2022-04-26,2022-04-18,2426844405,dei:EntityCommonStockSharesOutstanding
WBD,2022-08-05,2022-07-21,2427592861,dei:EntityCommonStockSharesOutstanding
WBD,2022-11-04,2022-10-21,2428396015,dei:EntityCommonStockSharesOutstanding
WBD,2023-02-24,2023-02-09,2430029982,dei:EntityCommonStockSharesOutstanding
WBD,2023-05-05,2023-04-21,2436107460,dei:EntityCommonStockSharesOutstanding
WBD,2023-08-03,2023-07-21,2437384400,dei:EntityCommonStockSharesOutstanding
WBD,2023-11-08,2023-10-25,2438565638,dei:EntityCommonStockSharesOutstanding
WBD,2024-02-23,2024-02-08,2439687237,dei:EntityCommonStockSharesOutstanding
WBD,2024-05-09,2024-04-25,2450313398,dei:EntityCommonStockSharesOutstanding
WBD,2024-08-07,2024-07-24,2451908345,dei:EntityCommonStockSharesOutstanding
WBD,2024-11-07,2024-10-24,2453165097,dei:EntityCommonStockSharesOutstanding
WBD,2025-02-27,2025-02-13,2454764337,dei:EntityCommonStockSharesOutstanding
WBD,2025-05-08,2025-04-25,2474075003,dei:EntityCommonStockSharesOutstanding
WBD,2025-08-07,2025-07-25,2475772282,dei:EntityCommonStockSharesOutstanding
WBD,2025-11-06,2025-10-23,2477974509,dei:EntityCommonStockSharesOutstanding
WBD,2026-02-27,2026-02-12,2479929515,dei:EntityCommonStockSharesOutstanding
WBD,2026-05-06,2026-04-23,2507136702,dei:EntityCommonStockSharesOutstanding
WDAY,2012-12-07,2012-11-30,166000000,dei:EntityCommonStockSharesOutstanding
WDAY,2013-03-22,2013-02-28,166000000,dei:EntityCommonStockSharesOutstanding
WDAY,2013-06-05,2013-05-31,173000000,dei:EntityCommonStockSharesOutstanding
WDAY,2013-09-06,2013-08-31,174000000,dei:EntityCommonStockSharesOutstanding
WDAY,2013-12-02,2013-10-31,175000000,dei:EntityCommonStockSharesOutstanding
WDAY,2014-03-31,2014-02-28,184000000,dei:EntityCommonStockSharesOutstanding
WDAY,2014-06-06,2014-05-31,185000000,dei:EntityCommonStockSharesOutstanding
WDAY,2014-09-02,2014-08-15,186000000,dei:EntityCommonStockSharesOutstanding
WDAY,2014-12-05,2014-11-30,187000000,dei:EntityCommonStockSharesOutstanding
WDAY,2015-03-25,2015-02-28,189000000,dei:EntityCommonStockSharesOutstanding
WDAY,2015-06-05,2015-05-31,191000000,dei:EntityCommonStockSharesOutstanding
WDAY,2015-09-04,2015-08-31,192000000,dei:EntityCommonStockSharesOutstanding
WDAY,2015-12-04,2015-11-30,194000000,dei:EntityCommonStockSharesOutstanding
WDAY,2016-03-22,2016-02-29,195000000,dei:EntityCommonStockSharesOutstanding
WDAY,2016-06-01,2016-05-31,197000000,dei:EntityCommonStockSharesOutstanding
WDAY,2016-09-02,2016-08-31,200000000,dei:EntityCommonStockSharesOutstanding
WDAY,2016-12-02,2016-11-30,201000000,dei:EntityCommonStockSharesOutstanding
WDAY,2017-03-20,2017-02-28,203000000,dei:EntityCommonStockSharesOutstanding
WDAY,2017-06-02,2017-05-31,207000000,dei:EntityCommonStockSharesOutstanding
WDAY,2017-08-31,2017-07-31,208000000,dei:EntityCommonStockSharesOutstanding
WDAY,2017-11-30,2017-10-31,210000000,dei:EntityCommonStockSharesOutstanding
WDAY,2018-03-14,2018-02-28,212000000,dei:EntityCommonStockSharesOutstanding
WDAY,2018-06-01,2018-05-31,216000000,dei:EntityCommonStockSharesOutstanding
WDAY,2018-09-05,2018-08-31,217000000,dei:EntityCommonStockSharesOutstanding
WDAY,2018-12-03,2018-11-30,220000000,dei:EntityCommonStockSharesOutstanding
WDC,2009-10-29,2009-10-22,225383848,dei:EntityCommonStockSharesOutstanding
WDC,2010-01-29,2010-01-22,228641577,dei:EntityCommonStockSharesOutstanding
WDC,2010-04-30,2010-04-23,229174706,dei:EntityCommonStockSharesOutstanding
WDC,2010-08-13,2010-08-04,229321305,dei:EntityCommonStockSharesOutstanding
WDC,2010-10-29,2010-10-20,229799512,dei:EntityCommonStockSharesOutstanding
WDC,2011-01-28,2011-01-19,231667319,dei:EntityCommonStockSharesOutstanding
WDC,2011-05-02,2011-04-20,232401502,dei:EntityCommonStockSharesOutstanding
WDC,2011-08-12,2011-08-03,233191524,dei:EntityCommonStockSharesOutstanding
WDC,2011-10-28,2011-10-20,233790441,dei:EntityCommonStockSharesOutstanding
WDC,2012-01-27,2012-01-19,234930822,dei:EntityCommonStockSharesOutstanding
WDC,2012-05-09,2012-05-04,260026442,dei:EntityCommonStockSharesOutstanding
WDC,2012-08-20,2012-08-09,247262090,dei:EntityCommonStockSharesOutstanding
WDC,2012-11-02,2012-10-25,243601814,dei:EntityCommonStockSharesOutstanding
WDC,2013-02-01,2013-01-23,240665370,dei:EntityCommonStockSharesOutstanding
WDC,2013-05-03,2013-04-24,236383177,dei:EntityCommonStockSharesOutstanding
WDC,2013-08-19,2013-08-08,236996062,dei:EntityCommonStockSharesOutstanding
WDC,2013-10-29,2013-10-23,236317992,dei:EntityCommonStockSharesOutstanding
WDC,2014-01-31,2014-01-22,236261586,dei:EntityCommonStockSharesOutstanding
WDC,2014-05-05,2014-04-23,235068588,dei:EntityCommonStockSharesOutstanding
WDC,2014-08-15,2014-08-07,234011170,dei:EntityCommonStockSharesOutstanding
WDC,2014-11-04,2014-10-30,232201114,dei:EntityCommonStockSharesOutstanding
WDC,2015-02-10,2015-02-05,231031533,dei:EntityCommonStockSharesOutstanding
WDC,2015-05-12,2015-05-06,230912060,dei:EntityCommonStockSharesOutstanding
WDC,2015-08-21,2015-08-13,230402975,dei:EntityCommonStockSharesOutstanding
WDC,2015-11-10,2015-11-04,231715839,dei:EntityCommonStockSharesOutstanding
WDC,2016-02-10,2016-02-08,232770151,dei:EntityCommonStockSharesOutstanding
WDC,2016-05-09,2016-05-04,232996715,dei:EntityCommonStockSharesOutstanding
WDC,2016-08-29,2016-08-11,284264636,dei:EntityCommonStockSharesOutstanding
WDC,2016-11-08,2016-09-30,285473906,dei:EntityCommonStockSharesOutstanding
WDC,2017-02-07,2017-02-03,288070433,dei:EntityCommonStockSharesOutstanding
WDC,2017-05-08,2017-05-03,291242394,dei:EntityCommonStockSharesOutstanding
WDC,2017-08-29,2017-08-16,294875015,dei:EntityCommonStockSharesOutstanding
WDC,2017-11-07,2017-10-31,295786618,dei:EntityCommonStockSharesOutstanding
WDC,2018-02-06,2018-01-30,297560299,dei:EntityCommonStockSharesOutstanding
WDC,2018-05-08,2018-05-01,299242061,dei:EntityCommonStockSharesOutstanding
WDC,2018-08-24,2018-08-15,291356809,dei:EntityCommonStockSharesOutstanding
WDC,2018-11-06,2018-10-30,289424688,dei:EntityCommonStockSharesOutstanding
WDC,2019-02-05,2019-01-29,290850938,dei:EntityCommonStockSharesOutstanding
WDC,2019-05-07,2019-04-30,292997704,dei:EntityCommonStockSharesOutstanding
WDC,2019-08-27,2019-08-14,296003875,dei:EntityCommonStockSharesOutstanding
WDC,2019-11-12,2019-11-01,297404535,dei:EntityCommonStockSharesOutstanding
WDC,2020-02-11,2020-02-04,298931536,dei:EntityCommonStockSharesOutstanding
WDC,2020-05-08,2020-05-05,299701032,dei:EntityCommonStockSharesOutstanding
WDC,2020-08-28,2020-08-19,302525787,dei:EntityCommonStockSharesOutstanding
WDC,2020-11-06,2020-10-30,304245045,dei:EntityCommonStockSharesOutstanding
WDC,2021-02-09,2021-01-29,306097179,dei:EntityCommonStockSharesOutstanding
WDC,2021-05-06,2021-04-29,306452886,dei:EntityCommonStockSharesOutstanding
WDC,2021-08-27,2021-08-18,308748049,dei:EntityCommonStockSharesOutstanding
WDC,2021-11-04,2021-10-28,311622921,dei:EntityCommonStockSharesOutstanding
WDC,2022-02-03,2022-01-27,312917687,dei:EntityCommonStockSharesOutstanding
WDC,2022-05-04,2022-04-27,313167818,dei:EntityCommonStockSharesOutstanding
WDC,2022-08-25,2022-08-11,314492541,dei:EntityCommonStockSharesOutstanding
WDC,2022-11-02,2022-10-26,317650295,dei:EntityCommonStockSharesOutstanding
WDC,2023-02-03,2023-01-25,319322335,dei:EntityCommonStockSharesOutstanding
WDC,2023-05-10,2023-04-26,319937433,dei:EntityCommonStockSharesOutstanding
WDC,2023-08-22,2023-08-04,321895961,dei:EntityCommonStockSharesOutstanding
WDC,2023-11-07,2023-10-25,324243164,dei:EntityCommonStockSharesOutstanding
WDC,2024-02-12,2024-01-24,325859745,dei:EntityCommonStockSharesOutstanding
WDC,2024-04-30,2024-04-22,326524668,dei:EntityCommonStockSharesOutstanding
WDC,2024-08-20,2024-08-07,343451583,dei:EntityCommonStockSharesOutstanding
WDC,2024-10-31,2024-10-22,345708453,dei:EntityCommonStockSharesOutstanding
WDC,2025-01-31,2025-01-22,347823902,dei:EntityCommonStockSharesOutstanding
WDC,2025-05-02,2025-04-25,348878365,dei:EntityCommonStockSharesOutstanding
WDC,2025-08-14,2025-07-23,346922126,dei:EntityCommonStockSharesOutstanding
WDC,2025-10-31,2025-10-23,341899281,dei:EntityCommonStockSharesOutstanding
WDC,2026-01-30,2026-01-22,339037922,dei:EntityCommonStockSharesOutstanding
WDC,2026-05-01,2026-04-23,344682131,dei:EntityCommonStockSharesOutstanding
WFM,2010-08-13,2010-07-04,171898661,dei:EntityCommonStockSharesOutstanding
WFM,2010-11-24,2010-11-19,172953403,dei:EntityCommonStockSharesOutstanding
WFM,2011-02-25,2011-01-16,173564990,dei:EntityCommonStockSharesOutstanding
WFM,2011-05-20,2011-04-10,175712740,dei:EntityCommonStockSharesOutstanding
WFM,2011-08-12,2011-07-03,177185926,dei:EntityCommonStockSharesOutstanding
WFM,2011-11-23,2011-11-18,179500346,dei:EntityCommonStockSharesOutstanding
WFM,2012-02-24,2012-02-17,182367819,dei:EntityCommonStockSharesOutstanding
WFM,2012-05-17,2012-05-11,183563879,dei:EntityCommonStockSharesOutstanding
WFM,2012-08-03,2012-07-27,184667400,dei:EntityCommonStockSharesOutstanding
WFM,2012-11-21,2012-11-16,185524944,dei:EntityCommonStockSharesOutstanding
WFM,2013-02-22,2013-02-15,185331980,dei:EntityCommonStockSharesOutstanding
WFM,2013-05-17,2013-05-10,185447031,dei:EntityCommonStockSharesOutstanding
WFM,2013-08-09,2013-08-02,372512876,dei:EntityCommonStockSharesOutstanding
WFM,2013-11-22,2013-11-15,372138322,dei:EntityCommonStockSharesOutstanding
WFM,2014-02-21,2014-02-14,371969999,dei:EntityCommonStockSharesOutstanding
WFM,2014-05-16,2014-05-09,367573070,dei:EntityCommonStockSharesOutstanding
WFM,2014-08-08,2014-08-01,361245229,dei:EntityCommonStockSharesOutstanding
WFM,2014-11-21,2014-11-18,359747100,dei:EntityCommonStockSharesOutstanding
WFM,2015-02-27,2015-02-20,360763460,dei:EntityCommonStockSharesOutstanding
WFM,2015-05-15,2015-05-08,358279743,dei:EntityCommonStockSharesOutstanding
WFM,2015-08-07,2015-07-31,357858014,dei:EntityCommonStockSharesOutstanding
WFM,2015-11-13,2015-11-11,341268311,dei:EntityCommonStockSharesOutstanding
WFM,2016-02-26,2016-02-19,324615927,dei:EntityCommonStockSharesOutstanding
WFM,2016-05-13,2016-05-12,321027212,dei:EntityCommonStockSharesOutstanding
WFM,2016-08-05,2016-07-29,318804485,dei:EntityCommonStockSharesOutstanding
WFM,2016-11-18,2016-11-11,318405710,dei:EntityCommonStockSharesOutstanding
WFM,2017-02-16,2017-02-10,318564535,dei:EntityCommonStockSharesOutstanding
WFM,2017-05-19,2017-05-12,319564636,dei:EntityCommonStockSharesOutstanding
WFM,2017-08-04,2017-07-30,320251710,dei:EntityCommonStockSharesOutstanding
WFM,2017-11-17,2017-11-10,100,dei:EntityCommonStockSharesOutstanding
WLTW,2011-05-10,2011-04-30,172030207,dei:EntityCommonStockSharesOutstanding
WLTW,2011-08-19,2011-07-29,173040762,dei:EntityCommonStockSharesOutstanding
WLTW,2011-11-09,2011-11-04,173552702,dei:EntityCommonStockSharesOutstanding
WLTW,2012-02-29,2012-02-29,174139971,dei:EntityCommonStockSharesOutstanding
WLTW,2012-05-10,2012-05-04,173538549,dei:EntityCommonStockSharesOutstanding
WLTW,2012-08-09,2012-08-03,173136128,dei:EntityCommonStockSharesOutstanding
WLTW,2012-11-07,2012-11-02,172935487,dei:EntityCommonStockSharesOutstanding
WLTW,2013-02-28,2013-02-15,173653860,dei:EntityCommonStockSharesOutstanding
WLTW,2013-05-08,2013-05-03,174094830,dei:EntityCommonStockSharesOutstanding
WLTW,2013-08-06,2013-08-02,176217924,dei:EntityCommonStockSharesOutstanding
WLTW,2013-11-05,2013-10-31,177768767,dei:EntityCommonStockSharesOutstanding
WLTW,2014-02-27,2014-02-14,179021595,dei:EntityCommonStockSharesOutstanding
WLTW,2014-05-09,2014-05-02,178845855,dei:EntityCommonStockSharesOutstanding
WLTW,2014-08-06,2014-08-01,178385042,dei:EntityCommonStockSharesOutstanding
WLTW,2014-11-06,2014-10-31,177095255,dei:EntityCommonStockSharesOutstanding
WLTW,2015-02-24,2015-02-20,179479552,dei:EntityCommonStockSharesOutstanding
WLTW,2015-05-06,2015-05-01,179316364,dei:EntityCommonStockSharesOutstanding
WLTW,2015-08-06,2015-07-31,179663038,dei:EntityCommonStockSharesOutstanding
WLTW,2015-11-05,2015-10-30,180214332,dei:EntityCommonStockSharesOutstanding
WLTW,2016-02-29,2016-02-26,138172062,dei:EntityCommonStockSharesOutstanding
WLTW,2016-05-10,2016-04-30,138440802,dei:EntityCommonStockSharesOutstanding
WLTW,2016-08-09,2016-07-29,138050742,dei:EntityCommonStockSharesOutstanding
WLTW,2016-11-07,2016-11-02,136746409,dei:EntityCommonStockSharesOutstanding
WLTW,2017-03-01,2017-02-24,135527821,dei:EntityCommonStockSharesOutstanding
WLTW,2017-05-09,2017-05-02,135192486,dei:EntityCommonStockSharesOutstanding
WLTW,2017-08-07,2017-08-01,134288846,dei:EntityCommonStockSharesOutstanding
WLTW,2017-11-06,2017-11-01,132038819,dei:EntityCommonStockSharesOutstanding
WLTW,2018-02-28,2018-02-23,132216177,dei:EntityCommonStockSharesOutstanding
WLTW,2018-05-08,2018-05-02,131839945,dei:EntityCommonStockSharesOutstanding
WLTW,2018-08-06,2018-08-01,130769522,dei:EntityCommonStockSharesOutstanding
WLTW,2018-11-02,2018-10-31,129938567,dei:EntityCommonStockSharesOutstanding
WLTW,2019-02-27,2019-02-22,129101873,dei:EntityCommonStockSharesOutstanding
WLTW,2019-05-03,2019-04-30,129236178,dei:EntityCommonStockSharesOutstanding
WLTW,2019-08-01,2019-07-30,128994464,dei:EntityCommonStockSharesOutstanding
WLTW,2019-11-01,2019-10-29,128572706,dei:EntityCommonStockSharesOutstanding
WLTW,2020-02-26,2020-02-21,128718789,dei:EntityCommonStockSharesOutstanding
WLTW,2020-04-30,2020-04-27,128735691,dei:EntityCommonStockSharesOutstanding
WLTW,2020-07-30,2020-07-27,128858414,dei:EntityCommonStockSharesOutstanding
WLTW,2020-10-29,2020-10-26,128905424,dei:EntityCommonStockSharesOutstanding
WLTW,2021-02-23,2021-02-18,128970531,dei:EntityCommonStockSharesOutstanding
WLTW,2021-04-29,2021-04-26,128976752,dei:EntityCommonStockSharesOutstanding
WLTW,2021-08-04,2021-07-29,129041742,dei:EntityCommonStockSharesOutstanding
WLTW,2021-10-28,2021-10-26,124606097,dei:EntityCommonStockSharesOutstanding
WLTW,2022-02-24,2022-02-18,117745623,dei:EntityCommonStockSharesOutstanding
WLTW,2022-04-28,2022-04-25,111488239,dei:EntityCommonStockSharesOutstanding
WLTW,2022-07-28,2022-07-25,109965562,dei:EntityCommonStockSharesOutstanding
WLTW,2022-10-27,2022-10-25,108237621,dei:EntityCommonStockSharesOutstanding
WLTW,2023-02-24,2023-02-16,106577635,dei:EntityCommonStockSharesOutstanding
WLTW,2023-04-27,2023-04-24,106413057,dei:EntityCommonStockSharesOutstanding
WLTW,2023-07-27,2023-07-24,104822898,dei:EntityCommonStockSharesOutstanding
WLTW,2023-10-26,2023-10-23,103260407,dei:EntityCommonStockSharesOutstanding
WLTW,2024-02-22,2024-02-16,102481452,dei:EntityCommonStockSharesOutstanding
WLTW,2024-04-25,2024-04-22,102235963,dei:EntityCommonStockSharesOutstanding
WLTW,2024-07-25,2024-07-22,101555915,dei:EntityCommonStockSharesOutstanding
WLTW,2024-10-31,2024-10-28,100725472,dei:EntityCommonStockSharesOutstanding
WLTW,2025-02-25,2025-02-19,99692639,dei:EntityCommonStockSharesOutstanding
WLTW,2025-04-24,2025-04-21,99149791,dei:EntityCommonStockSharesOutstanding
WLTW,2025-08-01,2025-07-30,97547991,dei:EntityCommonStockSharesOutstanding
WLTW,2025-10-30,2025-10-28,95748613,dei:EntityCommonStockSharesOutstanding
WLTW,2026-02-25,2026-02-20,94545903,dei:EntityCommonStockSharesOutstanding
WLTW,2026-04-30,2026-04-27,94447976,dei:EntityCommonStockSharesOutstanding
WMT,2009-09-09,2009-09-04,3856826597,dei:EntityCommonStockSharesOutstanding
WMT,2009-12-08,2009-12-03,3810171967,dei:EntityCommonStockSharesOutstanding
WMT,2010-03-30,2010-03-26,3759007514,dei:EntityCommonStockSharesOutstanding
WMT,2010-06-04,2010-06-01,3709648571,dei:EntityCommonStockSharesOutstanding
WMT,2010-09-01,2010-08-27,3636547192,dei:EntityCommonStockSharesOutstanding
WMT,2010-12-06,2010-11-30,3561994294,dei:EntityCommonStockSharesOutstanding
WMT,2011-03-30,2011-03-21,3491198520,dei:EntityCommonStockSharesOutstanding
WMT,2011-06-03,2011-05-31,3472560467,dei:EntityCommonStockSharesOutstanding
WMT,2011-09-01,2011-08-29,3446636800,dei:EntityCommonStockSharesOutstanding
WMT,2011-12-08,2011-12-06,3424697366,dei:EntityCommonStockSharesOutstanding
WMT,2012-03-27,2012-03-22,3404538468,dei:EntityCommonStockSharesOutstanding
WMT,2012-06-01,2012-05-29,3383540898,dei:EntityCommonStockSharesOutstanding
WMT,2012-09-06,2012-08-31,3361444307,dei:EntityCommonStockSharesOutstanding
WMT,2012-12-04,2012-11-30,3345237845,dei:EntityCommonStockSharesOutstanding
WMT,2013-03-26,2013-03-22,3292443366,dei:EntityCommonStockSharesOutstanding
WMT,2013-06-07,2013-06-04,3276677691,dei:EntityCommonStockSharesOutstanding
WMT,2013-09-05,2013-09-03,3255456108,dei:EntityCommonStockSharesOutstanding
WMT,2013-10-21,2013-10-17,3244066165,dei:EntityCommonStockSharesOutstanding
WMT,2013-12-06,2013-12-04,3235772430,dei:EntityCommonStockSharesOutstanding
WMT,2014-03-21,2014-03-18,3229175401,dei:EntityCommonStockSharesOutstanding
WMT,2014-06-06,2014-06-04,3223604679,dei:EntityCommonStockSharesOutstanding
WMT,2014-09-05,2014-09-03,3222513219,dei:EntityCommonStockSharesOutstanding
WMT,2014-12-01,2014-11-26,3223189895,dei:EntityCommonStockSharesOutstanding
WMT,2015-04-01,2015-03-30,3226062652,dei:EntityCommonStockSharesOutstanding
WMT,2015-06-05,2015-06-03,3220548651,dei:EntityCommonStockSharesOutstanding
WMT,2015-09-09,2015-09-08,3205941803,dei:EntityCommonStockSharesOutstanding
WMT,2015-12-02,2015-11-30,3201893234,dei:EntityCommonStockSharesOutstanding
WMT,2016-03-30,2016-03-28,3144335104,dei:EntityCommonStockSharesOutstanding
WMT,2016-06-03,2016-06-01,3116646721,dei:EntityCommonStockSharesOutstanding
WMT,2016-08-31,2016-08-29,3093257531,dei:EntityCommonStockSharesOutstanding
WMT,2016-12-01,2016-11-28,3073190306,dei:EntityCommonStockSharesOutstanding
WMT,2017-03-31,2017-03-29,3033009079,dei:EntityCommonStockSharesOutstanding
WMT,2017-06-02,2017-05-31,3014499132,dei:EntityCommonStockSharesOutstanding
WMT,2017-08-31,2017-08-29,2987201643,dei:EntityCommonStockSharesOutstanding
WMT,2017-12-01,2017-11-29,2962381445,dei:EntityCommonStockSharesOutstanding
WMT,2018-03-30,2018-03-28,2950696818,dei:EntityCommonStockSharesOutstanding
WMT,2018-06-04,2018-05-31,2950844393,dei:EntityCommonStockSharesOutstanding
WMT,2018-09-06,2018-09-04,2928734576,dei:EntityCommonStockSharesOutstanding
WMT,2018-11-30,2018-11-28,2905260059,dei:EntityCommonStockSharesOutstanding
WMT,2019-03-28,2019-03-26,2869684230,dei:EntityCommonStockSharesOutstanding
WMT,2019-06-07,2019-06-05,2854722137,dei:EntityCommonStockSharesOutstanding
WMT,2019-09-06,2019-09-04,2844284080,dei:EntityCommonStockSharesOutstanding
WMT,2019-12-04,2019-12-02,2837174936,dei:EntityCommonStockSharesOutstanding
WMT,2020-03-20,2020-03-18,2832277220,dei:EntityCommonStockSharesOutstanding
WMT,2020-06-03,2020-06-01,2831953450,dei:EntityCommonStockSharesOutstanding
WMT,2020-09-02,2020-08-31,2833752938,dei:EntityCommonStockSharesOutstanding
WMT,2020-12-02,2020-11-30,2829285926,dei:EntityCommonStockSharesOutstanding
WMT,2021-03-19,2021-03-17,2817071695,dei:EntityCommonStockSharesOutstanding
WMT,2021-06-04,2021-06-02,2802145927,dei:EntityCommonStockSharesOutstanding
WMT,2021-09-02,2021-08-31,2788497816,dei:EntityCommonStockSharesOutstanding
WMT,2021-12-01,2021-11-29,2773878458,dei:EntityCommonStockSharesOutstanding
WMT,2022-03-18,2022-03-16,2751779629,dei:EntityCommonStockSharesOutstanding
WMT,2022-06-03,2022-06-01,2741150050,dei:EntityCommonStockSharesOutstanding
WMT,2022-09-02,2022-08-31,2714237937,dei:EntityCommonStockSharesOutstanding
WMT,2022-12-01,2022-11-29,2696800054,dei:EntityCommonStockSharesOutstanding
WMT,2023-03-17,2023-03-15,2695655933,dei:EntityCommonStockSharesOutstanding
WMT,2023-06-02,2023-05-31,2692835112,dei:EntityCommonStockSharesOutstanding
WMT,2023-09-01,2023-08-30,2691563850,dei:EntityCommonStockSharesOutstanding
WMT,2023-11-30,2023-11-28,2692233703,dei:EntityCommonStockSharesOutstanding
WMT,2024-03-15,2024-03-13,8058048674,dei:EntityCommonStockSharesOutstanding
WMT,2024-06-07,2024-06-05,8043543330,dei:EntityCommonStockSharesOutstanding
WMT,2024-08-30,2024-08-28,8038251174,dei:EntityCommonStockSharesOutstanding
WMT,2024-12-06,2024-12-04,8033386215,dei:EntityCommonStockSharesOutstanding
WMT,2025-03-14,2025-03-12,8016849444,dei:EntityCommonStockSharesOutstanding
WMT,2025-06-06,2025-06-04,7980418164,dei:EntityCommonStockSharesOutstanding
WMT,2025-08-29,2025-08-27,7972851122,dei:EntityCommonStockSharesOutstanding
WMT,2025-12-03,2025-12-02,7970166964,dei:EntityCommonStockSharesOutstanding
WMT,2026-03-13,2026-03-11,7972402501,dei:EntityCommonStockSharesOutstanding
WMT,2026-05-29,2026-05-27,7958079155,dei:EntityCommonStockSharesOutstanding
WYNN,2010-08-09,2010-08-02,123508349,dei:EntityCommonStockSharesOutstanding
WYNN,2010-11-08,2010-11-01,123946173,dei:EntityCommonStockSharesOutstanding
WYNN,2011-03-01,2011-02-15,124620408,dei:EntityCommonStockSharesOutstanding
WYNN,2011-05-09,2011-04-30,124757759,dei:EntityCommonStockSharesOutstanding
WYNN,2011-08-09,2011-08-01,124948570,dei:EntityCommonStockSharesOutstanding
WYNN,2011-11-09,2011-11-01,124957158,dei:EntityCommonStockSharesOutstanding
WYNN,2012-02-29,2012-02-23,100527776,dei:EntityCommonStockSharesOutstanding
WYNN,2012-05-10,2012-04-30,100512724,dei:EntityCommonStockSharesOutstanding
WYNN,2012-08-09,2012-07-31,100522136,dei:EntityCommonStockSharesOutstanding
WYNN,2012-11-09,2012-10-31,100581636,dei:EntityCommonStockSharesOutstanding
WYNN,2013-03-01,2013-02-15,100982712,dei:EntityCommonStockSharesOutstanding
WYNN,2013-05-10,2013-04-30,101005713,dei:EntityCommonStockSharesOutstanding
WYNN,2013-08-09,2013-07-31,101102388,dei:EntityCommonStockSharesOutstanding
WYNN,2013-11-12,2013-10-31,101155304,dei:EntityCommonStockSharesOutstanding
WYNN,2014-02-28,2014-02-14,101212217,dei:EntityCommonStockSharesOutstanding
WYNN,2014-05-09,2014-04-30,101257217,dei:EntityCommonStockSharesOutstanding
WYNN,2014-08-08,2014-07-31,101348344,dei:EntityCommonStockSharesOutstanding
WYNN,2014-11-07,2014-10-31,101349797,dei:EntityCommonStockSharesOutstanding
WYNN,2015-03-02,2015-02-13,101525639,dei:EntityCommonStockSharesOutstanding
WYNN,2015-05-08,2015-04-30,101536779,dei:EntityCommonStockSharesOutstanding
WYNN,2015-08-07,2015-07-31,101536779,dei:EntityCommonStockSharesOutstanding
WYNN,2015-11-06,2015-10-31,101568512,dei:EntityCommonStockSharesOutstanding
WYNN,2016-02-29,2016-02-12,101749906,dei:EntityCommonStockSharesOutstanding
WYNN,2016-05-06,2016-04-30,101790911,dei:EntityCommonStockSharesOutstanding
WYNN,2016-08-09,2016-07-30,101790911,dei:EntityCommonStockSharesOutstanding
WYNN,2016-11-04,2016-10-31,101740911,dei:EntityCommonStockSharesOutstanding
WYNN,2017-02-24,2017-02-15,101925222,dei:EntityCommonStockSharesOutstanding
WYNN,2017-05-04,2017-04-30,102363915,dei:EntityCommonStockSharesOutstanding
WYNN,2017-08-04,2017-07-31,102566043,dei:EntityCommonStockSharesOutstanding
WYNN,2017-11-08,2017-10-31,102782543,dei:EntityCommonStockSharesOutstanding
WYNN,2018-02-28,2018-02-15,103017861,dei:EntityCommonStockSharesOutstanding
WYNN,2018-05-09,2018-04-30,108587045,dei:EntityCommonStockSharesOutstanding
WYNN,2018-08-08,2018-07-31,108643901,dei:EntityCommonStockSharesOutstanding
WYNN,2018-11-07,2018-10-31,108738518,dei:EntityCommonStockSharesOutstanding
WYNN,2019-02-28,2019-02-15,107635436,dei:EntityCommonStockSharesOutstanding
WYNN,2019-05-09,2019-04-30,107661737,dei:EntityCommonStockSharesOutstanding
WYNN,2019-08-08,2019-07-31,107615934,dei:EntityCommonStockSharesOutstanding
WYNN,2019-11-06,2019-10-31,107354606,dei:EntityCommonStockSharesOutstanding
WYNN,2020-02-28,2020-02-14,107516130,dei:EntityCommonStockSharesOutstanding
WYNN,2020-05-08,2020-04-27,107868264,dei:EntityCommonStockSharesOutstanding
WYNN,2020-08-06,2020-07-27,107847969,dei:EntityCommonStockSharesOutstanding
WYNN,2020-11-09,2020-10-26,107870602,dei:EntityCommonStockSharesOutstanding
WYNN,2021-02-26,2021-02-16,115615473,dei:EntityCommonStockSharesOutstanding
WYNN,2021-05-10,2021-04-30,115658123,dei:EntityCommonStockSharesOutstanding
WYNN,2021-08-09,2021-07-27,115671633,dei:EntityCommonStockSharesOutstanding
WYNN,2021-11-09,2021-10-26,115657896,dei:EntityCommonStockSharesOutstanding
WYNN,2022-02-28,2022-02-16,115898704,dei:EntityCommonStockSharesOutstanding
WYNN,2022-05-10,2022-05-03,115964950,dei:EntityCommonStockSharesOutstanding
WYNN,2022-08-09,2022-08-02,113729619,dei:EntityCommonStockSharesOutstanding
WYNN,2022-11-09,2022-11-01,113313591,dei:EntityCommonStockSharesOutstanding
WYNN,2023-02-27,2023-02-14,113687786,dei:EntityCommonStockSharesOutstanding
WYNN,2023-05-09,2023-05-02,113797866,dei:EntityCommonStockSharesOutstanding
WYNN,2023-08-09,2023-08-01,113936334,dei:EntityCommonStockSharesOutstanding
WYNN,2023-11-09,2023-10-31,112945993,dei:EntityCommonStockSharesOutstanding
WYNN,2024-02-23,2024-02-14,112078263,dei:EntityCommonStockSharesOutstanding
WYNN,2024-05-07,2024-05-01,112070861,dei:EntityCommonStockSharesOutstanding
WYNN,2024-08-06,2024-07-31,110991627,dei:EntityCommonStockSharesOutstanding
WYNN,2024-11-04,2024-10-29,109814972,dei:EntityCommonStockSharesOutstanding
WYNN,2025-02-13,2025-02-04,106401372,dei:EntityCommonStockSharesOutstanding
WYNN,2025-05-06,2025-04-30,104554301,dei:EntityCommonStockSharesOutstanding
WYNN,2025-08-07,2025-07-30,103976531,dei:EntityCommonStockSharesOutstanding
WYNN,2025-11-06,2025-10-31,103974479,dei:EntityCommonStockSharesOutstanding
WYNN,2026-03-02,2026-02-18,104283291,dei:EntityCommonStockSharesOutstanding
WYNN,2026-05-07,2026-04-30,103786729,dei:EntityCommonStockSharesOutstanding
XEL,2009-07-31,2009-07-17,455725244,dei:EntityCommonStockSharesOutstanding
XEL,2009-10-30,2009-10-26,456645598,dei:EntityCommonStockSharesOutstanding
XEL,2010-02-26,2010-02-22,458171771,dei:EntityCommonStockSharesOutstanding
XEL,2010-04-30,2010-04-26,459565063,dei:EntityCommonStockSharesOutstanding
XEL,2010-07-30,2010-07-19,459640918,dei:EntityCommonStockSharesOutstanding
XEL,2010-10-29,2010-10-21,460112922,dei:EntityCommonStockSharesOutstanding
XEL,2011-02-28,2011-02-28,482686603,dei:EntityCommonStockSharesOutstanding
XEL,2011-04-29,2011-04-19,484176449,dei:EntityCommonStockSharesOutstanding
XEL,2011-07-29,2011-07-19,484557036,dei:EntityCommonStockSharesOutstanding
XEL,2011-10-28,2011-10-20,484955743,dei:EntityCommonStockSharesOutstanding
XEL,2012-02-24,2012-02-29,486828501,dei:EntityCommonStockSharesOutstanding
XEL,2012-04-27,2012-04-19,486943183,dei:EntityCommonStockSharesOutstanding
XEL,2012-08-03,2012-07-26,487553810,dei:EntityCommonStockSharesOutstanding
XEL,2012-10-26,2012-10-18,487619543,dei:EntityCommonStockSharesOutstanding
XEL,2013-02-22,2013-02-14,488284020,dei:EntityCommonStockSharesOutstanding
XEL,2013-05-03,2013-04-26,497239284,dei:EntityCommonStockSharesOutstanding
XEL,2013-08-02,2013-07-26,497570936,dei:EntityCommonStockSharesOutstanding
XEL,2013-10-25,2013-10-18,497639485,dei:EntityCommonStockSharesOutstanding
XEL,2014-02-21,2014-02-17,498288164,dei:EntityCommonStockSharesOutstanding
XEL,2014-05-02,2014-04-28,501969728,dei:EntityCommonStockSharesOutstanding
XEL,2014-08-01,2014-07-25,505370152,dei:EntityCommonStockSharesOutstanding
XEL,2014-10-31,2014-10-24,505685923,dei:EntityCommonStockSharesOutstanding
XEL,2015-02-20,2015-02-16,505984840,dei:EntityCommonStockSharesOutstanding
XEL,2015-05-01,2015-04-27,506914489,dei:EntityCommonStockSharesOutstanding
XEL,2015-07-31,2015-07-27,507211342,dei:EntityCommonStockSharesOutstanding
XEL,2015-10-30,2015-10-26,507496978,dei:EntityCommonStockSharesOutstanding
XEL,2016-02-19,2016-02-15,507553673,dei:EntityCommonStockSharesOutstanding
XEL,2016-05-10,2016-05-04,507952795,dei:EntityCommonStockSharesOutstanding
XEL,2016-08-04,2016-08-01,507952795,dei:EntityCommonStockSharesOutstanding
XEL,2016-10-28,2016-10-24,507952795,dei:EntityCommonStockSharesOutstanding
XEL,2017-02-24,2017-02-20,507222795,dei:EntityCommonStockSharesOutstanding
XEL,2017-04-28,2017-04-24,507762881,dei:EntityCommonStockSharesOutstanding
XEL,2017-07-28,2017-07-24,507762881,dei:EntityCommonStockSharesOutstanding
XEL,2017-10-27,2017-10-23,507762881,dei:EntityCommonStockSharesOutstanding
XEL,2018-02-23,2018-02-19,508064983,dei:EntityCommonStockSharesOutstanding
XEL,2018-04-27,2018-04-23,508856950,dei:EntityCommonStockSharesOutstanding
XEL,2018-07-27,2018-07-23,509087107,dei:EntityCommonStockSharesOutstanding
XEL,2018-10-26,2018-10-19,513848752,dei:EntityCommonStockSharesOutstanding
XEL,2019-02-22,2019-02-14,514211368,dei:EntityCommonStockSharesOutstanding
XEL,2019-04-26,2019-04-18,514673191,dei:EntityCommonStockSharesOutstanding
XEL,2019-08-01,2019-07-25,515010683,dei:EntityCommonStockSharesOutstanding
XEL,2019-10-25,2019-10-17,524388096,dei:EntityCommonStockSharesOutstanding
XEL,2020-02-21,2020-02-13,524669024,dei:EntityCommonStockSharesOutstanding
XEL,2020-05-07,2020-04-30,525170820,dei:EntityCommonStockSharesOutstanding
XEL,2020-07-31,2020-07-28,525342304,dei:EntityCommonStockSharesOutstanding
XEL,2020-10-29,2020-10-19,525457773,dei:EntityCommonStockSharesOutstanding
XEL,2021-02-17,2021-02-11,537648833,dei:EntityCommonStockSharesOutstanding
XEL,2021-04-29,2021-04-22,538206800,dei:EntityCommonStockSharesOutstanding
XEL,2021-07-29,2021-07-22,538436651,dei:EntityCommonStockSharesOutstanding
XEL,2021-10-28,2021-10-26,538675570,dei:EntityCommonStockSharesOutstanding
XEL,2022-02-23,2022-02-17,544213730,dei:EntityCommonStockSharesOutstanding
XEL,2022-04-28,2022-04-21,544653284,dei:EntityCommonStockSharesOutstanding
XEL,2022-07-28,2022-07-21,546991330,dei:EntityCommonStockSharesOutstanding
XEL,2022-10-27,2022-10-25,547248496,dei:EntityCommonStockSharesOutstanding
XEL,2023-02-23,2023-02-16,549847034,dei:EntityCommonStockSharesOutstanding
XEL,2023-04-27,2023-04-24,550356331,dei:EntityCommonStockSharesOutstanding
XEL,2023-07-27,2023-07-25,551532742,dei:EntityCommonStockSharesOutstanding
XEL,2023-10-27,2023-10-24,551816319,dei:EntityCommonStockSharesOutstanding
XEL,2024-02-21,2024-02-15,555155770,dei:EntityCommonStockSharesOutstanding
XEL,2024-04-25,2024-04-22,555639439,dei:EntityCommonStockSharesOutstanding
XEL,2024-08-01,2024-07-30,557500681,dei:EntityCommonStockSharesOutstanding
XEL,2024-10-31,2024-10-28,574241745,dei:EntityCommonStockSharesOutstanding
XEL,2025-02-27,2025-02-20,574552694,dei:EntityCommonStockSharesOutstanding
XEL,2025-04-24,2025-04-17,576760613,dei:EntityCommonStockSharesOutstanding
XEL,2025-07-31,2025-07-29,591426177,dei:EntityCommonStockSharesOutstanding
XEL,2025-10-30,2025-10-28,591539773,dei:EntityCommonStockSharesOutstanding
XEL,2026-02-25,2026-02-19,623876813,dei:EntityCommonStockSharesOutstanding
XEL,2026-04-30,2026-04-28,624269560,dei:EntityCommonStockSharesOutstanding
XLNX,2010-08-09,2010-07-23,258831177,dei:EntityCommonStockSharesOutstanding
XLNX,2010-11-08,2010-10-22,259116334,dei:EntityCommonStockSharesOutstanding
XLNX,2011-02-08,2011-01-21,261060301,dei:EntityCommonStockSharesOutstanding
XLNX,2011-05-31,2011-05-20,265625429,dei:EntityCommonStockSharesOutstanding
XLNX,2011-08-09,2011-07-22,265158757,dei:EntityCommonStockSharesOutstanding
XLNX,2011-11-08,2011-10-21,262461679,dei:EntityCommonStockSharesOutstanding
XLNX,2012-02-07,2012-01-20,261834630,dei:EntityCommonStockSharesOutstanding
XLNX,2012-05-25,2012-05-11,263904412,dei:EntityCommonStockSharesOutstanding
XLNX,2012-08-03,2012-07-20,262169961,dei:EntityCommonStockSharesOutstanding
XLNX,2012-11-02,2012-10-19,260922630,dei:EntityCommonStockSharesOutstanding
XLNX,2013-02-01,2013-01-18,261561672,dei:EntityCommonStockSharesOutstanding
XLNX,2013-05-23,2013-05-10,263863503,dei:EntityCommonStockSharesOutstanding
XLNX,2013-07-31,2013-07-19,266297580,dei:EntityCommonStockSharesOutstanding
XLNX,2013-10-28,2013-10-18,268313590,dei:EntityCommonStockSharesOutstanding
XLNX,2014-01-30,2014-01-17,266854824,dei:EntityCommonStockSharesOutstanding
XLNX,2014-05-16,2014-05-09,268794081,dei:EntityCommonStockSharesOutstanding
XLNX,2014-07-28,2014-07-18,268481840,dei:EntityCommonStockSharesOutstanding
XLNX,2014-10-27,2014-10-17,264455283,dei:EntityCommonStockSharesOutstanding
XLNX,2015-01-30,2015-01-16,261437324,dei:EntityCommonStockSharesOutstanding
XLNX,2015-05-13,2015-04-24,258596234,dei:EntityCommonStockSharesOutstanding
XLNX,2015-07-31,2015-07-17,258657885000,dei:EntityCommonStockSharesOutstanding
XLNX,2015-10-28,2015-10-16,256975016,dei:EntityCommonStockSharesOutstanding
XLNX,2016-01-29,2016-01-15,255539932,dei:EntityCommonStockSharesOutstanding
XLNX,2016-05-17,2016-04-25,253728000,dei:EntityCommonStockSharesOutstanding
XLNX,2016-07-28,2016-07-15,253482124,dei:EntityCommonStockSharesOutstanding
XLNX,2016-10-27,2016-10-14,252511321,dei:EntityCommonStockSharesOutstanding
XLNX,2017-01-26,2017-01-13,248934802,dei:EntityCommonStockSharesOutstanding
XLNX,2017-05-15,2017-04-21,248050000,dei:EntityCommonStockSharesOutstanding
XLNX,2017-07-28,2017-07-14,248601515,dei:EntityCommonStockSharesOutstanding
XLNX,2017-10-26,2017-10-13,250952891,dei:EntityCommonStockSharesOutstanding
XLNX,2018-01-26,2018-01-12,254815224,dei:EntityCommonStockSharesOutstanding
XLNX,2018-05-15,2018-04-27,253404000,dei:EntityCommonStockSharesOutstanding
XLNX,2018-07-27,2018-07-13,252913557,dei:EntityCommonStockSharesOutstanding
XLNX,2018-10-25,2018-10-12,253043435,dei:EntityCommonStockSharesOutstanding
XLNX,2019-01-25,2019-01-11,253163895,dei:EntityCommonStockSharesOutstanding
XLNX,2019-05-10,2019-04-26,253920000,dei:EntityCommonStockSharesOutstanding
XLNX,2019-07-26,2019-07-12,252604743,dei:EntityCommonStockSharesOutstanding
XLNX,2019-10-25,2019-10-11,251467392,dei:EntityCommonStockSharesOutstanding
XLNX,2020-01-28,2020-01-10,248836561,dei:EntityCommonStockSharesOutstanding
XLNX,2020-05-08,2020-04-24,243846000,dei:EntityCommonStockSharesOutstanding
XLNX,2020-07-31,2020-07-10,244314000,dei:EntityCommonStockSharesOutstanding
XLNX,2020-10-22,2020-10-09,245059000,dei:EntityCommonStockSharesOutstanding
XLNX,2021-01-28,2021-01-15,245277000,dei:EntityCommonStockSharesOutstanding
XLNX,2021-05-14,2021-04-30,245840000,dei:EntityCommonStockSharesOutstanding
XLNX,2021-07-30,2021-07-16,247468170,dei:EntityCommonStockSharesOutstanding
XLNX,2021-10-28,2021-10-15,247880415,dei:EntityCommonStockSharesOutstanding
XLNX,2022-01-27,2022-01-14,248382008,dei:EntityCommonStockSharesOutstanding
XRAY,2009-07-30,2009-07-29,148592159,dei:EntityCommonStockSharesOutstanding
XRAY,2009-10-30,2009-10-29,148503212,dei:EntityCommonStockSharesOutstanding
XRAY,2010-02-22,2010-02-16,147173059,dei:EntityCommonStockSharesOutstanding
XRAY,2010-04-29,2010-04-26,146352495,dei:EntityCommonStockSharesOutstanding
XRAY,2010-07-29,2010-07-26,142821937,dei:EntityCommonStockSharesOutstanding
XRAY,2010-10-28,2010-10-25,142099209,dei:EntityCommonStockSharesOutstanding
XRAY,2011-02-18,2011-02-14,142145313,dei:EntityCommonStockSharesOutstanding
XRAY,2011-04-28,2011-04-25,140775468,dei:EntityCommonStockSharesOutstanding
XRAY,2011-07-28,2011-07-25,141330451,dei:EntityCommonStockSharesOutstanding
XRAY,2011-11-07,2011-10-28,141556103,dei:EntityCommonStockSharesOutstanding
XRAY,2012-02-24,2012-02-21,142040786,dei:EntityCommonStockSharesOutstanding
XRAY,2012-05-02,2012-04-26,141749263,dei:EntityCommonStockSharesOutstanding
XRAY,2012-07-31,2012-07-27,141784960,dei:EntityCommonStockSharesOutstanding
XRAY,2012-10-25,2012-10-22,141928671,dei:EntityCommonStockSharesOutstanding
XRAY,2013-02-20,2013-02-14,142849900,dei:EntityCommonStockSharesOutstanding
XRAY,2013-05-09,2013-05-06,143282565,dei:EntityCommonStockSharesOutstanding
XRAY,2013-08-01,2013-07-24,142288292,dei:EntityCommonStockSharesOutstanding
XRAY,2013-10-29,2013-10-22,142652236,dei:EntityCommonStockSharesOutstanding
XRAY,2014-02-20,2014-02-13,141813505,dei:EntityCommonStockSharesOutstanding
XRAY,2014-05-06,2014-04-29,141792228,dei:EntityCommonStockSharesOutstanding
XRAY,2014-07-31,2014-07-23,141777636,dei:EntityCommonStockSharesOutstanding
XRAY,2014-10-29,2014-10-22,141529741,dei:EntityCommonStockSharesOutstanding
XRAY,2015-02-20,2015-02-10,140351339,dei:EntityCommonStockSharesOutstanding
XRAY,2015-05-06,2015-04-28,139815027,dei:EntityCommonStockSharesOutstanding
XRAY,2015-07-30,2015-07-21,139808237,dei:EntityCommonStockSharesOutstanding
XRAY,2015-10-30,2015-10-27,139866493,dei:EntityCommonStockSharesOutstanding
XRAY,2016-02-12,2016-02-02,140122034,dei:EntityCommonStockSharesOutstanding
XRAY,2016-05-06,2016-04-28,234230941,dei:EntityCommonStockSharesOutstanding
XRAY,2016-08-05,2016-07-28,233012331,dei:EntityCommonStockSharesOutstanding
XRAY,2016-11-04,2016-10-27,230880470,dei:EntityCommonStockSharesOutstanding
XRAY,2017-03-01,2017-02-21,229680818,dei:EntityCommonStockSharesOutstanding
XRAY,2017-05-10,2017-05-05,229229908,dei:EntityCommonStockSharesOutstanding
XRAY,2017-08-09,2017-07-31,229501846,dei:EntityCommonStockSharesOutstanding
XRAY,2017-11-09,2017-10-26,229682907,dei:EntityCommonStockSharesOutstanding
XRAY,2018-03-15,2018-03-08,227375099,dei:EntityCommonStockSharesOutstanding
XRAY,2018-05-07,2018-04-26,227438501,dei:EntityCommonStockSharesOutstanding
XRAY,2018-08-07,2018-07-26,222344874,dei:EntityCommonStockSharesOutstanding
XRAY,2018-11-08,2018-10-31,222547625,dei:EntityCommonStockSharesOutstanding
XRAY,2019-03-08,2019-02-21,223218138,dei:EntityCommonStockSharesOutstanding
XRAY,2019-05-03,2019-04-26,233977496,dei:EntityCommonStockSharesOutstanding
XRAY,2019-08-02,2019-07-26,224183464,dei:EntityCommonStockSharesOutstanding
XRAY,2019-11-07,2019-11-05,222413682,dei:EntityCommonStockSharesOutstanding
XRAY,2020-03-02,2020-02-19,221438967,dei:EntityCommonStockSharesOutstanding
XRAY,2020-05-11,2020-05-04,219080440,dei:EntityCommonStockSharesOutstanding
XRAY,2020-08-06,2020-08-03,218496392,dei:EntityCommonStockSharesOutstanding
XRAY,2020-11-05,2020-11-03,218555259,dei:EntityCommonStockSharesOutstanding
XRAY,2021-03-01,2021-02-19,219048498,dei:EntityCommonStockSharesOutstanding
XRAY,2021-05-06,2021-05-03,218318121,dei:EntityCommonStockSharesOutstanding
XRAY,2021-08-05,2021-08-03,218550601,dei:EntityCommonStockSharesOutstanding
XRAY,2021-11-04,2021-11-02,218607026,dei:EntityCommonStockSharesOutstanding
XRAY,2022-03-01,2022-02-21,217554303,dei:EntityCommonStockSharesOutstanding
XRAY,2022-11-07,2022-11-03,214911886,dei:EntityCommonStockSharesOutstanding
XRAY,2023-03-01,2023-02-16,215361909,dei:EntityCommonStockSharesOutstanding
XRAY,2023-05-03,2023-04-25,212477811,dei:EntityCommonStockSharesOutstanding
XRAY,2023-08-07,2023-07-27,211716006,dei:EntityCommonStockSharesOutstanding
XRAY,2023-11-02,2023-10-30,211860391,dei:EntityCommonStockSharesOutstanding
XRAY,2024-02-29,2024-02-16,207363276,dei:EntityCommonStockSharesOutstanding
XRAY,2024-05-02,2024-04-19,207630556,dei:EntityCommonStockSharesOutstanding
XRAY,2024-07-31,2024-07-19,202713953,dei:EntityCommonStockSharesOutstanding
XRAY,2024-11-07,2024-10-18,198779568,dei:EntityCommonStockSharesOutstanding
XRAY,2025-02-27,2025-02-14,198991963,dei:EntityCommonStockSharesOutstanding
XRAY,2025-05-08,2025-04-18,199293385,dei:EntityCommonStockSharesOutstanding
XRAY,2025-08-07,2025-07-18,199483861,dei:EntityCommonStockSharesOutstanding
XRAY,2025-11-06,2025-10-17,199551969,dei:EntityCommonStockSharesOutstanding
XRAY,2026-02-26,2026-02-20,199749333,dei:EntityCommonStockSharesOutstanding
XRAY,2026-05-05,2026-04-24,200326683,dei:EntityCommonStockSharesOutstanding
YHOO,2009-08-07,2009-07-31,1403390107,dei:EntityCommonStockSharesOutstanding
YHOO,2009-11-06,2009-10-30,1401056288,dei:EntityCommonStockSharesOutstanding
YHOO,2010-02-26,2010-02-19,1400201879,dei:EntityCommonStockSharesOutstanding
YHOO,2010-05-10,2010-04-30,1385062910,dei:EntityCommonStockSharesOutstanding
YHOO,2010-08-09,2010-07-30,1348278127,dei:EntityCommonStockSharesOutstanding
YHOO,2010-11-08,2010-10-29,1303499916,dei:EntityCommonStockSharesOutstanding
YHOO,2011-02-28,2011-02-18,1309412235,dei:EntityCommonStockSharesOutstanding
YHOO,2011-05-10,2011-04-29,1302941429,dei:EntityCommonStockSharesOutstanding
YHOO,2011-08-08,2011-07-29,1262612131,dei:EntityCommonStockSharesOutstanding
YHOO,2011-11-07,2011-10-31,1240298990,dei:EntityCommonStockSharesOutstanding
YHOO,2012-02-29,2012-02-17,1213749472,dei:EntityCommonStockSharesOutstanding
YHOO,2012-05-09,2012-04-30,1218696911,dei:EntityCommonStockSharesOutstanding
YHOO,2012-08-09,2012-07-31,1184617827,dei:EntityCommonStockSharesOutstanding
YHOO,2012-11-08,2012-10-31,1182688258,dei:EntityCommonStockSharesOutstanding
YHOO,2013-03-01,2013-02-15,1101295389,dei:EntityCommonStockSharesOutstanding
YHOO,2013-05-07,2013-04-30,1082634754,dei:EntityCommonStockSharesOutstanding
YHOO,2013-08-08,2013-07-31,1020321185,dei:EntityCommonStockSharesOutstanding
YHOO,2013-11-12,2013-10-31,1014442318,dei:EntityCommonStockSharesOutstanding
YHOO,2014-02-28,2014-02-14,1009392339,dei:EntityCommonStockSharesOutstanding
YHOO,2014-05-08,2014-04-30,1006808134,dei:EntityCommonStockSharesOutstanding
YHOO,2014-08-07,2014-07-31,994603788,dei:EntityCommonStockSharesOutstanding
YHOO,2014-11-07,2014-10-31,947351485,dei:EntityCommonStockSharesOutstanding
YHOO,2015-02-27,2015-02-13,936120954,dei:EntityCommonStockSharesOutstanding
YHOO,2015-05-07,2015-04-30,938442668,dei:EntityCommonStockSharesOutstanding
YHOO,2015-08-07,2015-07-31,941390842,dei:EntityCommonStockSharesOutstanding
YHOO,2015-11-05,2015-10-30,944355144,dei:EntityCommonStockSharesOutstanding
YHOO,2016-02-29,2016-02-12,946811547,dei:EntityCommonStockSharesOutstanding
YHOO,2016-05-10,2016-04-29,949068569,dei:EntityCommonStockSharesOutstanding
YHOO,2016-08-08,2016-07-29,951782587,dei:EntityCommonStockSharesOutstanding
YHOO,2016-11-09,2016-10-28,954124482,dei:EntityCommonStockSharesOutstanding
YHOO,2017-03-01,2017-02-10,956487217,dei:EntityCommonStockSharesOutstanding
YHOO,2017-05-09,2017-04-28,958198997,dei:EntityCommonStockSharesOutstanding
ZM,2019-06-07,2019-04-30,190332759,us-gaap:WeightedAverageNumberOfSharesOutstandingBasic
ZM,2019-09-13,2019-07-31,629274126,us-gaap:WeightedAverageNumberOfSharesOutstandingBasic
ZM,2019-12-09,2019-10-31,661455957,us-gaap:WeightedAverageNumberOfSharesOutstandingBasic
ZM,2020-03-20,2020-01-31,396244295,us-gaap:WeightedAverageNumberOfSharesOutstandingBasic
ZM,2020-06-05,2020-04-30,279891111,us-gaap:WeightedAverageNumberOfSharesOutstandingBasic
ZM,2020-09-03,2020-07-31,564245706,us-gaap:WeightedAverageNumberOfSharesOutstandingBasic
ZM,2020-12-04,2020-10-31,567347487,us-gaap:WeightedAverageNumberOfSharesOutstandingBasic
ZM,2021-03-18,2021-01-31,283853654,us-gaap:WeightedAverageNumberOfSharesOutstandingBasic
ZM,2021-06-02,2021-04-30,293794778,us-gaap:WeightedAverageNumberOfSharesOutstandingBasic
ZM,2021-08-31,2021-07-31,590482294,us-gaap:WeightedAverageNumberOfSharesOutstandingBasic
ZM,2021-11-23,2021-10-31,593022637,us-gaap:WeightedAverageNumberOfSharesOutstandingBasic
ZM,2022-03-07,2022-01-31,296334894,us-gaap:WeightedAverageNumberOfSharesOutstandingBasic
ZM,2022-05-25,2022-04-30,299147105,us-gaap:WeightedAverageNumberOfSharesOutstandingBasic
ZM,2022-08-24,2022-07-31,597419055,us-gaap:WeightedAverageNumberOfSharesOutstandingBasic
ZM,2022-11-23,2022-10-31,593302874,us-gaap:WeightedAverageNumberOfSharesOutstandingBasic
ZM,2023-03-03,2023-01-31,296560501,us-gaap:WeightedAverageNumberOfSharesOutstandingBasic
ZM,2023-05-25,2023-04-30,295409207,us-gaap:WeightedAverageNumberOfSharesOutstandingBasic
ZM,2023-08-23,2023-07-31,596375298,us-gaap:WeightedAverageNumberOfSharesOutstandingBasic
ZM,2023-11-21,2023-10-31,601531181,us-gaap:WeightedAverageNumberOfSharesOutstandingBasic
ZM,2024-03-04,2024-01-31,300748162,us-gaap:WeightedAverageNumberOfSharesOutstandingBasic
ZM,2024-05-22,2024-04-30,308700582,us-gaap:WeightedAverageNumberOfSharesOutstandingBasic
ZM,2024-08-23,2024-07-31,618059417,us-gaap:WeightedAverageNumberOfSharesOutstandingBasic
ZM,2024-11-26,2024-10-31,615973589,us-gaap:WeightedAverageNumberOfSharesOutstandingBasic
ZM,2025-02-28,2025-01-31,307981971,us-gaap:WeightedAverageNumberOfSharesOutstandingBasic
ZM,2025-05-23,2025-04-30,304908652,us-gaap:WeightedAverageNumberOfSharesOutstandingBasic
ZM,2025-08-22,2025-07-31,605133949,us-gaap:WeightedAverageNumberOfSharesOutstandingBasic
ZM,2025-11-25,2025-10-31,600467390,us-gaap:WeightedAverageNumberOfSharesOutstandingBasic
ZM,2026-02-27,2026-01-31,300503787,us-gaap:WeightedAverageNumberOfSharesOutstandingBasic
ZM,2026-05-22,2026-04-30,294434952,us-gaap:WeightedAverageNumberOfSharesOutstandingBasic
ZS,2018-06-07,2018-05-31,119606722,dei:EntityCommonStockSharesOutstanding
ZS,2018-09-13,2018-08-31,119773132,dei:EntityCommonStockSharesOutstanding
ZS,2018-12-06,2018-11-30,122250116,dei:EntityCommonStockSharesOutstanding
ZS,2019-03-06,2019-02-28,124147097,dei:EntityCommonStockSharesOutstanding
ZS,2019-06-05,2019-05-31,125661928,dei:EntityCommonStockSharesOutstanding
ZS,2019-09-18,2019-08-30,127454926,dei:EntityCommonStockSharesOutstanding
ZS,2019-12-06,2019-11-29,127957453,dei:EntityCommonStockSharesOutstanding
ZS,2020-03-04,2020-02-28,129351577,dei:EntityCommonStockSharesOutstanding
ZS,2020-06-03,2020-05-29,130518247,dei:EntityCommonStockSharesOutstanding
ZS,2020-09-17,2020-08-31,132906329,dei:EntityCommonStockSharesOutstanding
ZS,2020-12-08,2020-11-30,134191860,dei:EntityCommonStockSharesOutstanding
ZS,2021-03-04,2021-02-26,135940233,dei:EntityCommonStockSharesOutstanding
ZS,2021-06-03,2021-05-28,136987021,dei:EntityCommonStockSharesOutstanding
ZS,2021-09-16,2021-08-31,138735981,dei:EntityCommonStockSharesOutstanding
ZS,2021-12-08,2021-11-30,140081679,dei:EntityCommonStockSharesOutstanding
ZS,2022-03-09,2022-02-28,141085336,dei:EntityCommonStockSharesOutstanding
ZS,2022-06-09,2022-05-31,141862695,dei:EntityCommonStockSharesOutstanding
ZS,2022-09-15,2022-08-31,143052488,dei:EntityCommonStockSharesOutstanding
ZS,2022-12-07,2022-11-30,144212227,dei:EntityCommonStockSharesOutstanding
ZS,2023-03-08,2023-02-28,145120095,dei:EntityCommonStockSharesOutstanding
ZS,2023-06-07,2023-05-31,145891168,dei:EntityCommonStockSharesOutstanding
ZS,2023-09-14,2023-08-31,147168773,dei:EntityCommonStockSharesOutstanding
ZS,2023-12-06,2023-11-30,148333445,dei:EntityCommonStockSharesOutstanding
ZS,2024-03-06,2024-02-29,149857976,dei:EntityCommonStockSharesOutstanding
ZS,2024-06-07,2024-05-31,151149087,dei:EntityCommonStockSharesOutstanding
ZS,2024-09-12,2024-08-30,152490005,dei:EntityCommonStockSharesOutstanding
ZS,2024-12-05,2024-11-30,153438623,dei:EntityCommonStockSharesOutstanding
ZS,2025-03-10,2025-02-28,154724902,dei:EntityCommonStockSharesOutstanding
ZS,2025-05-29,2025-05-23,155695672,dei:EntityCommonStockSharesOutstanding
ZS,2025-09-11,2025-08-29,158300823,dei:EntityCommonStockSharesOutstanding
ZS,2025-11-25,2025-11-19,159471208,dei:EntityCommonStockSharesOutstanding
ZS,2026-02-26,2026-02-19,160790703,dei:EntityCommonStockSharesOutstanding
ZS,2026-05-26,2026-05-19,161709525,dei:EntityCommonStockSharesOutstanding
